instance,cost_orig,t0,t1,t2,t3,t4,t5,t6,t7,t8,t9,t10,t11,t12,t13,t14,t15,t16,t17,t18,t19,t20,t21,t22,t23,t24,t25,t26,t27,t28,t29,t30,t31,t32,t33,t34,t35,t36,t37,t38,t39,t40,t41,t42,t43,t44,t45,t46,t47,t48,t49,t50,t51,t52,t53,t54,t55,t56,t57,t58,t59,t60,t61,t62,t63,t64,t65,t66,t67,t68,t69,t70,t71,t72,t73,t74,t75,t76,t77,t78,t79,t80,t81,t82,t83,t84,t85,t86,t87,t88,t89,t90,t91,t92,t93,t94,t95,t96,t97,t98,t99
0,1.4319929976700223,0,97,69,72,12,98,9,26,71,44,43,93,38,99,55,67,15,52,18,94,16,60,8,56,11,78,19,24,23,40,62,36,46,76,7,83,53,48,49,20,14,68,5,79,59,4,70,84,50,86,75,91,37,89,65,10,22,57,54,88,35,85,45,82,41,13,6,61,51,77,80,64,73,30,31,42,25,2,39,81,96,63,32,47,17,95,29,27,1,74,3,34,66,92,28,33,90,58,21,87
1,1.5876119816530263,0,3,65,2,31,28,6,53,38,10,33,1,55,46,73,44,36,74,45,8,93,19,20,88,37,21,89,61,76,16,90,11,40,77,4,39,5,57,67,50,14,75,56,18,86,64,32,71,62,48,13,22,63,52,68,82,7,99,66,35,27,96,72,47,26,92,79,51,17,80,70,98,30,42,12,34,9,54,58,24,85,49,91,29,69,23,83,60,43,15,84,87,78,59,81,25,95,94,41,97
2,1.6884379886905663,0,92,25,17,52,61,22,26,35,2,75,9,95,21,3,72,24,48,62,70,79,69,77,99,44,40,46,60,53,74,30,19,32,38,41,67,91,7,63,43,98,20,96,5,84,97,54,12,86,33,36,83,88,51,59,94,80,57,37,15,11,85,81,39,76,58,10,89,16,73,65,71,4,13,56,8,34,6,28,64,27,66,50,42,78,49,1,23,68,18,14,55,47,87,90,31,29,82,93,45
3,1.626929004180056,0,20,41,72,96,62,93,99,26,98,47,39,40,13,94,2,1,25,35,14,61,23,17,97,3,80,75,69,32,84,16,5,8,66,79,48,90,22,71,51,19,73,45,86,68,29,7,18,15,87,12,34,82,64,27,44,77,49,55,28,53,60,67,52,21,59,74,6,31,24,57,38,9,78,4,83,85,65,70,54,30,46,91,89,50,81,36,95,37,58,33,56,42,92,76,43,10,11,63,88
4,1.535123000110616,0,44,90,39,96,85,16,25,17,45,35,59,41,51,23,47,52,89,63,3,65,18,94,27,43,71,9,21,88,28,54,42,36,38,29,4,31,53,93,62,82,74,1,24,99,13,7,8,72,67,92,95,98,50,12,40,56,58,33,55,80,6,77,81,15,22,66,73,11,75,20,49,37,86,34,57,61,2,69,97,70,76,84,30,5,48,26,91,60,19,78,14,79,46,10,32,83,87,68,64
5,1.6786059974765521,0,94,9,59,74,30,56,1,63,86,32,37,26,18,90,27,46,28,60,16,62,38,53,89,81,6,99,47,17,40,83,48,57,20,54,85,66,88,70,75,49,80,76,14,24,42,72,39,44,12,73,4,15,79,65,52,13,96,51,41,98,7,10,31,11,50,29,87,2,33,82,25,55,69,91,64,93,92,58,8,71,84,43,95,19,3,78,21,61,97,68,77,67,35,5,36,34,22,23,45
6,1.7094240020305733,0,36,93,70,73,22,63,81,79,86,1,35,68,72,27,52,29,64,31,13,65,80,98,2,42,45,46,97,6,30,57,66,4,11,59,54,5,24,71,47,41,90,91,49,75,32,96,23,82,99,77,39,62,88,9,87,34,48,55,26,8,10,17,67,95,37,28,16,12,94,19,50,61,89,14,7,15,51,60,84,33,78,92,18,44,20,40,53,38,21,83,74,69,43,56,76,3,25,85,58
7,1.5235199889575597,0,78,95,79,7,80,14,3,9,93,8,81,1,4,92,15,57,98,41,30,86,70,44,87,49,2,31,55,24,88,33,23,32,48,13,52,61,85,96,40,63,76,11,84,69,94,37,91,6,54,90,71,10,17,46,59,45,99,60,66,29,67,25,16,75,39,73,82,74,53,47,42,89,20,65,19,64,62,77,58,50,56,51,22,97,36,21,12,68,72,5,28,18,27,43,38,83,35,26,34
8,1.652696995617589,0,31,86,22,54,41,51,2,74,8,47,57,89,13,83,17,42,24,18,43,11,7,44,27,92,12,40,93,9,55,69,76,25,6,3,78,85,62,5,52,16,77,36,58,45,14,23,35,65,32,26,53,95,61,68,46,70,21,80,79,91,87,38,72,15,34,88,39,50,99,98,81,1,64,71,96,49,20,63,82,56,48,59,28,33,60,73,19,84,4,66,30,97,37,94,10,67,29,75,90
9,1.5215659918221718,0,29,69,52,18,19,37,23,85,45,81,90,57,17,73,5,27,28,36,31,11,9,62,34,55,75,49,65,20,79,92,72,93,60,99,97,46,84,96,30,50,94,77,21,3,61,53,78,7,54,67,63,6,42,58,10,22,35,25,40,14,87,56,15,70,2,8,38,59,68,41,24,48,44,33,89,82,76,98,16,13,26,66,43,64,83,1,47,51,95,74,12,71,86,91,39,88,32,80,4
10,1.4773609999683686,0,71,80,85,24,16,1,84,11,83,64,49,7,9,76,52,31,67,78,72,5,55,18,25,33,50,45,90,89,22,34,56,62,29,13,99,36,48,6,92,97,68,63,91,15,3,96,40,23,20,30,44,75,51,60,61,12,46,57,14,54,32,82,74,38,81,69,8,19,39,53,10,37,70,27,43,21,66,79,42,58,35,47,26,95,4,41,73,87,17,86,59,98,94,88,2,65,77,28,93
11,1.4446759875208954,0,85,94,81,79,38,48,17,75,92,32,45,10,13,47,99,18,50,42,72,41,96,80,54,77,66,5,73,76,53,49,1,71,67,63,59,55,52,24,58,43,7,12,3,30,40,31,64,51,19,84,82,68,9,97,8,37,28,33,15,2,78,22,91,14,44,98,57,69,21,39,23,36,74,46,35,56,89,16,11,4,20,86,6,27,95,83,65,90,60,62,34,93,70,61,87,29,88,26,25
12,1.4705759883363498,0,84,50,63,26,51,73,87,95,36,17,32,70,34,42,79,90,30,66,59,65,48,67,2,40,53,81,47,49,28,25,64,5,41,77,43,98,58,55,89,83,71,97,23,27,93,52,38,20,16,94,35,74,68,37,61,22,19,69,80,54,96,4,9,92,3,88,18,85,56,1,75,7,60,45,33,29,91,13,82,24,62,39,12,21,15,44,72,78,57,8,46,31,6,14,99,76,11,10,86
13,1.514395990932826,0,23,85,46,77,44,71,64,2,52,60,76,13,30,37,91,92,82,45,21,86,75,79,33,20,81,84,10,59,80,73,97,41,63,22,51,58,78,12,65,42,38,4,8,3,49,57,96,40,16,17,9,47,7,56,61,18,83,93,25,32,1,26,24,67,43,89,53,5,69,35,68,36,98,28,11,29,94,34,14,31,62,95,72,87,50,99,70,39,54,88,19,48,66,15,55,90,74,6,27
14,1.6582589968602406,0,71,59,55,5,92,70,56,94,80,91,14,48,87,23,8,21,85,53,35,57,74,67,68,60,12,3,4,28,76,44,16,36,84,37,7,51,99,73,19,45,96,43,32,26,22,90,34,54,61,83,69,78,82,50,46,13,97,63,24,9,66,58,79,65,89,98,39,25,72,31,77,2,33,15,42,27,49,18,40,29,41,62,52,47,93,20,75,30,10,64,88,86,17,38,6,11,95,1,81
15,1.5048759952769615,0,82,88,66,8,80,44,97,4,55,23,34,2,18,60,48,26,15,78,79,43,65,89,41,19,30,47,94,92,39,53,11,21,52,27,22,3,99,12,56,40,7,69,62,49,72,37,32,42,71,59,67,45,58,5,50,73,28,83,86,93,85,76,68,70,46,20,63,87,75,13,38,6,54,95,33,96,14,1,31,74,36,90,61,77,10,91,98,25,16,9,17,24,57,51,84,29,81,64,35
16,1.645179991639452,0,63,93,11,51,68,15,39,3,41,94,45,74,65,2,13,10,83,26,20,91,96,36,37,25,79,48,52,33,66,70,31,18,75,24,58,84,34,17,59,81,23,97,46,8,32,16,57,7,60,54,76,22,86,88,53,89,40,43,69,92,77,72,73,9,38,99,64,6,50,47,78,30,67,98,42,35,62,82,12,85,61,71,90,14,29,21,49,19,27,5,55,28,1,95,80,4,87,44,56
17,1.546082998480415,0,94,38,10,27,68,1,35,44,92,90,95,8,4,65,71,67,15,53,22,75,98,31,74,18,26,14,77,2,87,86,96,59,5,73,28,36,85,19,39,55,12,40,32,91,51,70,29,54,13,60,89,30,78,81,80,66,61,17,84,45,25,11,7,33,99,58,20,56,88,46,76,47,21,24,3,41,97,93,63,62,64,43,37,34,50,6,42,82,57,52,72,49,48,23,9,16,69,83,79
18,1.4699819898232818,0,30,34,78,55,56,66,98,87,16,29,35,79,58,80,67,92,91,57,13,51,44,36,6,4,31,50,83,85,14,94,84,62,9,72,37,64,11,10,25,95,32,2,89,28,46,90,40,18,68,5,21,93,75,15,52,8,88,73,96,82,42,97,53,86,39,22,49,12,19,17,76,48,60,1,45,20,47,27,41,24,3,26,77,65,59,43,81,54,69,99,7,74,23,71,38,61,63,70,33
19,1.8906749936186316,0,26,55,59,11,80,95,74,42,91,65,90,96,19,15,17,35,98,97,50,49,61,64,33,12,71,84,93,73,25,40,99,28,14,67,45,36,8,5,39,22,46,16,7,63,79,52,87,30,70,78,72,32,62,51,57,60,89,29,48,4,43,58,54,34,66,68,6,9,77,44,83,10,88,18,76,2,27,81,20,92,38,75,1,56,69,23,94,41,82,24,21,86,3,53,85,13,47,37,31
20,1.5473169897704793,0,28,19,4,30,17,60,37,86,79,22,34,56,25,23,70,35,91,83,52,65,31,49,43,77,33,51,21,61,68,72,46,44,9,11,27,88,74,2,1,90,40,58,67,38,50,13,36,7,85,8,81,84,75,26,92,32,59,66,76,97,54,94,24,53,57,42,5,87,80,15,29,95,45,20,14,18,39,78,47,10,41,63,12,6,93,16,98,99,69,64,82,3,73,62,55,48,96,89,71
21,1.4938049966585822,0,78,99,70,31,79,27,23,65,44,72,26,81,24,57,5,41,15,6,16,87,12,29,76,85,4,54,34,20,35,92,47,66,82,60,32,62,94,51,61,30,71,25,93,43,59,13,3,17,38,52,90,83,98,97,39,19,1,69,86,22,55,84,40,10,88,63,50,36,33,42,77,21,80,96,11,49,58,14,46,74,67,18,91,48,56,8,7,28,95,53,9,73,75,64,2,37,68,45,89
22,1.6551189932069974,0,26,60,86,31,43,95,46,72,65,18,12,58,20,22,25,83,82,78,11,75,38,63,89,90,98,62,45,14,99,73,4,3,19,97,40,80,30,56,49,48,87,84,59,47,51,23,55,29,36,27,8,94,61,50,96,52,37,9,1,70,15,13,2,93,92,76,7,44,85,79,10,67,71,69,88,91,5,57,24,6,28,21,34,77,64,54,41,39,42,32,17,66,74,16,35,68,33,53,81
23,1.5737559976114426,0,46,47,61,23,56,76,12,26,55,71,83,92,32,45,9,63,58,35,42,98,67,97,51,84,8,11,59,36,54,70,79,3,75,89,69,73,62,6,37,33,29,19,50,77,65,15,44,24,10,85,27,87,5,39,82,66,22,30,78,18,80,53,86,25,52,64,49,57,16,4,40,94,93,34,90,38,21,60,74,91,88,43,1,48,95,96,72,68,17,41,14,81,31,20,28,13,2,99,7
24,1.674181000533281,0,73,16,80,15,49,45,65,41,85,11,34,14,51,35,3,97,67,20,39,57,58,24,78,50,68,6,23,33,29,8,21,89,95,99,38,83,98,66,70,17,31,27,22,81,1,63,53,74,69,54,26,88,91,48,86,75,82,12,40,43,18,79,62,84,4,92,28,56,90,52,32,77,9,61,10,36,96,5,76,55,13,42,44,71,2,60,25,94,87,93,46,64,7,19,37,30,59,47,72
25,1.6832650022697635,0,88,30,61,50,94,74,22,56,90,2,71,89,93,40,7,17,26,12,48,63,80,52,34,39,46,4,77,75,38,5,87,25,45,28,42,60,68,92,96,83,15,53,85,41,70,10,29,24,35,27,91,44,69,84,43,31,78,16,37,62,19,20,14,67,32,95,98,76,64,65,73,3,6,23,57,9,11,47,66,51,55,18,33,79,81,86,97,8,59,49,99,54,21,58,82,13,1,36,72
26,1.676744987780694,0,60,38,23,44,19,45,29,68,26,46,40,94,73,1,9,32,36,20,8,75,11,92,63,27,90,78,18,14,47,2,56,82,34,43,31,65,64,55,58,25,15,52,50,10,28,84,16,17,33,91,70,4,6,3,30,62,85,79,42,71,81,59,21,72,7,88,77,48,80,54,95,89,5,69,53,61,83,66,76,51,37,74,22,13,98,96,35,24,49,57,12,67,39,97,41,93,87,99,86
27,1.7907509940487216,0,73,7,21,38,80,29,4,31,17,26,22,37,60,59,47,44,35,98,68,8,27,92,30,51,5,75,82,58,89,18,77,23,6,24,34,72,42,55,52,46,32,70,88,78,50,9,48,95,54,28,93,65,11,49,56,79,69,94,25,36,20,40,13,87,57,2,66,86,33,84,63,15,12,16,1,14,61,53,41,10,76,96,19,83,81,43,39,45,64,3,91,97,62,99,85,74,71,67,90
28,1.6573779885657132,0,17,83,36,15,26,39,78,13,99,33,9,49,53,56,61,95,58,90,21,66,98,7,42,27,14,68,23,60,2,62,52,1,3,85,45,73,70,72,38,64,4,50,82,29,44,47,11,77,63,12,92,40,24,10,57,41,25,94,30,20,67,74,37,79,8,81,5,59,76,86,22,65,91,88,89,69,16,55,28,35,32,34,19,43,18,97,6,46,48,51,80,93,54,31,71,96,75,84,87
29,1.3705439921905054,0,55,57,45,73,79,52,69,74,30,95,96,17,75,10,32,23,46,68,86,97,80,38,33,3,70,62,2,50,16,7,26,84,88,25,14,82,13,5,31,8,98,27,53,60,40,6,85,72,49,78,41,28,39,67,36,94,22,56,20,87,76,42,77,44,65,91,12,92,18,47,29,51,83,71,66,4,99,24,9,58,11,1,81,63,34,43,15,21,89,48,64,93,59,54,37,35,19,90,61
30,1.4887980029379833,0,59,61,53,23,43,14,62,57,94,88,46,34,93,38,21,3,30,8,40,12,5,68,49,7,27,64,95,55,79,63,73,99,9,89,76,20,60,39,86,51,32,31,87,82,10,72,45,17,29,19,74,91,97,16,48,65,18,96,77,15,80,66,54,84,25,11,69,75,41,4,28,44,71,83,26,90,67,58,85,13,98,70,36,56,47,33,22,2,24,42,52,6,37,1,35,50,81,78,92
31,1.5672169870667858,0,8,51,88,68,3,21,1,80,85,69,34,9,22,55,64,72,94,57,59,2,46,7,86,42,70,47,30,43,4,92,25,32,41,13,54,33,75,29,67,78,56,63,18,58,50,11,79,83,39,91,81,93,23,26,14,17,65,20,77,96,53,97,49,61,99,73,89,90,36,48,71,44,37,87,15,45,38,27,95,66,82,16,31,40,35,5,74,62,24,60,6,10,52,98,76,12,84,19,28
32,1.7850189849414164,0,13,96,42,92,59,35,89,88,46,39,84,10,69,22,80,94,75,47,85,87,50,29,44,21,17,78,57,54,56,66,45,82,52,31,23,60,64,41,83,16,34,33,98,61,99,5,74,90,53,65,14,7,51,1,58,24,76,25,77,26,18,67,27,63,15,9,32,93,55,95,11,70,62,3,28,97,71,20,4,19,79,38,37,81,73,30,12,72,49,8,68,91,86,40,2,48,36,6,43
33,1.2766159968959983,0,70,7,5,82,68,66,55,44,48,84,86,8,83,56,32,64,57,97,18,3,1,40,25,87,96,74,99,94,11,61,92,20,46,89,12,63,14,17,16,98,50,9,42,75,37,79,65,26,67,27,45,6,78,53,43,62,4,23,60,85,52,95,30,77,39,38,51,19,69,35,47,90,10,13,33,73,49,2,22,93,58,91,41,80,34,28,71,88,24,21,54,31,29,15,76,81,59,72,36
34,1.557624988956377,0,10,59,73,94,27,7,38,92,30,19,42,43,1,25,17,81,89,56,70,93,62,53,66,40,14,52,86,55,83,76,95,57,75,12,5,51,84,13,54,11,98,24,9,46,20,79,77,33,2,71,72,49,44,6,65,28,88,87,58,80,41,37,48,32,45,50,90,99,64,78,26,23,63,74,68,91,4,29,82,35,60,8,22,18,67,21,39,85,34,31,69,16,47,96,61,3,97,36,15
35,1.4147799955535447,0,89,54,61,53,56,79,7,47,77,37,14,75,16,71,27,41,74,30,23,40,85,64,60,69,19,25,1,93,24,98,44,12,91,11,86,9,70,15,78,31,42,48,57,83,84,96,29,39,2,43,35,13,8,72,10,94,38,3,67,46,80,76,52,22,87,97,81,49,32,73,18,21,82,92,68,99,55,58,65,6,50,17,88,36,20,51,90,62,28,59,95,5,66,33,45,4,26,34,63
36,1.483881995867705,0,9,60,31,57,54,30,23,39,5,97,99,77,4,86,83,87,15,92,26,67,68,24,74,14,82,41,37,70,25,3,47,48,73,72,20,84,46,98,28,13,90,6,16,80,1,42,40,19,32,49,11,93,96,10,55,21,29,50,52,36,69,34,64,63,22,59,53,76,12,62,43,7,8,27,61,65,18,85,78,58,35,71,95,91,51,81,33,94,56,38,17,79,2,45,88,89,44,75,66
37,1.3792109927017009,0,51,47,25,53,97,94,39,34,20,38,60,84,98,59,62,77,57,18,82,64,40,74,61,30,65,73,3,87,76,5,63,16,6,89,56,10,32,7,81,78,22,12,2,50,46,21,92,28,48,41,91,79,24,99,54,66,55,9,11,42,83,35,95,44,93,88,45,23,49,26,14,37,72,31,4,1,27,96,36,43,58,29,75,33,68,80,15,85,17,52,86,70,13,19,71,90,8,67,69
38,1.4903099975781515,0,32,38,64,14,8,35,62,40,37,56,27,86,71,4,12,74,68,11,84,1,96,20,93,17,25,26,10,98,13,21,36,83,46,23,92,24,31,52,61,75,73,41,67,66,82,49,65,58,59,2,77,42,9,95,88,22,78,18,94,45,3,19,15,29,91,81,57,30,60,76,47,89,79,39,51,99,34,90,50,63,87,97,43,55,5,53,80,85,72,6,70,48,28,33,7,44,54,16,69
39,1.542308997733926,0,67,6,27,61,98,11,46,74,32,33,77,69,22,47,5,68,25,14,96,17,45,44,1,8,58,43,50,97,56,13,15,51,70,36,39,89,9,10,60,54,19,95,30,83,3,4,85,26,23,66,62,75,53,65,2,29,34,81,99,72,78,7,73,84,20,38,18,31,16,82,35,55,24,28,91,88,76,41,49,80,37,94,52,90,63,59,92,64,40,21,71,79,48,57,86,12,93,87,42
40,1.7308509986032732,0,36,41,15,48,50,18,83,25,75,82,99,91,23,93,13,64,98,65,49,58,42,70,92,22,26,31,3,47,96,57,21,71,9,24,28,61,69,1,72,55,86,67,76,77,66,39,35,40,20,11,79,74,80,17,2,6,54,37,38,90,94,10,16,59,53,46,89,5,33,62,78,30,12,14,73,29,43,63,88,85,52,7,34,27,87,84,97,32,8,81,68,60,45,4,44,56,95,19,51
41,1.4091739942377899,0,91,29,42,9,96,1,17,68,50,38,70,16,5,77,55,88,78,6,4,63,33,81,37,83,59,32,95,7,26,92,40,20,75,73,66,34,71,36,8,79,2,72,57,43,41,69,21,48,39,85,49,53,94,90,61,24,3,27,67,74,98,23,64,14,25,58,35,62,45,47,31,89,11,46,54,15,84,82,52,30,93,12,22,56,18,87,60,76,51,99,13,19,10,86,65,44,97,80,28
42,1.7096989924029913,0,67,84,33,8,12,38,53,91,62,68,20,6,97,72,5,24,89,51,29,1,40,21,74,47,90,25,35,63,86,96,2,57,73,77,99,3,71,64,27,92,66,42,80,44,76,58,78,10,19,94,11,85,50,79,65,69,98,61,75,31,23,55,87,45,41,32,59,52,43,7,93,18,82,9,39,17,88,28,46,36,95,81,37,70,30,83,4,16,60,13,14,54,48,56,26,49,15,34,22
43,1.7337500127614476,0,52,25,37,82,89,2,13,93,33,69,71,96,6,48,74,53,54,56,98,58,83,18,61,36,19,95,59,26,72,31,5,8,79,45,65,66,75,9,91,57,49,73,62,15,32,29,99,3,16,92,70,80,77,44,47,94,51,12,40,34,88,41,85,11,55,78,46,20,24,1,43,60,17,21,50,38,30,86,63,4,42,7,68,23,97,28,81,22,27,84,10,76,67,90,14,39,64,35,87
44,1.4397159931795613,0,53,54,61,70,77,71,80,92,79,18,68,88,81,74,38,82,64,56,36,3,91,69,44,17,26,31,9,55,40,4,48,73,8,35,63,5,22,27,83,85,84,15,6,67,39,58,14,98,59,23,95,30,89,51,46,43,94,60,37,34,93,50,57,99,12,86,32,75,52,62,1,72,42,19,10,33,65,78,13,21,49,11,47,16,96,41,76,97,29,45,28,87,7,24,66,25,2,90,20
45,1.5868889931862213,0,33,78,8,39,83,99,66,12,15,13,10,19,90,36,30,69,92,38,21,35,80,81,24,86,34,44,17,4,94,57,27,11,46,56,52,76,42,14,72,37,26,85,58,29,73,79,50,25,1,88,64,93,51,2,31,74,91,89,75,84,53,70,97,5,3,48,18,77,9,82,87,22,67,28,23,20,62,63,32,7,96,71,6,68,95,49,60,61,43,65,40,16,41,45,54,98,55,47,59
46,1.344003993066508,0,8,83,78,77,85,74,19,27,70,6,40,31,35,34,81,33,98,58,86,4,61,90,24,51,59,29,15,60,28,21,48,49,82,52,13,37,1,87,68,75,45,64,16,97,50,3,22,80,32,12,53,25,47,96,72,39,42,94,14,46,56,76,23,7,65,92,36,17,54,41,10,88,18,20,9,67,26,93,57,79,71,2,66,73,44,55,43,30,62,63,89,11,38,99,91,84,69,5,95
47,1.5829050061875023,0,20,83,8,87,88,36,4,3,99,42,13,91,34,40,66,41,55,19,27,85,49,23,86,84,93,37,94,53,70,21,96,14,76,72,60,48,50,30,11,73,29,69,25,59,38,95,1,31,22,43,6,65,35,61,5,15,9,74,32,54,7,80,78,62,56,18,64,98,68,52,92,26,10,81,79,44,45,46,16,2,71,58,28,77,97,82,51,90,17,75,89,12,57,63,67,39,24,33,47
48,1.7860099906974938,0,36,4,39,50,62,17,79,63,41,73,14,68,51,57,29,64,91,19,7,78,37,90,15,20,46,11,47,6,10,58,93,55,69,53,61,28,59,77,34,99,31,67,3,52,25,13,16,74,56,49,12,86,30,48,72,85,95,54,66,5,33,80,88,84,76,60,71,8,26,98,27,9,32,65,22,35,24,81,1,70,42,2,83,45,87,44,38,94,96,89,23,92,97,43,82,40,18,75,21
49,1.6431909958046163,0,36,33,45,54,46,75,84,86,72,30,15,98,65,12,18,96,93,28,56,61,37,63,35,5,13,7,38,24,81,95,16,60,57,10,34,21,58,69,14,17,11,22,85,73,68,78,29,4,25,43,51,2,87,77,26,42,79,31,97,66,50,62,20,70,80,39,19,82,71,8,67,55,27,88,9,99,52,48,59,32,94,92,1,53,41,91,64,74,47,90,83,40,89,49,6,76,23,44,3
50,1.6962229902637773,0,83,14,21,98,88,43,64,36,41,70,62,56,46,85,26,42,8,92,20,55,23,89,47,57,71,22,63,49,69,76,10,96,51,48,87,72,19,73,53,67,30,44,2,45,54,82,28,38,97,9,35,11,81,68,50,15,52,90,4,75,27,59,13,7,3,99,25,91,5,16,95,60,86,93,33,78,34,80,65,1,58,40,79,29,39,37,77,24,84,18,74,61,17,6,94,12,66,32,31
51,1.3475149979203707,0,35,25,8,80,64,81,50,96,65,40,12,70,62,98,21,63,89,76,83,94,24,33,69,32,36,58,86,97,20,15,52,29,39,9,84,91,26,45,13,7,53,99,41,75,82,77,18,19,10,68,90,4,85,6,37,87,2,74,16,54,27,49,44,1,71,92,47,73,66,38,28,23,11,95,88,79,30,42,3,51,93,60,72,34,46,14,59,57,5,17,61,56,55,67,48,78,22,31,43
52,1.4771160043019336,0,42,45,76,33,47,9,57,38,10,2,66,69,83,86,53,51,88,52,6,81,64,32,61,8,91,35,82,4,67,70,22,44,23,77,84,80,79,27,20,71,59,99,7,12,73,16,62,3,14,74,89,96,56,17,98,65,50,54,72,60,68,24,5,29,87,28,25,34,63,31,55,11,37,43,21,15,49,93,13,1,26,58,36,94,46,78,18,75,41,92,40,90,48,19,85,39,95,97,30
53,1.5884540006227326,0,12,75,81,18,76,28,11,59,60,78,15,37,99,6,92,63,25,29,97,52,67,86,69,22,87,44,50,68,34,82,48,16,2,66,56,13,83,38,8,70,47,57,31,46,51,26,20,85,93,84,4,39,35,36,40,94,49,80,89,1,45,53,33,9,17,90,98,95,65,7,91,24,19,27,71,62,55,23,14,77,79,41,21,72,64,30,96,73,32,54,58,74,61,10,88,5,3,42,43
54,1.6085719925467856,0,89,26,86,31,63,60,12,84,46,82,64,24,76,79,41,25,93,62,47,23,35,51,97,15,77,99,48,50,30,36,88,40,68,91,66,83,95,78,54,18,21,45,38,75,7,71,4,81,55,43,3,22,70,85,34,1,16,96,10,98,6,17,19,33,42,61,11,14,13,9,2,74,72,5,80,44,90,94,20,29,69,67,37,73,65,39,8,87,56,52,57,27,58,53,49,32,59,28,92
55,1.6504449912172277,0,98,61,71,15,27,45,80,72,58,3,84,33,46,97,81,75,30,44,42,10,69,4,24,95,35,43,36,34,52,11,26,23,59,92,50,63,64,93,55,73,14,99,29,31,28,78,89,21,2,82,8,54,70,7,48,87,85,32,86,40,56,62,5,9,47,94,20,76,13,74,65,68,19,66,83,79,18,25,49,22,96,67,17,88,41,57,12,1,60,91,39,51,38,90,53,6,77,37,16
56,1.5061899998945592,0,74,63,26,35,71,33,3,70,77,22,67,44,90,11,21,53,76,86,39,78,98,7,91,20,68,17,5,50,18,48,64,37,82,1,83,75,13,12,27,96,97,95,30,54,46,55,32,14,8,93,58,47,92,60,10,81,24,41,61,69,65,89,88,25,15,84,66,38,28,9,31,79,59,40,51,6,52,19,80,16,2,73,99,62,72,29,23,34,43,85,4,49,42,57,36,56,87,45,94
57,1.70069399359636,0,52,21,97,88,90,74,13,34,22,53,59,75,83,68,73,38,80,26,11,7,94,82,5,3,78,63,50,79,43,99,56,81,35,92,69,87,27,25,64,44,70,41,4,96,65,76,31,86,66,89,18,20,58,72,8,55,51,23,47,39,62,6,19,33,1,60,45,14,36,32,28,17,40,71,15,24,9,30,48,77,61,16,67,91,10,37,84,12,85,57,46,54,49,98,42,29,2,95,93
58,1.4609799912832386,0,42,70,74,95,20,8,97,77,49,96,28,21,17,25,66,53,39,36,30,22,68,41,51,32,2,44,43,99,37,61,89,10,1,71,38,87,50,86,56,82,93,81,31,7,16,46,14,19,58,48,35,52,92,18,84,85,12,34,54,9,79,29,90,6,33,73,27,60,76,91,67,80,63,47,23,15,69,13,40,62,59,64,26,78,65,3,45,83,55,57,4,98,75,11,94,24,88,72,5
59,1.4867389957653359,0,2,10,12,30,60,7,90,3,55,72,69,27,68,36,9,99,58,13,14,62,17,97,8,74,71,92,96,82,20,19,5,79,11,35,94,75,50,51,29,76,31,88,85,49,53,91,78,95,89,56,41,65,21,73,63,98,4,33,52,70,37,84,48,47,32,81,67,66,61,26,64,6,40,80,59,46,83,28,43,22,18,54,39,87,77,16,38,25,1,34,15,57,23,42,93,45,44,24,86
60,1.4390810000531928,0,29,50,56,77,44,60,62,59,33,65,69,18,1,80,66,14,38,55,48,90,94,74,36,2,86,81,26,68,47,83,15,20,32,70,6,97,28,34,79,95,23,98,89,73,13,52,75,37,85,19,57,3,63,72,51,16,58,40,10,76,49,88,4,96,21,46,41,45,91,12,61,99,93,92,11,71,84,30,43,82,42,78,25,22,64,87,17,8,9,35,27,67,39,5,7,31,54,53,24
61,1.389403996116016,0,73,31,86,54,48,25,99,53,40,27,52,20,47,60,3,56,12,74,96,1,91,11,24,93,59,34,51,2,44,94,66,13,16,28,75,84,79,65,88,18,4,14,8,38,81,70,92,68,33,57,35,63,78,61,80,64,30,87,5,89,49,98,6,15,83,17,43,76,29,22,37,69,62,45,58,85,50,39,23,71,95,9,41,19,7,90,55,42,72,21,67,32,36,77,46,10,97,26,82
62,1.5293109916237881,0,71,39,16,90,1,86,85,69,22,53,31,67,44,10,38,11,89,46,40,57,52,37,25,49,36,34,92,55,19,18,74,96,6,7,29,30,13,66,35,20,97,77,28,83,51,21,98,93,72,3,24,73,80,65,8,81,5,70,27,14,32,4,95,78,56,9,23,63,41,94,12,45,62,59,75,87,58,2,42,48,82,91,60,84,88,61,76,43,79,47,33,15,54,50,68,99,64,17,26
63,1.448378009692533,0,77,88,44,1,64,33,69,29,55,48,13,79,86,52,14,58,62,23,73,63,97,19,95,65,68,22,21,80,89,37,94,78,3,56,71,8,34,18,91,66,53,32,36,39,67,40,6,49,41,83,47,7,75,51,85,24,84,2,74,26,31,27,43,99,82,98,96,45,61,42,90,5,10,60,54,70,87,93,92,15,30,38,46,11,20,9,50,12,72,25,76,57,28,81,59,17,4,35,16
64,1.574232993523765,0,29,34,2,11,10,52,28,81,5,25,39,24,46,64,50,40,97,22,85,80,87,20,53,14,61,30,36,47,88,45,63,13,65,78,62,26,19,96,58,60,59,51,49,94,73,69,37,66,90,6,4,1,7,56,55,31,89,38,92,41,15,32,23,71,79,16,83,77,75,72,93,3,57,91,99,9,86,33,35,12,84,43,82,76,48,54,42,74,17,44,68,95,18,70,98,21,8,67,27
65,1.5371929945977172,0,5,38,51,85,64,97,9,36,56,88,84,59,67,94,90,68,65,10,82,27,40,24,62,53,41,75,60,17,69,14,25,47,71,83,26,74,78,66,6,1,54,29,96,37,2,49,55,81,93,15,3,70,12,35,22,77,76,46,92,4,95,7,23,80,45,33,48,42,8,43,63,50,87,39,52,89,20,21,13,91,72,11,99,79,31,32,44,86,19,34,57,28,73,58,30,16,98,18,61
66,1.3543029963730078,0,77,60,50,62,57,78,41,10,21,23,18,73,75,83,70,30,51,31,96,8,39,93,64,32,49,44,89,94,88,6,20,40,2,97,91,9,84,54,76,68,43,7,67,81,11,71,34,15,4,80,37,99,87,14,33,45,38,55,27,72,26,65,36,48,13,12,22,16,42,53,86,79,1,19,3,59,69,29,46,90,85,74,66,82,95,47,58,63,92,35,28,98,24,56,17,61,25,52,5
67,1.6249270011969656,0,15,67,55,74,11,56,36,86,3,46,17,47,9,18,2,77,80,94,73,8,12,65,32,13,91,5,30,81,37,88,52,28,29,44,40,83,21,82,95,99,84,79,92,53,35,89,48,33,38,10,24,6,23,60,68,70,49,62,93,39,59,64,58,7,98,57,25,22,27,19,50,34,51,75,42,85,43,66,20,72,97,16,78,31,41,4,96,26,45,61,71,63,69,76,54,87,1,14,90
68,1.3097079888975713,0,3,44,17,56,1,38,6,47,49,9,70,79,51,81,80,72,62,18,61,34,92,35,33,63,32,8,40,85,95,31,46,58,23,55,67,48,68,4,94,22,84,25,89,59,43,99,7,24,37,66,75,29,16,21,28,26,97,65,52,69,57,14,64,98,30,83,87,10,13,82,41,86,54,96,74,36,15,42,93,27,5,45,60,11,50,90,2,71,12,73,20,76,53,91,78,77,88,39,19
69,1.7015430077372002,0,77,59,41,3,95,57,67,40,82,97,32,25,94,18,15,50,42,53,70,34,87,62,84,49,20,7,12,65,60,30,64,21,78,48,24,2,9,6,52,11,47,54,43,58,66,37,45,63,28,71,81,17,55,74,23,22,56,10,89,27,61,8,31,35,98,16,99,44,33,92,38,29,83,51,88,93,85,14,86,4,79,46,91,96,68,5,76,39,69,13,75,72,90,26,19,36,1,80,73
70,1.6505259838500024,0,44,85,67,53,99,21,71,10,61,77,8,6,48,45,1,9,80,88,54,23,4,59,68,33,5,46,7,82,31,64,39,98,95,36,60,14,38,81,15,43,58,63,83,50,84,89,56,73,47,51,66,41,20,24,2,49,55,62,87,97,74,26,90,11,3,93,34,96,91,19,28,18,79,37,17,12,22,30,40,52,78,75,70,94,92,69,25,29,16,13,57,35,65,32,27,72,86,76,42
71,1.548760006295197,0,35,30,59,78,28,34,83,57,12,40,4,98,26,16,29,89,53,23,43,55,88,70,69,1,20,14,79,32,3,37,75,96,84,82,77,7,52,85,73,61,38,39,42,5,74,13,81,10,33,51,17,72,97,90,65,62,95,22,91,49,11,54,80,27,18,66,47,56,93,71,24,64,15,48,86,67,76,58,44,99,36,46,2,45,60,50,87,94,41,63,8,9,21,25,19,6,31,92,68
72,1.6834289894613903,0,83,96,11,47,69,79,31,54,82,25,15,24,90,65,3,80,89,88,56,45,71,2,34,63,95,9,29,32,97,59,14,4,48,62,53,26,58,68,94,30,44,43,76,6,7,18,51,49,75,77,66,19,87,38,41,33,37,42,57,99,61,50,20,92,64,27,35,81,1,98,5,84,91,21,52,60,85,70,12,39,17,55,36,16,93,86,78,8,67,22,23,10,73,28,46,74,72,13,40
73,1.4676809915981721,0,92,81,93,44,6,35,50,62,73,4,80,23,10,53,54,68,77,12,90,64,40,67,47,3,28,87,66,45,26,22,24,37,94,17,97,31,25,48,7,42,27,51,63,15,57,32,76,39,43,5,9,95,18,96,36,38,75,85,86,89,29,78,83,52,72,19,21,99,30,14,46,84,33,2,79,71,65,55,82,34,70,8,41,1,91,69,58,11,13,98,20,60,56,88,61,16,59,49,74
74,1.8592019930947572,0,1,39,11,43,31,95,54,98,30,2,61,81,41,9,76,53,68,79,96,55,23,13,19,50,93,70,24,56,72,52,10,57,99,37,89,32,88,40,65,63,92,85,16,80,29,82,66,84,45,78,69,28,46,25,36,8,12,59,5,51,71,49,60,18,86,38,64,4,44,42,33,17,87,3,21,91,47,26,27,22,62,74,73,77,97,7,14,20,75,48,83,58,67,94,35,15,34,90,6
75,1.6224329961114563,0,19,74,34,45,79,21,29,46,57,89,2,36,93,86,51,42,1,23,75,87,65,70,69,30,91,92,96,17,26,25,81,35,5,48,8,56,47,73,61,40,66,18,71,58,80,11,4,27,31,84,53,15,77,68,85,67,97,52,41,76,13,98,83,24,6,63,12,20,37,22,38,55,49,94,14,99,50,72,7,88,44,78,10,59,39,60,32,16,95,9,62,28,90,82,54,64,33,3,43
76,1.910217986718635,0,63,42,5,2,14,57,97,75,35,98,29,47,7,32,43,1,44,82,28,48,66,24,6,86,52,19,91,89,26,54,10,67,74,59,90,70,55,76,22,25,53,17,71,9,4,27,3,99,65,46,21,94,33,61,11,49,34,85,40,56,38,50,81,73,18,62,8,36,68,41,20,72,30,58,45,69,78,83,95,96,23,16,64,88,39,60,51,15,93,84,80,13,79,37,12,92,87,77,31
77,1.5034639902878553,0,35,74,32,54,51,11,92,77,14,33,49,99,59,46,45,88,12,67,56,66,81,85,50,38,93,79,69,48,29,76,68,97,84,23,18,53,47,43,94,10,72,26,19,55,17,87,78,40,36,25,34,42,5,15,27,75,31,3,63,13,91,9,52,80,20,24,95,61,2,4,58,7,41,28,16,6,70,21,37,30,89,83,39,22,60,71,98,57,82,1,62,73,90,65,44,86,64,8,96
78,1.546399001905229,0,32,99,26,72,17,29,48,6,33,4,81,52,61,82,39,93,20,91,59,11,14,49,27,37,69,31,75,97,5,51,8,42,87,10,34,78,1,3,28,54,23,15,85,2,13,21,19,55,84,41,63,92,65,89,56,80,96,77,35,45,76,90,12,57,44,68,95,7,66,24,64,70,98,18,9,53,22,83,94,86,38,60,25,88,79,43,47,74,36,73,16,58,71,50,40,62,67,46,30
79,1.5382139991997974,0,14,63,53,86,6,27,78,11,95,70,93,80,69,91,94,19,36,50,65,83,71,23,55,85,97,32,15,48,58,43,10,3,92,21,59,22,47,96,51,88,66,38,60,45,39,77,56,87,81,98,20,18,8,7,9,57,28,74,99,29,79,68,82,76,64,25,84,49,31,34,16,90,17,30,5,26,75,41,44,89,35,33,67,24,73,72,13,4,46,37,52,12,42,54,62,2,40,61,1
80,1.7677609946767916,0,58,52,64,59,14,90,19,25,20,35,17,97,8,99,7,32,82,61,44,45,37,81,72,40,53,79,92,91,13,67,96,98,50,76,80,43,83,74,73,34,39,33,55,28,21,24,9,16,56,88,84,93,41,49,22,57,95,69,42,12,68,89,86,27,48,94,51,66,31,36,23,75,71,1,15,60,18,26,77,5,78,85,54,30,46,6,65,10,4,11,47,3,70,38,63,29,62,87,2
81,1.6963909860241984,0,20,29,96,53,47,60,93,59,25,71,45,68,44,70,66,13,74,61,79,49,51,85,10,99,39,34,78,11,64,67,3,84,88,72,9,90,36,30,56,62,4,50,17,95,91,87,27,55,81,42,28,58,48,82,37,21,89,14,46,26,35,15,16,94,97,31,22,65,7,5,6,75,54,98,76,38,80,18,24,1,41,8,86,12,77,43,33,23,83,73,69,2,19,63,52,40,57,32,92
82,1.7169209938074346,0,79,55,34,39,60,13,4,5,58,68,98,64,35,87,89,54,48,43,85,82,1,40,6,81,15,14,47,72,31,45,51,65,21,91,23,16,56,83,29,90,46,96,93,59,69,74,49,88,2,8,53,28,37,33,30,44,94,20,38,73,50,10,66,92,57,84,52,76,62,3,32,42,24,61,78,7,19,95,67,75,97,70,86,77,99,22,36,12,17,80,63,41,9,11,27,26,18,25,71
83,1.57116099679115,0,61,97,26,86,64,94,2,98,24,17,53,43,92,79,4,80,58,38,8,31,40,39,41,3,57,83,67,32,5,15,63,81,25,48,19,62,46,66,50,20,49,12,85,16,52,29,76,6,96,33,30,10,65,55,71,69,88,27,74,23,60,70,34,36,47,54,56,90,14,89,91,87,28,51,82,35,11,75,77,59,68,22,44,73,45,21,37,72,99,78,1,7,42,93,84,95,18,9,13
84,1.6375389965542126,0,50,46,78,22,38,35,57,31,21,45,85,18,58,47,93,8,3,19,94,95,32,33,97,75,62,44,96,2,1,49,16,23,90,77,68,84,43,41,39,86,7,40,30,73,56,64,71,99,12,72,60,82,79,17,42,26,69,76,14,59,15,11,63,25,4,54,65,29,20,74,92,13,48,27,36,98,55,37,34,24,91,52,83,67,61,70,89,81,88,87,6,9,5,80,51,66,53,28,10
85,1.5867590014095185,0,72,94,55,42,5,17,32,61,60,96,81,90,70,52,58,34,4,45,1,13,20,54,74,77,65,33,87,36,24,51,25,18,9,48,82,83,46,66,28,40,86,7,30,98,41,2,89,37,21,11,80,79,22,15,71,10,29,19,93,67,68,91,26,39,31,12,76,84,56,53,97,49,8,44,85,23,78,38,73,99,62,92,16,27,59,3,35,14,75,6,43,63,50,47,69,88,57,95,64
86,1.4638610001229608,0,78,37,52,41,10,49,54,73,1,36,32,25,56,85,28,18,69,9,6,60,89,62,86,66,19,59,50,75,57,42,34,13,72,17,26,95,24,39,91,76,14,97,92,35,84,22,51,82,55,16,67,68,79,94,23,8,20,64,5,40,83,43,3,7,98,33,74,27,53,15,38,87,30,71,63,21,80,65,90,11,31,2,47,93,61,4,44,48,58,29,81,45,12,77,99,46,88,96,70
87,1.4866109970025718,0,78,11,84,32,21,91,3,42,26,1,75,22,62,6,44,70,15,45,95,55,31,10,30,35,89,13,43,54,96,85,18,76,49,38,48,97,69,5,66,64,68,80,56,53,86,39,12,47,59,77,50,23,24,92,74,2,57,4,67,87,94,7,63,36,72,9,17,81,79,90,25,8,88,34,73,98,61,20,83,16,93,33,14,99,40,29,19,60,46,37,71,41,28,52,51,82,65,27,58
88,1.6989239953109063,0,17,43,10,83,28,75,38,15,46,55,13,74,24,47,11,57,25,3,49,19,60,69,34,6,35,90,64,45,96,65,80,37,12,95,72,81,33,70,98,40,56,68,91,27,61,84,73,85,18,58,52,78,26,99,53,31,2,22,88,36,4,67,51,48,63,41,8,1,82,86,14,29,9,30,71,54,44,39,77,92,5,32,66,79,89,23,93,50,20,97,7,62,16,21,94,59,87,76,42
89,1.4123069941997528,0,34,16,93,84,44,95,64,14,35,6,13,23,17,47,22,52,98,8,24,48,87,39,89,92,45,54,9,30,7,18,50,88,82,25,37,49,61,42,3,73,57,77,78,56,10,91,68,97,5,74,99,72,85,11,70,38,67,1,20,4,81,96,32,62,2,75,29,63,55,43,40,79,46,31,58,94,15,28,26,21,76,86,65,36,80,27,59,19,33,53,41,71,83,51,69,60,90,12,66
90,1.7276299892691895,0,2,5,9,13,69,73,58,63,18,98,4,97,74,53,65,76,96,7,72,62,26,93,82,79,39,45,51,38,52,94,23,83,6,20,75,47,11,40,90,57,3,60,8,36,59,12,19,81,15,55,89,70,85,33,50,49,42,21,88,32,95,68,43,64,44,24,84,27,34,16,17,99,86,29,35,87,30,92,37,10,71,48,78,67,91,66,31,14,80,54,56,46,41,61,22,77,25,1,28
91,1.6669670002884232,0,71,18,34,73,83,99,93,63,32,79,27,87,33,2,53,39,29,19,90,64,70,50,86,15,6,85,75,51,58,49,17,9,8,25,48,61,47,74,60,28,30,10,35,40,38,14,7,41,96,89,97,46,31,11,95,78,42,69,67,77,20,26,91,54,13,22,23,76,37,88,98,80,81,72,84,43,36,44,16,1,4,66,55,62,45,3,12,68,82,24,5,65,92,21,57,56,94,59,52
92,1.6751450042786473,0,60,38,90,9,3,57,32,59,39,8,19,44,66,26,40,68,34,11,86,74,67,52,36,80,85,20,61,45,28,17,77,64,5,50,35,71,27,1,55,43,95,70,56,33,94,31,15,54,72,88,25,65,7,63,79,53,22,23,96,91,2,29,89,83,93,99,49,18,13,4,76,75,14,69,73,6,97,24,47,10,30,41,98,48,82,81,51,58,42,87,16,84,78,12,46,62,92,21,37
93,1.497642001544591,0,14,67,21,58,72,26,61,68,75,24,76,77,60,28,22,8,2,35,52,97,43,80,41,94,62,96,4,23,40,45,85,34,31,63,93,6,91,13,30,17,42,74,37,46,10,88,7,65,15,47,55,19,5,64,92,32,3,38,79,71,99,25,18,90,83,44,95,29,51,1,56,48,20,78,69,39,33,49,50,84,57,36,81,59,82,73,54,27,66,87,53,89,11,12,70,86,98,9,16
94,1.765308986796299,0,49,4,91,43,93,34,53,46,69,30,9,18,92,81,97,28,83,26,40,74,58,17,27,90,63,80,60,22,16,54,37,5,86,35,23,94,71,33,75,79,42,87,68,85,72,31,10,73,98,77,78,8,15,25,67,41,24,1,44,99,11,12,19,21,45,36,6,61,7,50,52,84,47,51,29,62,59,66,82,96,57,39,14,32,64,3,2,56,95,70,89,48,76,20,88,55,65,13,38
95,1.4463639967725612,0,75,5,90,68,29,11,99,54,32,50,1,85,13,63,51,24,88,73,80,22,40,23,92,19,46,49,59,38,86,84,14,31,97,64,6,16,43,33,60,8,98,62,25,21,18,48,12,87,26,74,9,76,61,10,72,57,53,89,42,55,2,35,15,94,45,7,71,70,95,66,56,81,47,93,79,52,37,69,3,41,83,4,58,20,91,27,17,39,30,82,65,78,44,34,67,36,77,28,96
96,1.4717369847785449,0,38,75,24,78,27,54,60,11,88,93,73,22,57,20,44,72,92,6,82,7,94,83,8,58,53,26,23,99,25,97,87,32,33,70,31,64,42,28,85,18,56,2,77,10,21,14,80,95,35,43,39,1,65,29,4,90,79,16,69,41,86,13,63,50,76,34,30,66,84,9,45,74,19,81,49,40,96,89,55,98,62,3,46,68,52,59,48,91,5,71,67,51,36,37,17,12,61,47,15
97,1.32755899822223,0,2,27,60,57,29,18,76,50,80,61,55,40,75,28,54,71,96,74,5,91,12,95,3,90,48,87,92,7,39,83,63,4,45,82,33,99,53,13,67,59,38,26,16,64,15,84,1,17,88,66,10,89,35,81,46,51,36,52,43,94,32,78,85,34,30,56,58,49,31,14,11,73,79,9,42,19,41,65,22,44,21,20,62,93,98,25,68,37,47,69,86,77,24,70,23,8,72,97,6
98,1.6748969901382225,0,42,22,35,25,23,86,68,94,76,96,92,38,48,53,11,6,75,82,58,95,2,51,19,89,31,37,57,44,50,3,84,9,32,61,16,80,18,49,65,91,27,72,69,43,41,67,47,98,66,10,28,59,73,8,34,85,29,52,81,77,40,14,1,33,55,17,4,21,99,71,54,13,56,62,5,64,83,78,79,30,45,7,46,93,24,60,63,39,70,74,87,20,88,97,36,15,12,26,90
99,1.628712986363098,0,87,50,74,92,89,1,47,55,68,61,19,62,53,97,9,84,8,14,52,7,81,93,57,54,83,98,95,30,18,80,78,45,76,82,36,75,86,37,94,16,25,73,5,79,22,27,38,65,29,12,64,13,51,69,56,71,46,70,96,15,59,20,49,33,2,67,43,21,32,42,6,40,91,4,85,60,11,35,39,72,99,34,66,31,44,24,48,58,17,88,28,90,10,3,26,63,23,41,77
100,1.7869069975276943,0,56,86,27,44,38,83,60,51,57,23,91,66,52,47,62,68,28,67,16,55,77,81,14,20,36,88,89,80,13,64,45,92,32,5,95,12,84,98,15,8,48,2,11,19,21,1,96,41,39,70,85,53,4,30,17,10,75,7,6,34,46,97,87,65,26,37,72,33,18,49,58,29,25,93,43,71,82,94,90,40,79,73,78,31,35,22,9,42,24,61,50,63,99,59,76,3,74,54,69
101,1.5912779962891364,0,33,71,57,38,35,66,47,42,91,32,17,76,24,98,72,4,78,31,89,46,60,30,50,23,86,12,11,87,61,90,37,52,84,99,79,82,63,58,5,62,75,10,54,21,73,13,1,56,83,92,97,7,44,9,80,81,20,8,48,14,27,28,45,93,88,29,74,95,96,69,70,25,22,41,26,36,94,85,77,34,39,6,15,2,18,59,49,68,40,53,55,65,67,3,19,51,64,16,43
102,1.4804799957200885,0,76,99,32,45,24,42,59,73,21,49,43,92,20,6,67,44,85,75,93,79,8,35,2,89,18,55,63,78,70,87,37,1,71,82,19,61,17,48,29,27,66,47,95,88,34,65,81,84,12,62,91,22,86,77,10,96,5,40,16,39,54,58,94,38,69,23,46,14,36,51,98,41,52,68,72,4,15,9,30,13,25,28,83,26,64,97,33,56,3,74,31,57,11,60,90,80,53,50,7
103,1.508043991489103,0,92,43,53,35,76,12,41,34,67,16,65,50,40,81,55,37,75,30,9,32,10,33,22,87,66,82,36,91,85,79,20,38,4,18,19,90,7,84,83,58,24,71,51,68,64,26,8,11,56,48,70,89,77,44,39,57,49,96,59,2,80,17,54,78,97,21,98,29,61,72,88,6,45,3,5,99,73,46,74,42,1,15,69,62,52,27,28,31,94,23,60,95,25,86,63,14,13,93,47
104,1.5580509911233094,0,20,53,92,48,59,1,18,11,45,91,25,78,87,9,95,4,70,60,30,72,64,52,77,43,23,21,46,94,76,58,66,57,28,84,14,26,49,62,99,12,67,7,90,5,36,55,8,97,89,15,16,68,17,29,24,93,88,2,40,37,39,61,13,19,47,50,51,81,33,41,56,69,42,83,34,96,35,71,63,27,32,98,82,6,10,31,65,73,86,79,74,75,3,80,85,22,54,44,38
105,1.6777809974264528,0,7,35,88,89,73,20,41,21,99,54,58,55,84,80,31,56,75,34,74,87,69,16,76,78,3,36,40,91,43,13,96,61,33,2,62,68,30,8,4,27,60,63,15,67,9,94,90,45,51,65,42,37,6,28,97,53,47,82,86,52,25,46,93,70,26,19,32,24,57,11,22,92,66,17,1,59,79,95,77,83,5,39,85,72,71,12,10,14,44,29,48,49,81,64,38,23,98,18,50
106,1.480975000282342,0,93,18,84,41,47,36,79,70,15,17,8,78,9,50,99,19,32,95,1,73,55,10,57,45,52,6,94,90,82,92,2,62,49,97,63,88,33,72,37,91,53,30,40,28,60,54,76,51,74,71,24,5,61,48,3,4,14,66,23,46,83,56,26,67,22,75,87,80,68,7,86,11,81,43,64,38,42,25,29,59,44,27,34,39,69,89,58,21,77,96,35,20,16,85,13,65,31,98,12
107,1.3557349943803274,0,57,65,93,35,60,11,34,61,33,50,98,56,5,22,18,45,83,32,30,90,58,94,80,44,26,42,21,27,87,47,74,31,63,1,23,17,2,16,9,99,12,78,37,6,85,29,92,73,82,66,54,19,81,88,96,97,67,10,91,38,46,71,24,75,28,7,68,52,41,39,48,49,77,76,86,8,59,25,53,3,20,43,15,36,79,40,62,64,89,84,4,95,51,14,69,13,72,70,55
108,1.7449269819480833,0,32,65,70,60,57,78,56,79,99,77,16,64,71,36,19,21,53,4,74,88,22,25,63,14,30,38,80,87,97,91,20,12,50,59,7,69,48,90,93,5,29,98,28,18,34,96,67,94,37,6,75,9,3,51,33,35,1,40,44,85,23,54,89,58,55,73,66,52,10,68,92,61,8,39,17,46,62,49,43,13,76,82,47,72,41,95,81,84,26,27,2,45,86,11,83,24,31,15,42
109,1.6371120002659154,0,47,70,51,85,41,64,75,2,5,43,30,68,29,56,86,74,95,92,91,53,3,11,83,57,79,16,55,87,14,77,82,62,36,49,81,48,63,54,76,24,44,31,88,65,9,6,22,61,67,96,17,18,32,93,28,19,13,27,39,21,42,4,40,1,34,60,12,69,46,99,80,58,15,33,50,26,20,52,71,45,38,59,7,90,8,73,94,23,84,97,66,89,98,37,25,78,72,10,35
110,1.6174589880392887,0,51,89,27,72,45,59,86,57,97,73,75,29,38,44,20,88,19,16,79,50,34,12,14,71,64,43,54,5,99,80,37,53,84,52,63,41,4,83,74,35,56,85,17,66,48,92,9,18,24,7,93,82,58,33,49,77,90,47,98,28,95,40,13,8,2,55,11,68,15,10,81,21,69,36,46,39,3,30,62,94,32,60,67,70,25,6,65,91,26,76,96,31,1,87,78,42,23,61,22
111,1.5109379915083991,0,7,64,51,75,37,72,88,68,13,97,67,59,56,69,77,45,23,20,48,29,86,66,38,11,12,89,8,63,44,2,57,42,55,92,82,40,39,99,25,30,27,58,70,18,22,81,49,10,80,31,46,93,90,61,33,94,65,35,36,54,85,83,14,78,16,15,43,84,71,91,60,5,87,96,41,6,52,21,53,79,9,1,47,34,3,19,4,24,26,17,76,98,73,95,28,62,50,32,74
112,1.5902589960460318,0,50,46,67,2,94,59,13,40,66,15,20,68,97,57,26,12,10,70,27,73,23,39,37,92,56,4,41,9,3,96,87,21,64,93,36,11,38,48,95,25,69,81,98,45,29,18,80,58,71,34,19,78,83,74,32,55,31,43,7,85,24,90,35,30,6,54,86,52,77,42,84,5,22,62,44,91,16,61,89,14,99,75,79,72,17,33,60,28,51,47,8,65,82,53,1,76,63,49,88
113,1.4199720001943206,0,58,44,34,84,62,79,65,22,12,66,11,50,88,45,71,33,49,15,80,24,92,39,46,31,91,73,64,95,68,42,3,27,60,26,20,72,69,86,29,38,37,13,8,17,67,89,90,40,35,82,98,78,51,96,76,77,16,5,47,85,70,25,9,10,18,48,94,41,53,83,32,52,2,87,43,1,75,28,93,6,36,74,7,4,14,99,54,21,61,63,19,55,81,23,57,97,56,59,30
114,1.5453819931135513,0,41,57,35,93,88,19,12,28,63,84,46,14,82,5,86,29,43,27,25,52,42,53,55,40,13,32,23,67,80,17,68,75,61,58,4,33,81,51,76,11,94,37,60,87,65,21,97,2,16,66,34,72,47,20,45,89,10,54,36,77,99,98,71,83,18,69,92,3,49,59,85,64,78,79,91,70,30,15,26,56,73,8,50,7,90,96,1,24,22,31,95,9,48,74,6,62,39,38,44
115,1.7284619921119884,0,64,47,58,73,93,53,78,23,36,24,8,76,31,81,11,99,19,44,94,2,29,54,66,50,45,69,85,30,4,83,15,41,38,27,87,92,57,3,14,79,65,10,60,37,22,51,1,28,91,16,9,86,95,61,26,68,70,55,75,77,90,33,49,71,89,7,17,18,96,35,62,82,43,97,12,34,48,5,59,25,72,84,52,40,56,42,6,80,21,98,39,88,46,13,74,32,20,67,63
116,1.6200510029884754,0,53,15,57,20,70,76,27,45,14,98,22,69,50,36,13,23,4,77,62,9,29,11,56,40,93,37,5,74,6,34,94,85,30,99,64,80,26,73,47,71,3,28,42,84,25,83,86,61,8,18,49,96,87,33,55,43,90,68,24,67,44,82,78,10,7,41,1,52,81,16,54,39,31,51,89,63,66,72,65,46,75,60,17,35,79,58,97,88,59,12,21,91,19,95,92,32,38,48,2
117,1.40228500548983,0,33,34,32,36,37,99,6,54,87,65,48,19,66,1,12,18,7,79,97,47,82,96,52,13,20,94,56,73,78,62,63,43,39,41,27,84,46,86,76,89,59,16,60,93,9,14,50,11,51,24,17,30,57,55,92,28,68,64,5,91,8,58,80,49,71,95,23,75,61,74,69,77,10,44,72,35,26,15,42,38,53,88,3,40,25,21,81,67,45,90,22,83,70,98,29,2,4,85,31
118,1.6377639952097525,0,14,18,32,11,23,88,91,3,21,70,94,81,1,34,31,22,97,30,13,50,71,27,51,9,96,55,45,84,90,78,79,35,65,63,26,95,44,57,92,8,93,59,6,87,67,49,24,64,16,77,75,89,12,36,80,33,56,10,60,72,17,40,82,76,42,47,61,48,37,28,2,68,73,53,98,41,66,43,69,46,25,19,99,39,20,7,54,15,74,5,58,62,52,83,29,4,86,85,38
119,1.5658149974042317,0,26,61,11,89,45,88,2,69,75,28,87,49,36,65,17,29,68,46,77,18,12,34,23,99,96,57,10,22,8,25,59,44,63,48,4,73,81,92,78,70,93,54,50,58,53,85,32,91,16,82,40,7,35,71,27,19,31,72,21,76,52,42,20,6,13,24,67,51,47,80,95,79,94,86,84,62,64,41,97,83,9,60,5,38,37,90,1,43,98,66,33,15,3,14,55,56,39,74,30
120,1.5312620048644021,0,98,80,32,17,60,9,83,59,5,74,15,52,3,92,51,37,4,53,77,6,36,46,82,63,50,93,72,18,89,75,33,38,48,84,11,99,58,87,21,73,16,12,54,97,20,96,57,23,14,40,42,43,35,61,34,90,19,81,39,25,26,95,70,2,29,45,27,88,28,22,8,1,76,30,13,47,68,55,71,86,67,85,79,78,66,10,91,94,64,62,24,31,69,44,56,65,7,41,49
121,1.450184995730524,0,9,81,19,24,68,33,56,39,78,26,74,8,51,5,43,12,49,16,60,96,57,91,46,48,80,20,73,35,58,99,95,59,32,4,64,11,34,75,77,88,87,93,15,6,3,85,54,10,18,79,25,83,63,62,29,47,38,22,44,65,40,98,82,55,1,71,37,70,52,94,30,69,42,27,45,84,31,17,36,92,7,61,90,72,89,14,86,13,76,97,23,21,41,50,2,53,66,67,28
122,1.6322709997330094,0,75,87,94,51,2,85,1,15,18,50,45,83,77,93,61,56,21,97,79,30,14,46,91,58,26,24,60,25,89,57,9,6,84,74,54,67,5,28,36,78,35,37,31,11,64,47,22,52,48,53,44,62,38,55,10,71,66,98,7,72,16,40,96,82,34,32,12,80,86,65,68,23,49,19,3,33,29,70,69,4,59,8,42,39,90,92,73,27,76,63,43,20,13,95,99,17,88,81,41
123,1.7271389890593127,0,48,68,61,85,76,8,25,93,98,90,66,34,71,36,35,30,80,26,49,42,65,69,83,39,10,99,19,64,23,18,57,58,22,37,74,84,9,92,62,1,29,7,31,97,52,14,28,15,13,53,67,21,4,94,56,78,91,82,81,46,45,89,41,75,86,11,43,50,24,5,63,88,70,73,2,16,44,59,87,47,54,95,77,55,38,51,79,20,96,3,17,33,72,32,6,27,12,60,40
124,1.514431997318752,0,69,15,19,75,39,32,6,56,73,86,63,88,61,66,70,96,91,77,95,79,54,90,17,48,1,27,57,4,23,36,45,58,64,20,14,31,13,24,29,50,76,16,53,92,10,8,46,83,47,9,49,5,81,34,94,12,22,37,41,89,7,59,93,65,99,87,44,85,38,68,52,25,78,97,42,40,62,51,84,35,98,82,30,74,28,2,67,26,71,43,33,11,18,3,21,80,72,60,55
125,1.6438339939923026,0,62,80,4,38,44,25,99,65,61,59,5,47,39,7,82,58,1,98,76,37,89,56,83,66,73,43,12,50,27,40,9,91,24,92,81,70,3,84,17,10,97,28,23,77,79,11,63,78,33,95,49,16,60,19,18,86,36,87,53,20,57,34,30,14,71,55,26,29,13,2,94,90,31,15,46,51,45,68,6,54,74,64,32,88,48,75,85,41,35,72,69,67,52,42,8,21,93,22,96
126,1.5256099994294345,0,40,45,33,43,32,52,65,99,37,34,15,46,48,19,77,28,80,11,66,3,50,7,9,60,84,68,44,26,98,72,35,14,62,90,89,17,47,30,20,70,87,83,12,86,6,31,71,5,81,73,22,4,57,8,92,24,64,25,16,49,96,85,51,56,82,23,1,18,97,2,75,53,54,63,61,94,93,74,36,59,13,42,38,41,27,58,55,95,69,79,67,91,78,29,10,76,21,39,88
127,1.6624099850196217,0,52,65,29,78,94,59,35,69,44,21,64,30,81,84,56,31,93,97,11,51,85,62,86,54,3,10,96,99,25,27,87,7,23,12,13,32,2,47,75,83,95,50,89,34,71,28,18,16,90,67,19,91,20,92,38,37,40,46,88,42,70,60,58,5,63,8,82,73,53,41,68,45,1,43,72,55,17,4,57,61,6,14,15,48,49,33,74,66,26,76,9,80,98,79,39,22,36,77,24
128,1.578239000045869,0,89,27,76,55,62,21,57,2,33,99,10,84,19,31,63,71,48,47,9,29,93,35,70,18,11,1,65,28,92,45,82,50,36,74,80,34,81,26,97,53,38,85,14,69,42,4,79,67,44,8,20,56,78,87,90,73,15,94,16,43,49,41,88,46,98,12,52,6,86,24,96,64,5,66,32,3,95,77,17,54,39,40,72,60,58,59,51,75,83,7,30,25,23,22,68,61,37,91,13
129,1.791535998450854,0,10,17,95,20,64,9,44,31,28,76,88,54,51,90,66,52,70,26,25,60,91,33,37,72,56,4,49,74,6,92,86,8,12,13,36,97,59,85,11,24,69,18,58,96,38,83,77,48,27,45,98,46,30,42,55,5,41,40,7,53,71,87,94,84,34,78,61,29,62,35,50,57,43,89,39,93,22,16,1,73,81,2,75,3,68,63,80,21,23,32,15,67,79,65,14,99,82,19,47
130,1.7441730071877828,0,91,55,15,63,12,76,96,61,42,24,8,43,73,5,39,54,16,95,26,60,92,93,69,51,21,7,81,1,20,94,38,74,68,3,87,75,48,6,58,90,72,85,32,14,10,89,23,9,56,4,88,80,84,64,37,17,44,19,66,65,59,13,99,52,70,98,79,28,45,83,78,62,31,67,40,41,77,97,11,25,2,46,29,30,33,22,57,71,86,47,36,53,18,50,34,27,35,49,82
131,1.605341004440561,0,61,65,29,7,79,27,9,90,46,99,41,18,28,13,53,98,72,97,17,34,56,21,14,51,77,91,68,12,24,52,22,69,5,50,63,45,40,31,82,70,23,32,2,57,3,48,8,73,20,37,16,30,81,76,96,60,95,66,1,11,33,84,86,38,44,6,87,88,36,71,19,4,78,55,93,10,83,47,26,85,15,80,64,62,25,89,75,58,39,49,59,43,94,92,74,42,54,67,35
132,1.4174360003671609,0,17,58,31,68,28,80,34,27,52,65,96,85,59,97,4,36,79,25,92,81,75,73,45,57,23,77,32,83,95,64,8,5,18,72,12,91,15,86,48,1,7,99,98,42,61,53,46,2,13,69,24,56,19,35,87,84,47,16,55,10,90,33,40,50,67,44,9,26,82,78,54,70,41,51,93,6,21,38,37,62,20,76,74,60,29,43,89,94,63,22,3,49,88,39,11,71,30,66,14
133,1.8861799865408102,0,75,82,37,76,54,52,92,79,21,72,95,29,69,47,26,66,44,1,15,45,6,8,74,17,91,4,3,46,61,86,22,71,27,9,63,88,85,10,62,83,25,19,90,30,34,18,51,20,38,12,35,48,28,77,42,70,67,60,65,50,7,81,80,78,40,32,41,33,11,16,49,68,43,99,96,23,14,2,84,87,55,13,58,53,39,57,24,36,5,64,97,94,56,98,89,31,59,73,93
134,1.7390920013422146,0,55,28,97,15,57,24,45,86,38,76,92,60,61,21,4,59,7,46,30,6,37,58,93,84,77,16,17,40,23,99,42,34,52,81,66,27,72,35,33,68,5,11,8,91,10,94,31,48,26,96,56,49,19,1,67,63,95,71,85,13,39,3,29,41,69,32,50,98,89,87,12,78,43,70,44,65,14,47,82,64,22,90,53,75,74,20,88,80,18,54,62,83,36,2,51,79,9,73,25
135,1.4988789870549226,0,20,44,18,26,2,29,45,62,40,24,41,33,8,94,69,76,10,88,90,48,99,46,15,58,22,75,52,47,71,77,59,81,57,80,35,31,60,78,53,92,56,1,64,68,25,23,98,73,54,74,63,83,3,27,95,82,13,11,34,42,79,91,4,51,84,6,70,66,36,72,32,97,61,30,7,96,5,65,50,17,28,12,55,85,37,89,9,38,16,43,87,67,19,86,49,93,21,14,39
136,1.4987600046260923,0,20,89,11,44,90,24,42,67,38,76,18,75,79,9,12,70,61,36,1,84,33,72,97,57,55,91,59,21,53,39,22,6,3,32,14,34,48,82,86,30,45,46,15,96,94,2,31,19,87,78,25,54,66,17,62,85,49,74,29,26,77,52,7,93,99,63,23,69,65,88,98,56,10,5,43,13,4,27,51,95,58,41,73,8,68,92,28,60,71,16,83,35,80,37,64,40,47,50,81
137,1.6374409997806652,0,59,2,78,13,23,98,79,52,73,39,14,84,62,12,76,86,91,48,66,24,61,38,56,31,47,95,29,20,74,4,87,94,88,45,57,97,7,17,15,68,46,96,26,75,67,5,65,10,19,30,36,3,41,8,44,28,1,80,11,18,58,51,37,92,63,43,25,71,99,85,83,53,32,93,89,90,27,35,34,72,54,50,82,49,40,70,9,33,64,6,22,16,69,55,77,21,60,42,81
138,1.7826339973671566,0,85,99,41,23,19,33,76,2,83,16,1,80,95,98,45,9,84,69,14,50,60,75,48,20,64,56,61,35,87,94,18,22,86,7,73,49,81,13,91,6,17,11,58,40,89,31,74,67,8,78,71,72,57,25,3,44,15,51,92,55,96,62,36,68,77,46,39,21,5,32,47,29,65,52,90,10,97,42,34,79,27,24,93,43,30,53,70,63,82,4,28,66,88,26,54,37,38,59,12
139,1.5754499922259129,0,64,82,16,12,62,2,41,21,10,69,38,87,4,13,98,90,85,32,67,15,3,34,20,51,73,50,11,80,30,47,91,8,65,70,23,14,86,68,93,66,28,76,58,79,22,40,42,6,7,39,97,78,5,29,27,9,84,53,48,59,60,49,89,71,46,35,25,88,74,94,81,24,54,1,45,44,18,52,72,61,92,36,75,83,43,77,63,55,33,26,56,96,57,95,17,37,99,31,19
140,1.545298998200451,0,55,18,5,28,42,7,12,72,67,22,51,81,14,17,41,25,54,33,62,49,76,90,85,36,47,91,53,87,96,73,50,94,29,30,19,74,64,40,83,77,27,75,52,39,4,97,23,24,66,37,8,61,16,43,35,11,44,71,88,60,10,92,59,63,6,58,78,57,26,20,46,65,38,13,82,89,99,34,45,56,98,86,70,68,93,9,69,1,3,21,84,2,95,32,31,80,48,79,15
141,1.7804509923153091,0,85,2,69,7,96,89,88,33,19,78,14,99,21,90,9,43,35,20,68,95,64,80,32,50,48,30,82,76,56,16,12,17,98,27,91,81,10,71,60,3,65,31,37,39,86,38,41,84,52,63,75,55,4,24,92,40,8,29,13,67,79,26,22,18,46,23,83,54,58,73,49,45,93,97,74,44,70,59,6,34,28,15,61,77,5,72,66,87,47,25,57,62,51,53,11,1,42,94,36
142,1.5235499902330503,0,46,9,14,94,2,33,74,97,66,93,63,22,96,49,43,36,65,72,30,20,87,21,47,27,28,54,68,51,48,90,56,55,3,76,58,34,23,41,45,69,32,12,85,40,73,39,83,88,91,59,60,70,95,17,80,71,10,82,1,61,50,29,98,37,26,42,86,64,99,52,67,77,38,11,31,13,84,75,25,79,35,44,16,92,18,89,8,7,6,15,62,24,53,57,4,19,78,81,5
143,1.4340589976345655,0,98,33,76,51,99,34,48,30,13,44,18,36,37,26,89,17,21,5,56,97,45,96,43,61,58,32,80,53,92,8,62,67,27,88,3,42,38,95,25,84,31,22,74,57,85,7,54,79,82,40,87,10,66,23,2,59,91,41,68,83,15,19,70,6,52,86,81,29,11,93,35,28,55,75,90,65,78,1,72,77,94,50,12,20,69,14,46,24,73,71,4,64,60,47,49,63,39,16,9
144,1.4743539936607704,0,42,92,39,52,18,83,34,94,65,74,97,59,50,21,23,51,47,90,2,48,91,27,26,40,76,64,98,68,49,78,89,73,5,19,80,30,33,11,8,12,82,88,1,6,67,38,55,57,36,43,17,41,66,28,61,44,96,58,15,86,25,87,37,35,81,20,9,13,60,31,45,84,7,53,63,72,29,56,32,75,10,3,54,77,62,70,24,71,95,14,4,69,16,22,46,85,93,79,99
145,1.5353110076175653,0,47,34,93,12,2,70,77,65,33,36,57,9,45,94,18,5,13,16,64,42,98,39,79,89,38,19,86,4,53,22,92,99,52,80,58,81,21,28,72,74,83,23,43,69,78,85,11,6,88,32,96,82,91,27,49,95,76,46,66,51,14,15,40,50,71,29,73,60,1,20,17,68,90,10,30,55,25,84,37,63,87,24,31,75,54,61,67,7,41,35,97,26,44,8,3,62,56,48,59
146,1.425089991709683,0,49,66,81,51,86,19,15,25,83,11,13,16,23,99,90,79,47,76,28,42,58,31,2,30,77,65,69,80,88,21,26,48,54,64,62,59,98,52,5,95,8,18,27,1,22,14,60,6,89,39,91,41,63,50,57,44,46,61,38,20,55,96,12,10,85,24,43,37,4,34,78,94,72,93,35,53,75,3,82,68,45,92,74,70,9,40,32,67,56,7,73,87,97,29,84,17,71,36,33
147,1.7728399959742092,0,38,14,83,26,56,78,79,21,67,47,94,10,64,82,4,58,44,80,8,40,11,7,15,62,28,24,25,66,30,52,23,31,2,99,90,65,49,6,71,34,5,84,73,1,74,72,91,41,63,98,39,18,46,77,70,88,60,32,76,36,45,13,87,50,59,16,92,43,19,22,42,93,53,33,27,48,96,35,57,95,17,3,68,54,81,86,89,9,55,61,51,29,85,69,12,20,75,37,97
148,1.4327700074354652,0,26,89,85,22,23,64,79,68,94,28,58,34,81,53,40,42,97,72,51,19,6,35,88,31,82,14,5,27,61,67,80,73,7,92,60,57,55,59,46,65,75,15,3,48,95,47,86,37,18,39,2,17,62,71,56,78,43,36,63,16,8,44,10,25,32,29,12,54,11,50,84,20,69,77,21,52,66,91,49,83,45,98,96,70,24,93,38,30,99,74,4,13,76,41,90,87,9,33,1
149,1.510841996484487,0,42,5,56,61,58,44,98,63,76,14,88,38,83,8,68,82,33,6,90,41,99,13,94,39,18,46,32,91,30,49,4,93,59,28,24,35,3,52,36,16,15,54,48,77,26,34,84,96,31,89,10,69,78,12,79,95,22,47,92,17,66,25,43,73,70,71,55,86,7,60,65,45,87,9,37,57,11,67,80,85,81,75,53,74,40,1,50,23,2,21,62,29,51,20,19,97,64,72,27
150,1.6161250020231819,0,45,9,15,34,18,30,43,71,17,31,88,16,38,87,19,77,68,57,54,3,37,84,58,66,50,82,79,70,25,91,33,83,48,26,95,44,41,73,59,52,39,93,86,97,49,67,96,69,22,4,36,1,21,75,24,62,64,74,35,76,90,32,60,8,72,13,28,7,89,51,78,2,55,29,81,85,14,27,6,40,99,42,47,46,12,11,98,94,10,80,5,56,53,65,92,20,63,61,23
151,1.5193539971496648,0,18,99,46,13,85,38,14,39,34,27,94,29,42,36,88,60,86,69,26,59,75,40,16,64,1,25,58,61,45,91,8,84,49,28,53,31,2,35,70,52,67,15,44,80,10,5,63,79,21,71,72,93,77,97,22,43,55,50,87,95,7,96,33,56,76,3,20,24,89,82,30,62,78,92,98,65,12,54,4,48,90,6,73,17,51,83,74,41,32,66,9,37,47,11,68,81,23,19,57
152,1.7686829906451749,0,72,19,13,48,69,60,77,56,29,4,81,31,30,76,21,93,50,1,49,58,36,3,33,62,70,79,39,47,89,65,90,7,88,5,22,52,91,74,10,14,95,97,9,6,68,98,34,55,80,84,20,82,71,73,57,18,8,63,40,12,23,41,42,54,35,16,99,43,96,75,64,87,15,24,11,37,26,38,61,28,94,66,32,83,67,78,85,51,86,27,44,53,46,59,92,25,2,45,17
153,1.5312029940905632,0,31,46,33,70,15,90,52,54,19,22,6,97,28,83,89,43,10,88,39,78,58,65,26,85,63,84,42,76,21,13,40,79,35,2,59,50,32,75,25,92,49,81,18,56,29,74,73,48,37,27,94,12,99,38,45,86,66,20,77,17,8,51,16,55,24,69,36,93,67,53,47,60,30,4,7,11,91,14,64,23,57,80,96,9,41,72,62,71,3,61,34,95,44,68,98,87,82,5,1
154,1.4112379871075973,0,96,31,28,97,27,40,69,77,92,49,42,46,18,78,44,56,84,9,83,4,47,60,6,74,48,72,55,22,16,57,79,33,66,37,32,76,12,45,67,80,26,30,14,50,99,11,1,65,63,59,89,98,86,51,5,91,34,15,53,90,39,41,21,58,82,35,25,13,70,2,23,93,17,95,38,24,20,88,10,3,68,81,62,19,36,73,64,61,71,43,75,8,7,54,94,52,29,87,85
155,1.644459985080175,0,29,94,30,13,37,55,44,65,10,95,73,97,89,15,47,27,45,2,31,53,58,42,99,90,16,69,74,36,66,93,25,51,14,63,75,22,62,3,49,7,77,41,18,72,34,88,19,24,32,50,11,91,23,67,98,86,81,76,92,60,70,12,82,48,39,35,54,79,71,61,83,56,8,26,33,64,96,78,1,59,17,4,57,84,38,21,5,40,68,28,9,20,87,52,46,85,43,6,80
156,1.5980439918348566,0,36,80,11,50,6,65,41,14,97,33,84,55,85,10,12,74,31,20,95,72,63,68,83,89,28,16,58,57,38,86,17,92,77,46,29,4,91,99,59,32,19,25,24,30,76,62,3,94,78,5,23,48,43,40,71,98,52,9,8,26,7,79,44,96,67,82,93,49,18,2,53,70,1,64,56,39,87,88,13,27,22,90,21,61,45,69,35,73,54,51,60,34,66,37,42,81,47,75,15
157,1.4827599963464309,0,7,65,6,5,93,58,33,44,13,67,48,91,45,84,14,30,80,70,52,29,92,81,75,1,88,2,46,79,50,31,24,83,57,55,95,21,25,77,51,19,16,11,96,42,76,41,82,4,69,59,72,87,63,86,60,66,37,27,43,17,20,32,10,36,89,23,15,9,40,73,22,56,97,85,68,78,3,12,98,62,54,39,99,35,90,47,28,38,34,61,71,49,26,8,18,53,64,94,74
158,1.3838169978262158,0,70,11,93,15,27,84,65,60,82,94,67,35,33,20,17,85,88,3,26,34,55,14,61,95,96,76,37,18,9,83,47,1,25,48,77,57,64,46,23,19,2,43,92,49,42,44,71,63,4,52,91,68,24,86,12,36,41,5,54,73,13,50,53,8,56,79,90,75,39,40,30,98,21,38,22,58,59,97,87,32,81,31,89,62,80,29,72,16,28,74,99,69,6,10,78,66,7,45,51
159,1.6106690019951202,0,53,71,5,11,37,27,67,99,77,33,72,35,48,47,95,58,74,4,23,46,18,90,50,94,15,66,57,83,79,96,19,36,84,61,1,10,44,87,98,6,14,89,24,86,16,92,7,85,12,82,97,80,75,29,31,63,3,26,68,8,73,25,13,64,28,55,93,54,38,52,34,43,56,69,30,41,21,39,81,20,40,70,51,91,17,59,88,42,22,60,65,32,76,78,9,45,62,2,49
160,1.5934369972746936,0,47,56,38,49,48,28,66,89,91,77,51,4,65,44,10,86,35,6,39,27,59,93,14,32,37,30,57,92,20,98,31,5,25,52,1,62,63,70,75,72,53,2,7,99,82,74,80,73,9,97,61,58,78,71,60,24,83,50,95,94,79,41,84,55,67,22,85,64,68,8,69,29,42,36,90,19,17,81,16,96,21,23,76,54,15,45,18,13,46,88,33,12,11,3,87,34,40,26,43
161,1.7131919995881617,0,72,12,95,44,29,26,46,53,76,27,62,34,42,94,36,15,22,70,6,80,66,51,92,17,55,82,3,90,14,38,85,63,93,83,64,40,7,81,88,60,96,30,8,41,87,4,18,13,97,45,28,86,43,1,37,9,79,2,68,33,32,25,20,61,73,58,50,65,10,16,54,35,98,67,31,77,11,48,91,59,74,75,84,89,24,47,57,21,19,78,52,71,56,5,69,39,49,99,23
162,1.7849149950779974,0,73,17,38,10,19,96,72,44,62,53,83,37,71,70,82,7,46,41,6,45,49,59,56,32,25,27,51,39,60,91,92,65,24,54,40,79,81,97,77,18,35,29,15,64,69,94,66,80,28,23,86,4,3,22,93,13,99,50,85,47,52,5,9,42,30,48,16,57,36,95,67,26,20,34,31,12,90,14,11,43,89,87,2,8,58,68,21,84,76,1,55,61,75,33,63,74,88,98,78
163,1.6588539961958304,0,74,86,31,93,48,73,24,36,81,46,40,21,61,65,18,8,3,29,17,98,54,15,55,91,58,43,72,6,56,12,42,20,60,84,76,25,41,2,78,51,5,68,50,82,27,70,85,49,26,63,1,95,32,4,69,96,23,83,14,99,38,87,66,90,28,30,11,89,52,33,53,34,62,37,9,7,16,92,10,35,67,79,75,71,57,88,19,64,97,77,80,45,13,47,44,39,22,94,59
164,1.667371999938041,0,84,26,94,18,99,37,50,58,67,1,42,30,3,91,97,88,9,41,68,96,65,29,11,87,72,25,20,5,70,76,46,47,64,16,22,27,17,43,51,52,23,32,36,85,61,82,98,55,79,21,14,13,73,90,44,89,48,74,75,2,15,77,34,54,31,80,56,57,49,39,40,8,69,4,6,92,10,24,59,19,35,33,7,60,53,81,28,95,71,12,63,83,78,66,38,86,93,45,62
165,1.42271200207324,0,90,58,42,75,45,52,86,29,67,3,68,35,37,5,7,19,73,98,55,93,31,66,60,33,69,50,46,10,51,79,49,44,47,78,34,21,71,16,94,88,72,41,1,62,61,32,4,53,89,54,97,36,77,48,11,13,56,27,22,80,64,38,96,74,30,43,39,8,2,92,23,84,14,95,65,17,25,83,20,82,63,70,59,99,6,12,85,57,40,91,87,28,9,24,18,15,76,26,81
166,1.6652299918350764,0,25,82,83,44,8,64,20,59,45,28,14,67,80,11,23,27,71,95,13,51,41,46,39,61,1,79,72,5,56,53,38,10,43,99,48,65,78,12,30,2,47,90,93,4,21,86,58,17,29,34,52,94,97,92,91,31,85,22,16,84,9,87,18,63,68,60,74,15,81,96,19,62,88,3,75,36,98,40,73,6,55,26,69,89,50,54,57,37,76,49,24,66,33,42,70,7,32,35,77
167,1.7319830090946198,0,57,94,12,38,82,84,89,47,24,97,76,36,2,99,64,73,22,71,19,20,18,16,68,14,65,86,25,30,60,92,79,32,59,95,35,42,10,72,5,41,75,48,96,90,81,26,1,77,80,33,69,54,98,21,67,43,62,39,49,70,66,37,7,34,13,91,55,61,15,51,27,4,44,9,17,63,29,74,53,87,40,23,88,56,83,45,11,50,93,6,3,31,85,78,52,58,46,28,8
168,1.6932070041657425,0,19,7,18,82,95,48,34,5,61,6,20,67,15,12,37,86,28,83,92,33,22,31,94,17,30,96,79,73,4,76,41,70,38,57,93,78,23,27,36,72,8,98,69,63,65,35,77,42,60,26,46,51,62,16,53,29,10,14,49,50,1,21,90,85,43,3,45,66,88,52,71,9,80,97,32,58,47,13,59,84,74,87,54,44,24,99,2,81,56,11,39,89,75,64,25,91,40,55,68
169,1.6460440025257412,0,89,47,61,72,40,77,13,62,36,10,84,22,70,53,92,85,14,29,80,59,88,99,97,33,93,28,74,60,7,43,82,26,63,45,66,15,17,52,23,67,42,73,34,55,2,64,91,49,98,3,71,94,27,25,12,41,48,21,58,31,6,1,19,32,83,76,16,68,38,54,8,5,24,4,87,90,46,79,69,96,95,11,86,18,39,57,56,35,51,81,9,37,78,30,20,50,44,65,75
170,1.6333249954673192,0,36,64,17,59,21,16,75,71,46,53,51,94,8,22,23,90,2,56,92,29,5,70,55,33,45,30,19,48,49,58,57,65,15,84,77,96,42,87,11,61,89,86,44,47,74,37,98,99,85,38,83,32,95,28,4,24,93,26,67,20,97,34,39,78,13,82,6,73,52,76,25,80,10,68,81,40,1,66,54,7,14,27,79,88,72,60,91,41,63,9,69,12,18,3,43,50,31,35,62
171,1.7218659942154773,0,58,66,55,69,38,19,92,22,1,75,9,97,31,10,56,29,42,26,68,82,32,18,70,85,28,3,62,34,99,86,74,48,98,41,15,91,37,78,35,77,21,40,87,36,61,43,45,17,47,49,13,46,73,11,54,14,88,63,72,71,30,80,76,64,94,96,27,20,5,16,90,44,4,67,60,93,50,53,6,12,52,25,83,2,95,59,33,24,23,39,79,81,51,65,84,8,7,89,57
172,1.4926809891621815,0,75,44,62,80,39,66,46,70,93,20,96,72,19,64,16,42,48,33,43,49,31,30,7,51,73,92,18,84,10,5,74,21,91,94,89,45,60,25,87,88,15,1,82,28,34,97,53,40,57,52,9,27,6,67,79,86,41,65,78,8,50,58,85,35,2,56,90,3,4,55,59,14,22,98,54,77,36,71,17,99,68,26,32,95,81,29,38,13,23,12,11,63,37,24,76,61,69,83,47
173,1.5136400017945562,0,96,80,47,16,87,75,81,25,62,39,64,60,40,68,51,49,88,73,29,24,52,22,34,74,94,4,14,66,67,23,56,9,92,27,17,37,8,36,18,71,26,79,11,84,53,61,38,32,31,59,6,77,1,89,35,99,13,65,28,85,91,63,70,95,7,33,46,90,41,86,12,97,5,43,2,83,30,10,15,78,50,98,19,93,76,54,82,21,69,57,3,48,20,55,45,58,44,42,72
174,1.6201209929640754,0,38,95,4,45,24,94,49,52,29,40,33,87,44,74,79,55,78,51,48,65,34,97,17,76,67,41,68,9,28,43,72,18,58,20,39,83,53,8,50,91,6,84,80,5,31,81,82,11,42,99,10,19,62,2,66,63,47,92,35,32,13,27,46,71,23,75,61,14,57,22,3,12,86,77,88,98,90,85,16,69,73,89,25,7,21,36,1,54,96,59,64,15,93,37,60,30,26,70,56
175,1.5390849944669753,0,97,55,86,26,47,84,9,59,2,69,23,85,36,29,90,4,83,7,60,82,78,8,20,75,61,76,28,38,94,37,1,41,34,67,48,39,99,77,87,21,25,52,10,22,73,88,63,98,92,24,12,74,40,64,58,13,42,56,51,70,57,68,95,14,15,16,66,44,54,93,31,46,96,72,53,43,27,32,71,89,18,19,35,45,80,91,50,49,30,65,6,3,33,79,5,81,62,11,17
176,1.8279499987402232,0,63,70,84,53,7,38,42,69,55,33,28,65,2,80,52,89,72,20,22,81,40,94,85,24,54,57,36,10,83,95,98,71,11,39,88,75,1,92,16,67,3,58,49,50,17,27,79,47,35,59,97,56,62,48,77,8,46,74,9,29,19,68,61,14,12,37,34,23,99,78,4,26,41,96,64,66,15,87,60,73,51,6,93,90,18,86,13,21,5,82,30,76,31,32,91,25,44,43,45
177,1.517739003058523,0,66,99,64,12,61,76,52,91,62,39,15,56,82,25,26,14,5,37,57,29,71,98,16,87,80,53,4,51,74,21,18,20,58,95,42,84,17,85,6,22,93,34,38,83,41,79,32,1,30,86,31,13,60,59,45,27,40,28,97,19,65,73,49,72,81,11,67,48,96,47,3,46,88,94,35,55,92,24,33,10,9,50,89,90,2,70,75,44,8,23,78,54,68,7,63,77,36,69,43
178,1.6805379888101015,0,38,63,44,91,26,47,32,31,18,45,17,21,55,83,46,10,88,66,35,57,27,67,29,25,58,98,40,1,70,72,52,23,48,19,69,92,37,51,71,33,89,87,28,2,77,12,54,61,60,39,36,84,93,15,8,16,62,7,42,97,75,85,81,24,90,6,11,99,74,65,9,80,56,59,13,43,50,86,53,79,34,20,41,73,68,96,78,64,22,14,4,5,3,76,49,94,95,30,82
179,1.5234229931957088,0,13,50,81,64,45,28,22,27,38,35,62,30,49,61,80,72,29,67,90,16,85,89,53,36,15,77,58,34,52,97,9,94,11,47,60,55,44,42,5,1,39,17,82,10,88,86,31,70,65,63,73,51,75,8,33,74,98,19,7,69,54,23,21,48,25,37,26,41,43,2,59,79,20,24,68,71,84,99,66,46,18,56,87,6,92,95,12,91,93,78,4,32,96,3,14,76,40,83,57
180,1.6014569861217751,0,86,45,24,77,36,31,59,66,15,30,20,91,8,90,60,42,11,32,23,63,22,39,56,75,43,84,80,47,69,57,49,21,64,79,81,78,29,55,25,83,10,85,3,2,16,48,98,97,67,70,44,89,6,33,76,18,51,53,46,68,95,26,13,1,58,35,88,52,4,14,99,96,93,82,62,74,87,71,54,41,61,37,92,17,5,73,38,12,65,34,72,50,7,27,40,19,28,94,9
181,1.7249129961346625,0,38,78,67,44,59,1,72,32,61,30,91,34,9,47,73,5,52,86,46,95,36,66,25,26,2,24,48,85,57,68,39,98,75,11,55,71,15,77,43,53,62,64,83,6,21,29,37,89,84,79,31,51,70,65,96,3,35,17,10,14,28,49,42,60,41,56,40,19,76,27,13,93,82,7,12,87,23,81,16,54,88,22,50,63,4,8,99,33,74,18,90,45,69,92,58,97,94,80,20
182,1.6620409955612558,0,28,71,13,73,97,59,4,22,15,41,36,81,65,69,35,92,98,87,2,91,5,64,83,55,33,21,27,50,49,23,67,95,14,86,90,85,51,82,62,45,74,10,96,30,20,26,99,16,93,40,89,6,39,44,56,8,47,60,88,12,72,63,9,29,17,68,7,43,75,11,76,46,53,78,1,25,24,48,34,79,19,70,66,31,77,58,18,38,84,3,94,42,32,61,54,37,57,52,80
183,1.4133029916265514,0,2,81,85,63,80,66,89,76,55,9,41,36,52,53,67,69,95,29,4,6,17,97,40,12,15,82,23,48,22,57,79,35,16,93,88,25,51,84,50,42,62,60,75,78,3,61,7,45,19,91,73,20,59,65,33,71,77,27,46,87,43,44,30,64,28,72,5,83,74,14,49,98,94,39,90,18,8,47,26,21,58,56,10,96,70,38,86,32,92,34,68,1,31,13,54,37,24,11,99
184,1.6266299980652548,0,15,78,47,31,1,9,10,22,11,7,86,77,83,56,82,46,96,99,70,44,51,53,84,29,58,25,71,41,61,26,48,39,91,88,59,74,20,42,21,23,18,64,5,28,73,87,6,63,81,76,19,80,57,13,2,54,16,24,43,49,50,60,34,37,89,98,45,32,33,75,95,69,94,17,4,12,67,72,40,38,92,97,65,3,30,90,79,85,35,27,68,52,66,62,8,36,93,55,14
185,1.5233499973583093,0,17,40,89,81,67,87,30,86,72,55,77,97,24,52,41,84,53,5,23,54,33,50,13,94,76,66,98,93,78,91,51,35,1,19,59,22,46,58,65,73,10,25,90,48,70,42,16,60,92,82,31,7,43,57,11,68,83,27,99,2,32,14,79,95,28,85,61,88,18,49,38,96,62,20,56,80,75,74,39,69,29,45,15,9,44,47,63,34,6,4,64,26,36,8,21,71,3,12,37
186,1.5410149895469658,0,97,61,59,54,69,8,52,37,72,47,53,78,57,44,22,17,94,63,58,65,35,73,96,25,29,32,56,12,39,83,80,34,84,20,71,4,27,49,51,5,55,68,91,13,30,88,66,16,9,43,23,14,6,40,99,28,86,31,62,36,41,1,90,46,70,95,77,87,7,79,89,74,50,76,26,82,11,33,19,60,38,92,18,45,85,67,75,98,24,64,93,48,15,10,42,2,81,3,21
187,1.5671440025957963,0,28,73,49,37,4,23,67,2,78,59,8,55,14,46,86,13,94,44,63,82,96,72,16,90,27,85,58,87,76,77,92,79,95,68,81,7,19,62,40,15,18,93,35,11,20,25,45,57,60,74,30,3,50,31,84,43,32,88,64,21,38,52,56,22,61,10,29,42,33,24,71,97,1,26,9,99,75,34,83,66,65,69,17,39,89,12,53,36,48,98,54,47,5,70,41,51,91,6,80
188,1.4966809970210306,0,99,7,94,84,52,34,14,97,80,39,60,54,29,3,85,96,59,90,20,12,67,68,8,46,71,82,42,73,1,56,75,86,28,5,61,21,11,57,41,38,72,32,19,35,40,43,27,6,53,77,24,26,23,2,93,25,55,50,15,58,45,81,91,36,30,9,47,79,48,49,37,16,4,64,13,98,78,31,95,89,70,22,33,74,17,76,62,66,44,65,51,92,83,18,69,63,10,88,87
189,1.4865670008621237,0,56,17,13,83,32,9,16,15,50,57,41,46,71,18,90,6,7,26,69,82,79,20,42,2,36,93,8,12,60,10,59,87,89,63,4,34,44,95,77,33,14,54,27,37,25,64,24,3,88,31,48,49,74,35,38,55,72,47,30,73,29,45,19,23,40,43,53,85,61,86,39,65,80,52,78,28,1,67,5,70,91,97,75,99,11,76,98,66,92,22,51,58,81,96,94,62,68,84,21
190,1.4033040014619473,0,3,24,59,39,71,1,42,41,75,30,98,96,2,33,77,32,52,4,76,23,22,8,90,25,15,5,35,26,9,48,45,28,44,18,67,40,29,38,87,94,14,69,89,19,92,85,93,46,81,57,79,27,82,72,58,97,11,83,36,86,68,60,6,55,54,61,63,7,13,37,73,74,70,62,43,17,10,65,64,47,53,31,56,91,80,88,99,50,49,66,12,21,51,20,95,34,84,16,78
191,1.47767198722795,0,60,79,56,36,92,13,12,22,78,38,72,83,69,19,81,40,70,42,76,39,44,86,68,99,53,33,14,90,3,29,95,21,91,74,6,73,52,48,47,43,28,24,93,55,64,49,11,1,77,98,31,17,59,46,45,54,85,75,34,84,16,80,9,62,5,97,26,18,96,7,8,41,37,51,35,23,25,71,65,58,15,2,57,63,88,10,4,66,61,89,67,94,82,27,30,32,87,50,20
192,1.6661529877310386,0,68,99,15,16,92,87,8,27,83,31,49,53,36,71,91,14,43,20,9,30,33,81,61,98,59,80,89,82,64,67,6,90,74,32,94,77,84,65,60,18,37,78,85,10,45,73,95,72,93,19,96,35,42,97,3,21,5,28,88,63,38,51,26,12,39,75,47,57,86,50,79,70,25,2,13,7,58,24,34,22,76,1,23,41,54,29,17,56,66,44,11,52,4,46,55,40,62,48,69
193,1.6462840028852952,0,89,83,80,35,7,69,49,53,4,31,55,86,72,97,64,38,81,41,42,88,5,70,77,9,33,14,8,62,27,65,51,15,10,16,3,93,57,20,63,66,56,73,87,91,24,54,26,1,2,19,59,84,50,39,68,61,25,34,74,79,28,22,76,36,43,45,17,47,29,13,92,94,6,85,90,46,82,11,30,78,48,32,52,12,67,95,18,58,99,75,98,37,40,96,60,21,44,71,23
194,1.3889039959613,0,13,32,29,3,38,16,63,74,17,12,37,18,57,66,35,20,68,58,99,10,90,80,72,48,93,33,62,83,92,77,4,64,51,49,91,9,94,70,8,5,95,42,28,6,96,22,88,15,67,45,14,39,97,65,53,75,98,40,26,61,73,36,76,11,50,44,21,25,30,87,7,78,86,23,81,69,41,55,84,89,52,31,2,43,24,47,56,34,54,71,1,46,27,60,85,19,82,59,79
195,1.4158289953584244,0,57,55,50,6,71,48,53,10,17,87,66,3,27,86,58,1,80,2,91,35,68,26,69,93,62,32,15,63,78,83,12,25,7,77,61,59,72,64,75,74,96,42,11,46,47,8,30,88,84,67,29,28,36,41,21,40,18,16,43,89,20,4,5,24,98,19,95,73,70,99,31,49,76,97,92,51,82,79,22,23,85,90,94,44,37,38,45,56,13,65,81,14,52,39,54,9,60,33,34
196,1.7870989925650065,0,6,40,18,8,55,27,67,44,63,37,59,41,94,78,76,33,32,54,89,46,36,68,49,22,45,7,39,12,83,81,23,14,9,72,65,34,84,74,50,99,26,88,15,62,93,77,30,16,5,56,97,53,87,24,70,82,29,52,61,91,96,25,90,17,98,79,2,11,35,19,3,38,73,13,66,92,95,80,1,58,42,4,86,60,75,51,69,57,71,20,64,28,10,21,31,43,85,47,48
197,1.6676469962694682,0,53,17,10,49,64,40,85,9,46,35,66,90,47,11,67,7,51,15,59,26,41,32,5,52,42,78,73,86,87,84,50,31,1,69,4,24,29,20,34,27,61,81,2,28,77,93,37,30,99,65,96,16,3,71,33,19,23,57,76,62,79,89,83,74,54,14,48,70,36,88,91,63,55,39,6,98,60,43,44,75,97,13,94,45,82,72,58,21,8,95,92,68,80,22,12,56,38,18,25
198,1.4874789949535625,0,31,1,41,54,36,65,91,40,21,82,53,86,83,79,75,97,47,68,34,78,57,16,63,60,48,51,24,15,74,43,88,52,8,73,13,19,26,14,66,37,18,71,17,76,61,55,7,12,32,90,92,39,49,5,45,46,89,20,25,3,2,33,6,77,56,28,98,99,11,81,93,35,84,70,42,59,96,64,85,10,87,50,94,67,72,38,58,4,27,30,29,62,22,9,95,23,44,69,80
199,1.6192529973486671,0,37,83,15,82,1,38,70,49,24,69,91,35,68,33,85,13,93,34,96,80,55,54,53,44,76,62,66,86,51,43,9,92,94,87,29,16,40,67,32,65,7,25,46,45,81,2,42,99,58,8,19,36,72,48,97,60,59,78,88,27,28,20,52,50,95,47,21,6,89,22,79,64,84,39,71,31,74,75,10,12,26,23,41,5,18,90,57,14,11,73,17,3,77,98,61,30,63,4,56
200,1.5396819955385581,0,97,67,10,19,41,13,34,56,51,99,61,30,66,1,81,26,27,9,74,75,57,22,12,11,35,40,49,50,64,29,33,62,7,54,82,84,25,32,65,48,92,52,80,90,2,79,72,58,68,45,83,63,37,91,5,42,21,18,98,55,17,16,39,53,24,85,59,6,15,87,89,69,43,60,4,47,3,44,23,31,20,14,46,73,28,96,94,95,88,71,70,36,86,38,8,78,77,93,76
201,1.4004279935106752,0,89,4,55,45,20,33,59,51,53,40,99,75,81,94,24,43,30,87,7,56,66,37,78,15,25,2,79,12,22,32,36,21,14,71,6,27,93,9,73,28,1,17,80,86,69,96,8,5,10,91,3,82,29,65,42,44,18,67,38,13,49,57,64,47,84,23,76,26,34,72,97,83,39,48,35,63,85,46,61,31,11,52,88,92,74,90,68,62,19,77,54,70,58,60,98,50,95,41,16
202,1.5222919917287072,0,4,40,68,71,44,42,61,32,55,52,66,96,94,86,79,54,24,2,28,88,95,70,74,26,16,69,76,67,62,91,14,8,5,29,25,73,36,13,87,78,38,15,59,98,93,37,77,63,81,1,22,60,12,9,33,50,92,85,10,80,48,64,49,23,41,75,27,72,47,7,19,45,17,39,3,97,53,21,43,6,57,20,51,31,89,99,90,46,83,65,82,11,35,34,58,30,84,56,18
203,1.4682969874411356,0,22,11,18,41,74,73,70,40,67,92,80,35,24,91,28,21,1,84,89,14,77,65,44,15,20,76,3,48,75,30,78,62,12,81,49,96,71,6,4,37,51,7,54,52,32,5,63,13,72,38,88,93,46,10,60,66,97,99,58,26,39,83,34,2,29,61,50,16,55,57,53,8,33,64,56,19,87,94,90,79,36,42,85,45,68,69,86,43,9,95,98,59,25,47,23,27,31,82,17
204,1.5589140012016287,0,20,32,59,13,26,28,1,11,22,45,74,61,19,88,3,80,24,81,70,71,2,99,62,92,34,10,43,85,23,73,58,29,6,35,82,72,41,60,21,30,86,7,37,98,96,42,77,79,27,36,31,97,44,76,53,66,57,75,78,64,47,39,56,83,25,38,5,87,55,46,33,89,52,9,50,90,12,93,4,14,94,91,17,16,63,48,67,15,69,68,18,84,40,8,65,51,54,95,49
205,1.3746860002938774,0,46,24,83,6,30,53,5,63,16,60,44,68,59,95,45,72,78,19,98,90,73,69,67,23,48,84,26,43,21,94,97,11,3,51,66,38,28,61,8,74,14,32,15,99,47,50,34,10,7,70,2,31,57,36,35,81,79,87,77,25,76,92,27,29,71,33,62,37,82,64,52,54,49,1,18,91,17,86,42,58,80,20,12,65,41,40,89,55,75,88,39,22,96,56,4,13,93,9,85
206,1.432151991466526,0,73,6,3,29,45,51,94,89,86,61,28,97,31,67,16,33,47,63,76,64,69,35,1,87,83,80,46,25,32,50,71,85,53,42,90,60,82,81,39,37,68,26,55,43,52,13,2,75,41,22,54,99,10,38,12,27,84,77,36,57,74,19,95,70,30,23,49,58,17,34,59,56,20,48,14,62,72,40,8,93,5,11,79,9,21,4,15,78,24,44,96,91,65,66,92,98,18,88,7
207,1.3244369954627473,0,52,5,15,58,24,48,98,12,84,27,77,76,61,2,45,63,11,82,71,83,67,94,64,80,14,10,73,9,93,86,4,37,91,13,23,57,36,95,3,42,16,46,89,38,62,90,59,21,35,78,81,28,49,55,97,75,54,40,51,1,26,32,65,68,20,41,31,96,22,92,70,47,69,66,7,79,50,99,72,87,74,17,29,43,18,33,56,34,19,25,60,6,30,88,39,53,44,8,85
208,1.8460619871839299,0,79,78,21,4,29,70,58,57,23,11,19,24,49,97,39,99,85,35,88,2,96,15,42,44,3,64,63,13,12,26,47,6,18,5,40,1,61,89,7,67,10,38,59,48,17,34,33,22,56,71,76,53,92,95,25,68,36,72,9,62,91,28,8,37,52,51,46,14,45,81,93,77,75,27,16,94,74,98,41,82,60,65,32,43,66,54,20,83,69,87,55,50,73,84,90,31,86,30,80
209,1.41620099330612,0,65,6,59,69,4,84,39,7,13,50,95,19,75,70,90,18,66,8,25,30,37,77,46,20,11,53,94,61,2,31,36,38,35,55,71,43,88,92,42,9,52,27,56,22,87,86,68,62,51,73,67,81,63,26,49,15,41,28,32,12,58,85,79,48,5,16,93,23,72,98,57,97,24,91,44,45,78,80,82,83,60,17,40,96,64,3,21,74,99,47,54,10,34,33,76,89,1,14,29
210,1.604631994756346,0,79,7,76,34,68,58,92,50,28,42,82,70,30,22,13,16,93,65,64,20,36,43,10,9,49,44,77,99,60,11,12,90,19,74,53,37,88,1,72,18,8,78,97,17,24,35,23,51,96,71,61,98,27,83,89,45,39,54,67,75,66,6,4,95,55,46,2,94,15,3,14,87,38,41,81,52,26,62,56,85,32,40,21,59,57,69,86,33,31,80,48,29,47,73,5,84,91,25,63
211,1.673797997762449,0,28,47,71,4,84,63,21,97,3,68,74,79,15,30,34,33,58,61,39,7,41,81,11,98,5,62,72,14,49,48,37,56,52,27,32,83,6,86,43,95,77,90,51,40,94,25,36,55,70,80,88,8,35,19,44,82,12,50,24,45,16,31,99,93,26,54,57,76,23,67,10,92,2,64,13,85,59,60,9,91,87,66,20,53,18,96,1,42,17,75,89,22,69,29,46,65,38,73,78
212,1.6487959928781493,0,41,24,72,67,89,57,38,28,98,92,83,77,55,17,88,26,12,10,93,46,84,60,2,39,61,90,29,59,62,52,47,48,79,33,32,70,49,14,20,64,51,63,53,1,43,85,91,34,54,15,7,8,50,96,4,66,95,65,82,6,86,25,78,3,35,45,5,31,74,11,37,87,27,13,76,81,40,36,42,16,69,9,94,30,18,80,68,21,19,44,99,75,23,56,73,58,97,71,22
213,1.4712809916454717,0,91,53,70,56,94,74,64,65,55,43,81,77,37,58,88,87,23,57,80,52,40,1,49,50,21,86,45,66,59,28,85,7,90,4,54,71,99,79,10,25,18,61,89,95,60,15,47,82,13,69,24,84,41,98,30,39,12,48,46,29,26,78,44,9,14,97,19,6,35,75,31,42,68,73,3,8,33,51,92,22,11,38,32,62,34,96,2,5,16,76,17,63,93,27,20,36,83,67,72
214,1.416149996225613,0,25,2,16,95,18,49,88,26,12,93,7,41,47,97,65,85,82,3,77,46,81,14,53,62,92,64,15,29,24,94,10,32,38,22,54,34,72,91,59,43,33,28,37,89,45,78,66,84,4,76,31,23,9,69,52,74,73,58,36,17,20,39,75,55,60,13,11,27,51,50,48,99,21,57,86,63,83,44,79,68,40,56,71,96,6,8,35,61,90,80,19,30,1,42,67,70,98,87,5
215,1.379298987594666,0,89,16,32,74,87,55,23,79,81,91,36,20,19,2,70,46,82,6,95,59,38,90,28,42,78,31,93,9,50,35,54,57,39,24,1,12,45,69,64,47,8,43,26,4,14,73,75,84,27,96,60,71,92,98,11,97,88,80,72,37,5,29,94,10,51,83,85,99,41,7,53,68,48,65,25,86,13,21,18,56,77,61,34,66,40,30,62,22,49,15,33,3,67,63,52,17,44,76,58
216,1.4526039907650556,0,22,43,3,78,26,65,31,13,63,17,64,62,20,98,76,39,96,58,32,49,93,41,11,6,25,9,72,29,55,53,47,45,99,2,46,35,5,7,68,52,85,80,23,67,24,79,77,37,75,40,70,36,66,28,42,82,33,73,83,14,86,88,50,61,16,81,8,30,95,84,19,15,97,18,38,21,56,57,48,90,54,91,89,94,74,4,60,44,69,51,71,10,27,87,92,34,12,1,59
217,1.5150589868098905,0,26,28,84,53,99,65,75,33,64,56,74,66,40,25,62,50,78,30,24,85,10,42,22,69,91,87,16,3,68,36,32,31,55,93,72,89,39,34,35,8,15,94,6,20,77,58,11,12,45,81,86,17,82,83,13,48,4,37,63,44,38,57,19,70,52,43,92,71,5,47,23,9,49,88,96,79,67,51,98,76,7,21,2,59,90,29,61,54,73,14,95,60,27,97,46,41,1,80,18
218,1.566153995168861,0,55,12,28,24,99,54,85,58,22,81,34,36,2,5,6,30,53,60,47,31,98,9,46,62,78,79,15,27,72,19,14,84,97,92,18,10,56,45,35,74,50,13,96,49,41,95,75,89,48,40,25,57,76,91,44,7,39,83,37,77,33,29,67,93,73,86,65,26,69,51,59,68,64,21,1,43,94,66,80,42,3,32,70,16,82,88,8,71,38,61,20,23,17,87,11,4,52,90,63
219,1.6675719989361824,0,52,92,45,9,38,94,32,85,30,54,36,29,69,13,96,37,6,91,2,86,74,82,34,7,70,60,63,71,47,83,61,24,66,21,59,79,50,97,25,35,26,55,53,43,58,46,88,89,12,28,87,19,68,72,48,15,77,8,80,39,51,65,41,67,16,20,42,5,57,40,10,62,17,18,22,33,75,81,31,93,27,14,98,56,90,64,44,99,49,4,11,3,23,95,1,73,78,84,76
220,1.4701319924206473,0,85,62,36,83,23,82,25,48,17,40,43,50,71,16,29,20,13,96,70,80,37,33,30,65,45,14,81,35,60,8,84,1,79,21,5,4,7,34,69,53,64,72,44,86,52,28,74,22,46,42,95,55,18,49,93,61,31,98,66,24,58,2,77,41,78,32,94,26,73,15,89,12,54,97,47,59,75,88,10,19,76,27,56,87,90,67,3,99,92,38,39,68,11,9,63,91,51,6,57
221,1.6214879954131902,0,63,44,59,61,77,17,74,7,67,58,28,99,73,89,56,14,66,11,27,52,4,75,90,76,57,55,3,48,82,37,94,32,93,35,38,54,29,22,81,43,13,79,10,87,39,8,45,64,5,98,16,1,70,40,69,12,71,92,85,86,80,50,9,72,24,36,88,84,25,26,65,83,33,62,6,15,68,31,19,21,30,96,60,23,91,46,2,95,53,20,18,51,47,97,41,49,42,78,34
222,1.6319779931218363,0,21,12,41,7,79,49,98,11,3,1,53,9,22,84,6,34,51,50,96,70,68,71,40,8,80,82,66,25,32,92,36,38,23,57,88,93,24,72,73,78,4,86,47,63,67,5,69,28,60,59,65,76,54,39,48,42,16,89,18,27,95,29,45,94,26,14,30,75,85,91,13,97,19,10,87,62,83,58,43,17,31,61,64,37,77,74,35,81,52,44,20,56,15,99,55,90,46,33,2
223,1.6650469912892731,0,68,45,83,25,31,8,4,67,3,74,5,44,10,28,56,20,38,71,22,86,24,18,12,97,33,17,43,15,7,63,79,98,23,57,50,89,30,81,73,11,41,70,16,46,6,52,85,69,84,58,72,90,65,60,53,37,96,80,13,36,49,88,59,51,92,62,93,54,64,2,66,19,21,1,95,9,26,55,35,39,91,48,27,87,75,29,42,61,47,99,76,14,40,34,77,94,32,78,82
224,1.4244629857130349,0,39,41,42,3,84,50,57,90,2,44,8,28,82,38,94,49,14,81,52,55,99,95,83,92,68,77,63,43,93,24,89,37,53,4,96,64,40,62,26,36,30,27,70,13,33,11,20,85,74,7,23,76,9,61,58,60,21,87,25,97,46,1,15,31,34,54,56,16,69,10,48,22,71,79,59,78,65,51,45,32,5,88,75,19,6,29,73,47,66,17,98,18,72,80,12,67,91,35,86
225,1.5169229995517526,0,83,46,11,35,84,65,18,14,1,24,6,90,79,15,67,39,38,9,88,82,26,53,17,73,59,70,63,64,54,32,40,68,37,58,27,72,23,66,69,22,29,19,3,75,61,16,87,49,74,91,21,7,34,94,44,12,99,96,10,28,52,95,20,8,5,45,56,89,4,47,41,92,33,42,85,98,80,30,36,62,71,13,76,51,81,25,43,2,55,97,57,60,77,50,78,86,93,48,31
226,1.3631119998899521,0,79,65,13,72,1,64,31,59,91,85,37,36,96,34,60,84,26,97,77,55,44,68,47,9,41,88,15,83,74,67,50,3,62,35,17,81,33,92,23,76,8,18,21,78,75,19,66,4,52,71,14,43,24,54,80,56,57,16,51,27,30,45,32,10,86,73,90,95,89,61,28,63,99,29,40,42,48,2,22,11,20,53,94,38,87,39,7,6,69,82,5,58,93,70,12,49,46,98,25
227,1.3810989929443167,0,94,20,69,89,22,41,39,56,19,70,38,26,82,63,68,75,30,6,32,37,21,14,28,46,67,86,55,48,91,84,73,47,7,25,98,27,95,9,81,16,3,83,77,17,29,52,85,74,87,43,60,8,72,1,79,59,23,50,93,12,80,71,13,24,76,34,51,42,15,45,64,4,2,61,88,40,92,54,49,44,5,11,99,58,97,18,78,33,62,65,35,66,57,36,96,31,90,53,10
228,1.5179329874372343,0,69,30,71,60,91,55,8,21,68,43,72,10,23,92,29,85,87,50,17,67,88,90,94,31,14,81,44,5,45,19,16,26,65,9,98,82,78,6,86,56,84,2,28,13,77,36,97,24,40,57,15,27,83,52,32,35,93,59,89,48,49,34,96,1,63,18,66,99,75,79,58,80,22,37,3,74,54,76,20,4,39,47,41,38,12,62,33,46,70,42,64,11,51,61,7,25,53,73,95
229,1.8906899919602438,0,10,28,29,15,42,82,24,12,97,94,11,86,79,50,52,34,31,64,83,76,36,93,16,67,91,7,95,71,72,96,53,89,2,3,81,14,13,39,68,35,45,1,87,61,6,74,66,65,17,20,49,19,25,84,51,23,37,73,75,54,46,70,4,78,88,40,30,5,85,92,63,41,60,56,27,69,59,22,57,90,43,9,47,98,44,32,48,21,58,77,33,55,62,8,80,99,18,38,26
230,1.5203219868426459,0,94,21,42,26,49,69,14,87,57,52,4,9,36,40,34,77,55,3,45,58,97,89,27,16,62,73,29,50,25,60,8,86,15,85,41,35,83,68,24,72,61,12,18,92,98,43,19,44,5,17,91,90,96,95,7,39,99,84,1,63,38,66,33,80,59,88,48,64,53,93,47,22,78,23,30,76,71,74,67,70,56,82,20,79,2,31,6,65,28,10,11,13,37,46,54,51,75,81,32
231,1.6577679947495199,0,86,72,17,94,43,25,52,99,67,70,34,83,85,79,98,47,37,15,6,76,59,3,62,74,23,97,82,50,88,42,5,39,61,16,45,90,65,64,55,9,95,63,49,13,19,71,12,57,33,10,92,22,7,80,77,68,84,26,41,93,44,48,36,35,58,1,20,89,56,96,53,28,75,40,18,46,14,2,11,69,38,27,21,51,24,87,73,66,8,91,78,4,60,54,29,30,31,32,81
232,1.746195988085674,0,75,63,94,93,13,82,57,96,66,92,58,95,89,62,64,52,54,67,99,27,56,97,74,28,53,76,37,31,22,38,2,40,30,44,32,98,14,49,15,78,21,1,73,61,17,46,60,45,4,86,35,84,70,24,72,11,71,48,41,26,85,68,12,88,29,87,19,47,20,81,5,6,90,8,18,39,7,3,10,65,34,55,33,77,51,69,83,79,91,43,50,16,80,36,9,23,42,59,25
233,1.4910629898076877,0,98,12,79,66,16,30,68,67,26,8,84,94,75,21,86,20,95,3,65,58,35,82,33,78,45,62,50,25,29,28,61,27,64,73,54,15,99,83,57,36,55,42,32,93,87,71,11,69,90,46,13,10,51,85,39,37,89,60,72,17,2,6,80,47,24,63,43,7,59,76,70,23,96,53,49,88,34,81,1,92,40,4,97,44,41,77,74,19,31,91,22,38,5,48,18,52,9,14,56
234,1.6648340027022641,0,1,95,96,78,35,80,54,63,92,74,86,83,49,65,75,3,10,2,39,52,8,82,72,22,47,56,61,9,51,23,71,53,87,58,97,90,46,42,67,20,29,7,66,48,44,43,68,37,64,21,5,11,12,16,40,79,41,34,81,15,99,84,31,4,27,98,18,32,26,62,14,89,13,73,30,91,57,93,55,25,60,59,76,50,94,38,36,70,28,85,6,24,77,88,17,19,69,45,33
235,1.486312989534781,0,94,74,84,33,14,6,11,57,41,19,37,64,66,73,29,95,45,65,32,13,21,51,89,71,5,52,35,79,17,55,72,70,36,49,82,47,58,56,9,23,93,18,10,81,27,16,12,28,86,44,80,38,50,63,53,8,30,78,68,67,39,96,34,75,92,60,76,91,62,59,42,26,61,87,24,97,77,98,54,31,40,20,25,69,46,90,85,88,99,83,43,48,15,2,1,7,22,3,4
236,1.6639239984797314,0,69,29,33,99,11,18,32,63,25,31,60,47,74,16,98,44,50,1,66,52,55,9,12,95,93,85,36,27,84,46,72,17,97,2,51,4,41,57,15,81,5,89,86,65,75,26,37,62,59,70,88,43,67,6,13,19,96,21,80,48,30,53,78,24,49,42,58,91,20,38,94,3,56,7,23,39,73,22,45,28,68,64,10,8,14,83,34,61,87,54,76,77,92,82,90,35,40,71,79
237,1.5997259989962913,0,66,89,41,86,72,88,24,46,43,58,68,8,37,38,82,62,90,55,56,22,6,61,95,96,14,4,2,98,97,77,67,63,50,33,54,80,57,69,16,36,94,99,19,93,12,9,73,70,64,17,30,87,53,79,85,31,1,15,42,32,78,60,83,71,25,84,59,20,81,3,40,5,52,28,44,26,51,23,92,7,10,34,13,27,39,18,45,91,74,47,48,49,76,21,29,65,75,11,35
238,1.6415109865693012,0,21,98,58,64,67,26,91,6,20,59,83,88,46,71,63,29,82,61,60,89,70,78,44,72,43,96,92,32,23,34,17,40,94,47,51,80,77,10,57,73,79,95,2,22,85,50,3,18,54,14,97,65,99,87,35,15,56,74,30,55,13,16,52,41,12,69,45,1,25,93,37,38,86,28,8,62,7,9,48,24,66,81,90,27,31,4,75,19,42,76,84,5,36,11,39,33,53,68,49
239,1.5288980021723546,0,7,66,38,18,13,6,98,94,53,69,60,75,26,19,16,51,15,17,88,96,97,39,32,14,56,57,68,63,91,1,52,28,79,93,43,82,4,49,80,83,78,27,55,42,74,33,87,9,12,37,50,48,29,85,21,24,22,59,99,61,70,92,3,41,86,62,23,73,54,72,47,8,71,25,5,90,65,36,35,40,76,34,89,45,20,46,58,10,77,2,31,11,95,67,81,84,30,64,44
240,1.4514119957152616,0,73,52,84,64,53,16,39,59,6,22,36,47,63,10,31,18,19,86,38,40,8,23,55,54,50,70,79,96,81,57,82,34,69,97,26,3,35,1,51,74,33,60,67,12,17,92,43,71,11,4,65,62,72,25,94,68,2,89,24,80,46,88,29,45,27,78,75,41,28,83,42,95,9,21,44,15,77,93,49,98,56,20,58,85,13,99,30,91,7,14,48,76,61,5,32,90,37,66,87
241,1.6579569964596885,0,51,80,4,5,73,31,12,38,40,59,17,10,33,82,3,84,19,34,32,76,83,77,9,18,8,43,91,57,71,64,7,95,58,39,65,22,27,70,62,2,20,49,69,53,68,56,25,60,86,74,88,87,14,48,26,11,54,23,98,41,28,21,36,92,16,15,78,29,72,44,46,52,93,66,55,37,30,45,67,89,97,1,42,75,6,61,85,35,81,50,47,24,94,63,13,90,79,99,96
242,1.6866899959786679,0,90,98,16,40,87,46,49,60,10,25,88,61,53,96,92,3,45,52,41,84,51,67,17,26,68,21,1,59,18,58,7,64,99,70,5,57,82,44,85,55,19,95,81,69,56,34,79,48,4,35,72,91,43,30,65,20,78,12,38,8,94,73,75,86,97,89,24,42,50,80,13,83,23,63,2,22,11,9,62,66,74,93,54,39,31,76,33,28,36,47,27,14,77,32,15,6,29,71,37
243,1.5180000037144055,0,73,81,50,25,32,11,74,40,9,77,65,99,46,58,8,80,91,37,60,26,53,72,97,78,92,39,24,93,44,79,66,1,31,76,90,4,42,14,12,70,20,23,38,7,94,47,45,16,83,84,69,68,96,88,71,82,86,57,48,3,87,6,62,10,56,67,43,34,63,13,33,18,95,22,36,27,29,64,41,15,5,2,49,85,21,54,55,98,51,52,89,19,75,30,59,17,61,28,35
244,1.8024920002171712,0,14,37,58,72,52,21,96,29,48,99,92,75,42,50,81,43,86,79,97,5,67,64,80,46,95,65,38,7,30,19,66,69,40,33,87,82,6,53,68,74,76,16,20,3,32,9,83,2,63,27,1,90,85,10,44,12,78,23,57,28,56,54,17,73,55,13,61,41,35,11,91,47,45,4,26,88,71,59,8,60,36,24,15,22,25,94,34,98,93,89,62,49,18,39,51,84,31,70,77
245,1.6177119850181043,0,95,18,64,31,54,97,92,11,27,65,32,25,19,15,37,56,24,78,80,87,63,39,46,30,96,53,28,2,58,36,98,62,45,55,9,83,67,89,85,1,40,4,5,35,13,93,91,72,61,14,7,82,41,57,17,6,60,43,10,8,94,68,26,33,22,44,21,12,59,20,3,42,49,47,48,52,50,99,34,90,73,81,77,23,29,66,84,71,38,88,74,16,79,86,76,51,70,75,69
246,1.674023988423869,0,1,8,62,54,13,3,89,29,35,45,47,19,82,28,83,98,46,22,5,40,97,53,87,39,14,16,69,6,70,10,11,77,94,4,68,96,65,57,37,71,59,63,55,9,75,56,95,48,85,58,43,50,15,81,92,99,79,67,33,64,61,18,21,86,31,36,76,88,73,74,27,80,52,26,42,51,2,25,23,32,49,17,84,30,24,90,78,72,12,91,44,41,20,38,7,93,34,60,66
247,1.4978420024381194,0,61,16,22,8,33,17,7,64,69,49,34,36,27,60,59,30,13,89,77,43,72,54,48,40,75,52,37,97,18,74,96,65,10,99,11,73,1,24,31,39,78,15,70,56,14,94,28,86,50,25,62,23,53,32,51,9,20,5,42,46,2,71,91,87,63,82,80,90,98,44,68,41,26,85,3,76,58,6,79,88,29,66,57,95,55,35,92,21,84,83,93,19,67,4,47,12,45,38,81
248,1.490581987753103,0,61,74,47,6,46,32,91,66,84,86,49,51,33,53,26,76,43,20,11,71,64,19,89,45,36,85,99,39,27,42,10,3,83,68,35,59,24,77,18,73,48,94,25,40,92,50,8,87,52,17,34,54,98,60,12,23,37,31,16,79,58,56,15,29,81,62,88,28,22,7,95,2,44,69,4,70,9,13,21,5,65,67,80,90,75,38,41,55,93,57,63,72,14,30,78,96,97,82,1
249,1.4628250045061577,0,60,87,42,22,52,31,66,54,7,30,68,50,32,11,34,37,65,6,69,29,75,57,49,48,78,9,18,58,21,92,36,14,44,67,59,13,89,95,88,90,24,1,20,15,72,91,12,46,74,98,61,94,55,82,2,5,40,17,62,10,53,8,26,97,35,41,80,25,47,51,23,3,93,4,43,28,76,86,83,56,64,16,73,19,84,33,96,38,81,39,79,63,27,71,99,77,70,85,45
250,1.6316249946248718,0,1,69,59,13,79,46,14,58,3,57,54,29,87,17,51,11,93,78,63,2,20,52,65,44,73,50,55,42,61,21,91,47,35,90,89,18,92,16,74,82,85,38,36,95,72,60,99,81,76,56,97,30,77,8,19,24,39,68,25,67,34,62,49,40,71,45,9,32,98,37,70,15,28,5,12,80,31,6,48,75,94,41,86,27,4,43,7,66,53,83,10,96,23,33,22,88,26,84,64
251,1.610871008844697,0,16,95,2,79,3,31,86,37,13,39,82,17,65,70,12,69,50,49,76,46,15,59,67,53,41,48,25,26,6,35,11,80,32,88,98,23,8,19,93,51,62,54,63,10,78,97,74,45,47,83,81,57,71,92,75,72,96,44,14,38,5,84,55,89,56,30,36,99,4,9,27,33,42,29,28,68,73,91,77,58,64,66,40,18,94,34,21,24,7,85,61,20,43,87,22,90,52,1,60
252,1.6949809930374613,0,46,80,81,29,79,67,98,58,51,61,36,34,43,50,20,74,93,28,94,33,24,96,19,60,3,23,27,72,39,32,65,56,62,53,63,1,78,47,85,42,83,89,73,71,92,69,15,31,86,2,21,52,45,40,82,13,59,12,99,48,97,41,10,22,90,7,66,9,25,44,55,70,64,38,30,11,95,54,87,91,17,57,75,4,8,77,76,37,49,68,16,6,26,5,84,35,14,88,18
253,1.4379709986387752,0,72,38,4,45,20,35,66,49,42,15,1,21,79,11,52,6,12,80,96,90,73,40,91,10,44,70,97,82,13,30,55,59,22,93,87,9,19,46,75,2,53,7,86,14,67,84,76,5,65,17,51,85,18,54,56,47,98,77,50,27,88,28,26,62,36,94,92,57,64,33,71,63,8,60,61,41,43,16,48,34,68,74,31,99,37,29,24,83,81,89,23,32,78,25,3,69,58,95,39
254,1.6196719916479196,0,76,60,6,84,40,93,68,65,79,89,80,98,16,75,14,58,52,35,11,53,45,42,59,15,33,62,56,86,92,64,97,47,90,31,24,43,25,71,54,95,26,85,88,99,81,20,46,91,61,17,18,36,83,57,28,5,7,94,70,37,77,21,23,22,66,4,63,34,49,9,51,19,73,96,2,27,12,3,8,13,55,78,38,32,30,39,29,67,41,72,50,87,1,82,48,10,74,44,69
255,1.3300099987536669,0,47,48,95,35,79,72,20,9,14,83,39,94,75,18,24,52,22,81,93,77,16,84,70,31,61,12,33,27,54,11,43,78,91,4,8,34,73,85,1,44,7,98,17,10,99,74,66,21,38,55,92,49,60,13,86,56,25,65,59,87,5,62,89,71,82,76,67,45,30,53,58,63,68,2,64,36,42,80,32,37,41,29,23,19,97,88,15,40,6,51,90,50,96,69,3,57,26,28,46
256,1.6616829952399712,0,79,1,2,15,54,97,61,62,71,13,57,70,12,77,31,55,7,75,29,89,93,65,32,4,84,11,22,59,50,68,85,82,17,67,88,96,87,52,78,64,5,46,35,3,94,34,69,81,83,43,63,47,19,37,9,20,8,51,24,45,10,86,76,40,6,18,90,48,44,92,30,33,66,38,21,28,91,16,36,26,95,42,72,25,98,53,60,58,27,49,99,74,56,39,41,73,23,14,80
257,1.6578939996943518,0,73,57,42,79,23,20,92,26,96,34,13,67,78,84,89,9,35,45,18,85,75,88,54,77,99,17,4,37,2,46,71,15,48,39,52,86,90,61,14,62,43,65,22,70,21,95,12,81,93,24,80,8,29,59,33,56,83,64,6,40,3,47,31,97,76,41,68,44,32,72,19,7,10,38,49,51,60,87,58,55,27,69,82,16,50,98,53,66,25,63,28,91,36,74,5,30,11,94,1
258,1.5213679977568972,0,7,30,12,45,49,28,10,73,66,24,76,58,19,15,81,41,47,53,63,59,90,97,4,95,6,74,62,8,42,86,94,1,29,88,67,56,23,55,77,38,60,57,17,92,64,2,37,99,44,54,61,36,84,31,80,22,79,48,93,68,89,21,87,35,34,26,20,69,96,52,18,85,33,25,27,98,9,70,11,83,32,78,14,50,91,5,71,72,51,39,3,40,43,46,13,65,82,75,16
259,1.4114769912193879,0,3,18,15,8,77,20,79,73,2,52,24,76,54,68,42,26,13,74,10,23,12,91,96,47,33,99,27,89,71,1,30,66,62,14,63,11,75,21,32,85,59,56,55,17,50,92,38,34,45,82,65,28,67,93,29,95,7,88,78,35,4,46,61,25,6,97,98,16,31,22,69,87,70,51,48,86,84,83,49,80,60,44,94,39,43,81,36,5,41,57,9,64,90,40,53,37,72,19,58
260,1.5000949970562942,0,73,40,93,64,47,15,19,28,60,89,65,76,77,27,37,97,94,69,84,11,44,67,31,59,7,54,49,55,46,50,29,10,36,43,86,92,23,83,41,90,14,61,17,39,70,98,53,48,91,38,16,12,79,32,20,71,30,22,18,56,85,81,3,21,66,99,52,95,35,24,26,75,1,58,88,51,5,9,25,8,42,72,68,4,63,82,13,6,80,96,74,78,45,2,62,87,34,33,57
261,1.5585619946323277,0,78,33,65,96,4,79,61,90,51,23,93,37,22,59,70,44,58,34,24,29,19,48,64,86,27,67,32,9,1,83,43,3,87,81,16,47,82,45,15,66,99,72,76,18,50,68,54,28,46,60,31,53,94,38,73,57,62,36,95,20,2,6,26,49,69,56,88,39,85,17,25,98,12,40,80,77,97,42,5,63,14,55,10,7,41,52,89,75,91,84,21,71,30,92,35,74,13,8,11
262,1.5159679932366998,0,88,76,9,32,77,44,5,64,31,28,11,72,95,27,3,89,12,83,57,60,15,20,17,46,65,29,67,41,13,71,56,8,23,92,93,18,48,4,7,50,55,36,19,68,91,79,94,73,26,6,42,47,99,40,14,62,52,86,39,85,97,84,25,87,80,30,98,90,2,59,24,74,22,78,81,54,66,1,58,37,82,16,69,38,51,61,70,49,45,10,96,63,35,75,33,43,34,21,53
263,1.5840479942853563,0,16,61,47,70,21,75,92,27,41,35,10,63,12,81,37,22,46,28,89,6,50,11,1,5,67,54,32,42,56,87,93,57,34,7,25,58,76,64,91,39,52,9,97,73,62,95,68,60,17,69,23,74,88,2,66,83,4,33,53,24,80,90,86,19,98,82,3,94,15,30,84,59,45,14,29,31,36,71,99,79,38,48,78,26,96,77,85,13,65,40,51,44,18,72,8,43,55,20,49
264,1.6155590013077017,0,44,50,96,14,71,28,37,97,7,61,63,56,66,3,80,26,67,21,53,39,1,15,85,6,65,40,24,81,79,27,13,94,59,90,32,60,75,99,77,45,69,10,31,62,87,91,47,20,25,57,29,88,83,5,30,74,42,46,19,49,72,35,93,95,48,18,52,84,55,22,70,11,58,54,51,38,16,12,2,9,73,17,64,41,98,36,78,23,34,4,33,8,76,86,43,92,82,68,89
265,1.5867269937734818,0,10,36,6,44,5,30,37,27,21,95,22,55,54,78,75,73,42,49,87,76,86,18,46,93,67,63,16,79,13,66,84,59,32,15,41,52,92,83,57,43,53,90,28,35,98,3,56,71,72,64,48,26,82,14,99,12,19,47,58,61,51,34,68,91,4,77,45,88,11,7,97,81,74,1,2,70,31,23,85,65,39,20,8,38,40,24,96,33,17,62,69,94,89,80,50,25,60,9,29
266,1.5764850038740406,0,88,68,78,58,12,15,20,65,79,55,1,94,77,99,74,47,66,35,69,5,70,34,50,45,31,80,82,29,7,86,27,62,39,52,76,72,14,30,57,83,32,89,9,18,8,33,43,11,96,2,41,53,23,6,24,90,26,16,36,44,84,54,46,21,4,40,81,67,60,42,37,73,59,49,87,75,13,97,93,71,3,85,10,63,51,38,19,25,98,48,61,92,95,22,64,91,28,56,17
267,1.5145890009880532,0,46,12,29,94,87,45,36,10,19,47,16,37,2,98,50,5,24,55,82,53,73,67,57,25,49,80,88,44,30,31,21,77,32,93,65,3,11,59,34,42,38,40,62,22,6,33,66,71,52,75,54,28,61,68,18,63,74,39,70,79,72,56,20,85,23,7,89,41,14,13,64,9,99,96,90,81,26,91,78,92,84,4,76,51,60,8,48,83,43,58,95,86,1,69,17,15,35,97,27
268,1.3211419942963403,0,73,92,25,86,61,49,51,79,38,84,96,81,42,53,62,16,72,90,67,12,8,13,30,78,50,68,88,63,54,32,71,19,46,59,39,74,48,97,80,94,40,2,41,29,23,93,64,98,65,26,20,3,17,85,56,91,76,11,82,70,18,28,60,55,57,44,31,35,43,66,58,89,9,14,69,4,36,22,45,95,75,34,27,77,7,99,87,52,1,21,5,10,83,47,37,15,6,24,33
269,1.6231239942856064,0,86,94,23,28,60,44,39,48,20,72,2,87,90,58,74,15,26,4,50,12,43,64,66,45,62,41,46,5,19,6,63,91,97,73,51,55,34,77,96,40,82,95,99,59,16,24,89,56,30,85,13,18,25,33,80,70,35,11,57,49,83,76,42,8,47,22,65,81,14,78,10,21,98,93,3,37,84,75,1,71,7,36,61,27,38,53,67,68,54,29,9,31,88,69,17,92,52,32,79
270,1.4499489955924219,0,39,97,87,2,37,55,59,53,29,18,62,70,42,57,98,7,13,25,1,61,35,56,63,65,68,5,82,15,67,34,54,21,11,79,77,86,81,24,94,46,28,84,32,12,74,22,26,78,85,96,4,89,38,31,3,40,30,17,72,52,43,80,6,49,95,36,47,9,48,27,33,88,44,20,16,73,75,91,50,83,92,10,41,51,45,14,66,90,71,76,93,99,64,60,8,69,19,23,58
271,1.50612500027637,0,44,9,14,19,41,81,93,3,80,89,94,2,30,12,42,45,75,96,72,5,76,1,49,52,60,29,38,64,28,83,48,6,22,85,31,71,35,15,58,40,84,99,50,13,43,63,18,47,95,88,34,74,77,59,16,70,32,23,86,62,10,17,67,20,56,11,7,51,97,8,66,36,25,27,79,87,57,82,92,53,46,73,26,90,55,69,98,24,68,21,65,78,91,4,39,61,37,33,54
272,1.4617439922767517,0,80,52,92,17,35,7,50,6,16,3,54,97,34,63,98,81,13,60,20,41,93,49,15,48,14,29,82,12,75,8,10,2,57,24,68,28,45,46,33,27,40,85,74,61,43,18,65,84,21,30,95,23,31,53,19,9,66,91,90,76,78,58,11,26,5,71,69,22,96,42,86,47,38,73,32,62,72,37,39,64,83,44,1,56,77,59,25,70,36,87,99,67,79,89,4,51,55,88,94
273,1.5245000002905726,0,35,30,51,6,55,48,73,52,33,26,64,84,75,46,91,47,17,8,49,34,12,82,92,86,58,97,36,1,87,56,62,18,98,65,53,41,4,77,29,7,83,66,80,28,27,74,79,5,67,11,24,93,95,69,72,31,2,76,22,13,44,39,59,89,15,96,50,40,94,43,61,21,3,38,81,45,9,19,78,54,88,37,23,71,68,16,63,60,90,70,57,32,14,20,25,42,10,85,99
274,1.6616779965843307,0,51,84,21,63,36,18,89,33,15,73,3,4,47,68,24,13,71,65,78,88,86,79,29,83,60,66,74,54,80,69,58,91,9,95,17,70,98,48,10,75,35,45,61,14,38,93,49,37,76,30,16,19,67,50,39,99,42,85,96,25,53,28,55,64,27,43,20,11,2,90,23,22,57,94,7,31,97,62,56,6,34,77,81,72,8,52,44,40,1,92,87,41,59,32,5,46,26,82,12
275,1.5462319977523293,0,35,63,50,48,81,17,86,96,26,92,73,10,71,23,97,76,8,14,58,30,69,7,51,90,54,19,42,99,40,34,95,11,43,3,29,15,74,83,9,88,75,67,98,1,85,39,24,61,2,84,65,87,37,41,82,80,66,18,13,20,62,68,45,6,70,31,77,59,27,89,52,44,32,55,72,16,79,22,4,57,46,38,93,5,60,91,36,64,49,33,94,56,53,28,25,12,78,47,21
276,1.4327819983736845,0,54,85,20,82,11,2,60,56,90,72,37,18,63,96,84,8,49,79,61,45,53,31,80,62,58,22,40,57,27,87,21,33,92,95,28,83,47,9,50,71,77,42,38,30,89,64,14,97,98,29,26,88,24,19,67,76,32,6,12,44,43,48,23,25,34,52,7,75,15,65,93,46,39,73,10,78,59,68,74,35,41,99,16,81,86,3,55,70,94,17,1,66,51,4,5,69,36,91,13
277,1.4582710024551488,0,4,42,7,80,22,91,14,64,59,28,47,38,82,69,97,46,90,51,75,63,24,76,93,87,29,12,10,17,39,30,21,77,18,86,35,32,67,2,55,58,13,61,11,56,88,43,68,53,5,65,57,89,27,41,50,99,60,71,84,36,98,74,34,94,44,78,19,6,54,83,72,9,81,31,3,49,15,62,37,23,85,73,92,45,70,79,25,33,40,48,95,16,1,8,96,52,20,66,26
278,1.6697379888501018,0,64,30,44,5,48,49,47,33,88,87,3,41,40,24,37,90,55,35,56,20,54,72,98,77,70,25,73,78,2,22,83,26,11,19,39,51,62,18,75,92,53,65,76,57,95,80,69,93,50,81,86,94,82,99,46,27,59,43,74,14,17,84,91,66,34,15,32,4,68,6,79,36,12,13,31,52,8,9,85,42,60,67,38,23,28,63,71,96,58,45,97,7,29,21,10,16,61,1,89
279,1.7232489953748882,0,79,48,98,73,84,43,80,10,99,49,83,42,12,29,91,28,7,38,13,8,56,24,1,54,64,96,9,77,14,5,51,85,47,90,55,31,95,2,89,70,33,82,94,11,93,40,37,67,53,60,78,88,15,23,20,71,41,34,69,46,59,97,30,35,26,76,19,86,63,44,61,72,75,50,62,21,3,36,27,25,57,58,32,6,16,68,18,52,87,74,17,81,92,45,65,22,39,4,66
280,1.4604599948506802,0,16,47,85,42,8,99,62,30,39,74,79,66,17,84,98,25,45,80,43,19,31,54,56,76,10,73,63,86,48,92,46,55,82,59,33,77,32,64,70,88,50,81,29,52,7,22,26,24,41,87,23,1,3,44,58,96,65,11,15,37,94,20,89,83,5,57,67,18,49,27,93,6,71,2,51,9,28,36,38,61,21,95,75,53,4,13,68,78,60,69,12,72,35,14,97,34,91,40,90
281,1.6672560019069351,0,40,19,83,15,81,67,1,70,12,98,30,93,18,23,39,84,82,41,57,51,49,65,68,97,90,3,2,4,88,54,58,36,24,13,91,66,16,17,32,92,22,48,75,52,35,31,73,80,33,87,99,25,11,9,74,50,79,72,38,28,10,21,85,56,14,63,60,96,64,7,95,5,47,89,55,77,53,76,29,62,59,46,43,94,44,26,42,78,69,6,45,37,71,86,27,61,20,8,34
282,1.3620639959699474,0,1,81,96,57,68,71,72,14,98,22,21,87,66,27,41,35,62,34,6,58,37,67,84,11,33,16,45,79,2,94,50,82,47,49,4,99,92,80,30,91,36,63,29,42,19,51,32,23,77,26,56,24,74,93,55,5,18,89,31,8,3,15,12,64,40,7,52,59,9,78,48,13,70,76,17,60,69,53,75,25,43,38,65,73,88,54,97,28,90,46,95,83,20,10,61,44,86,39,85
283,1.9545159962726757,0,25,55,11,41,65,77,83,75,76,88,29,54,90,21,98,69,87,38,85,80,81,58,39,62,95,46,68,13,94,4,67,82,17,71,27,91,44,93,9,1,37,78,97,2,33,51,61,48,57,59,35,66,18,74,24,16,40,52,28,45,32,10,34,20,43,72,92,89,70,64,86,53,36,63,73,26,96,99,31,42,6,79,12,19,84,3,7,56,23,15,47,22,49,5,60,50,8,14,30
284,1.7407699869945645,0,16,97,77,37,68,49,25,84,95,33,28,70,34,81,23,11,12,4,26,72,87,89,50,90,69,22,53,55,19,60,9,52,86,64,24,83,31,43,91,78,13,66,8,92,3,59,46,63,45,51,36,48,93,17,29,82,35,39,5,32,27,57,76,61,18,74,2,44,20,54,47,30,42,99,79,94,71,67,10,85,65,6,75,98,73,40,1,80,14,21,15,88,58,7,41,96,56,62,38
285,1.5999709867755882,0,81,24,37,43,76,48,29,35,69,2,42,26,96,41,14,5,34,95,85,17,84,93,31,3,71,8,18,83,30,15,77,79,64,87,9,57,21,27,92,54,49,7,40,67,12,74,13,59,82,61,33,32,44,28,90,62,72,52,10,97,22,36,75,66,51,45,80,11,78,70,73,1,68,23,4,6,56,91,53,86,25,19,39,38,47,88,58,20,50,89,98,46,60,55,99,94,65,16,63
286,1.457136998011265,0,95,83,44,38,48,12,2,9,37,41,74,88,99,59,93,73,10,82,58,75,11,15,1,94,31,91,13,84,16,14,3,86,51,90,33,80,56,30,19,43,18,49,70,40,54,28,34,4,78,53,17,8,57,61,36,67,42,65,25,96,5,55,21,22,77,6,7,24,72,45,29,89,64,26,66,92,23,32,27,79,98,76,60,46,35,50,62,52,69,85,81,68,39,71,63,87,20,97,47
287,1.5530959972529672,0,8,97,79,60,25,95,53,14,55,90,77,98,51,65,87,17,35,31,89,42,73,33,2,45,12,93,85,74,83,69,38,59,64,61,84,1,86,63,5,82,28,21,91,16,54,49,30,4,92,24,52,10,26,18,29,23,67,40,75,62,9,19,50,6,39,70,36,80,76,3,41,94,68,15,37,57,71,96,44,20,27,46,58,72,88,32,22,56,11,34,81,13,47,48,78,99,43,66,7
288,1.7465729957039002,0,29,71,56,28,70,57,82,64,49,60,93,13,81,58,4,65,97,27,40,95,78,92,42,36,89,38,77,34,33,3,84,44,12,17,41,11,67,55,87,90,31,1,46,73,51,18,5,35,39,50,9,2,54,69,83,75,59,30,86,62,23,66,63,15,43,22,7,20,52,14,88,47,8,26,98,10,76,37,48,53,91,25,96,32,61,99,68,72,45,21,94,85,16,19,74,6,24,79,80
289,1.5882609901600517,0,72,33,5,77,6,18,12,31,66,92,80,99,29,75,56,48,68,76,63,46,74,27,34,36,52,24,40,20,73,54,15,11,30,51,87,21,37,28,60,93,86,81,7,41,23,67,2,59,45,85,14,32,39,8,79,89,16,4,65,38,96,13,1,10,17,3,47,26,22,58,88,97,35,70,69,78,94,25,71,44,53,19,57,98,83,84,42,90,64,91,50,9,82,62,43,95,55,61,49
290,1.6746699986651947,0,20,26,17,18,38,64,54,61,41,78,50,44,75,65,93,16,88,13,51,30,23,40,11,7,90,52,3,71,33,14,4,83,97,28,84,32,57,48,34,8,60,19,79,49,56,82,96,45,70,27,6,53,21,9,73,66,15,12,1,31,94,80,69,46,62,92,37,85,98,2,47,86,81,99,24,95,91,87,22,77,67,35,55,43,5,10,89,59,29,63,74,72,68,25,39,36,76,42,58
291,1.757496993697714,0,58,7,40,90,97,86,67,18,50,19,53,83,39,81,15,56,28,11,27,45,69,13,4,5,84,22,59,85,61,38,31,92,6,2,8,1,76,71,44,95,88,33,87,57,36,43,94,93,49,74,79,55,51,26,72,52,32,41,34,29,20,14,63,3,46,24,25,68,65,48,30,62,70,10,78,80,60,96,66,16,77,23,12,35,42,75,99,73,89,9,82,54,17,37,91,21,64,98,47
292,1.7221299908414949,0,73,14,70,28,18,60,2,23,83,74,51,61,56,17,55,52,43,54,85,20,46,3,66,68,53,87,13,37,75,44,64,21,90,50,67,63,77,29,48,59,94,32,82,11,10,5,12,6,39,96,42,35,91,65,78,98,8,49,1,7,9,88,36,72,27,16,31,84,80,41,4,57,26,15,19,38,24,30,93,33,40,47,71,97,22,81,89,69,34,45,86,95,79,92,99,58,62,25,76
293,1.618540994142677,0,30,84,36,42,99,38,46,52,77,8,92,51,26,82,95,25,93,14,48,98,39,69,94,56,5,10,83,53,91,57,13,41,64,66,60,12,15,35,21,87,70,50,27,37,3,4,88,31,71,76,80,20,34,43,86,7,40,44,11,24,62,85,16,67,23,19,47,58,32,79,61,90,68,96,9,75,6,28,97,89,17,22,65,29,55,78,1,72,18,59,74,2,54,81,63,49,73,33,45
294,1.7836699913896155,0,76,29,62,97,96,13,66,43,21,84,11,7,79,72,51,35,41,83,78,44,92,91,68,9,25,60,32,52,22,48,31,53,82,40,3,85,56,16,65,45,50,42,69,90,49,95,33,71,18,34,67,39,24,86,73,61,30,87,15,88,36,94,26,28,27,12,2,80,19,59,77,89,20,46,58,57,8,93,23,6,14,54,81,63,98,74,75,17,38,55,1,70,10,99,47,64,4,37,5
295,1.593662009370746,0,15,40,60,42,6,14,59,63,57,37,48,66,82,10,50,69,7,9,18,45,38,62,32,72,90,71,85,44,13,2,77,1,80,67,28,12,99,27,78,52,56,30,79,39,26,35,3,94,70,65,95,93,83,36,17,49,33,74,46,64,84,41,16,43,24,98,91,75,34,31,47,88,5,58,76,61,68,92,20,81,23,86,54,11,87,8,19,29,55,73,25,97,89,21,96,53,51,4,22
296,1.5639559999253834,0,91,72,70,37,46,92,32,63,31,85,2,39,15,77,44,21,86,82,71,9,43,23,34,62,19,38,79,95,49,80,17,6,61,67,94,47,4,25,33,29,78,24,65,16,22,36,88,76,55,12,14,69,74,58,5,59,96,13,64,54,81,90,56,57,3,83,45,97,41,99,28,7,18,50,93,30,10,53,11,8,42,60,89,1,52,84,26,27,66,20,68,51,35,48,75,40,98,87,73
297,1.5627739891497185,0,51,89,10,45,14,44,70,4,69,13,17,19,39,99,98,58,87,82,81,72,59,7,83,5,9,37,32,12,61,56,60,74,91,35,23,71,75,1,47,52,34,76,48,79,3,80,40,88,46,54,94,18,21,31,20,77,15,42,67,68,26,96,30,66,2,63,97,78,16,93,11,43,33,65,49,25,55,8,24,22,36,29,38,84,57,6,62,90,64,92,95,53,28,73,86,85,50,27,41
298,1.5190140003396664,0,40,12,13,93,21,91,43,17,48,8,38,33,66,32,60,30,73,72,77,25,63,81,39,59,97,2,44,65,79,22,98,67,42,41,62,84,27,51,34,1,69,71,94,75,76,5,4,19,70,80,95,55,83,68,53,52,85,57,36,99,31,56,11,96,20,92,23,90,15,28,26,7,74,37,18,6,82,3,16,50,35,10,88,54,45,49,24,58,46,64,29,87,61,78,14,86,9,89,47
299,1.884459000397328,0,49,52,41,65,83,1,15,48,62,77,4,36,17,90,8,63,82,2,21,58,67,6,43,99,80,94,25,29,3,87,56,70,23,73,19,35,64,24,13,98,12,16,61,18,44,85,38,95,32,27,46,30,93,60,33,88,20,42,86,26,34,50,54,51,37,45,91,71,84,66,47,74,14,53,22,55,97,79,75,9,7,57,78,89,68,69,11,39,96,31,40,92,76,59,10,5,72,28,81
300,1.6207789960317314,0,1,70,64,93,77,31,16,79,30,61,9,42,20,69,73,49,85,44,4,55,14,82,15,52,80,11,7,91,12,41,88,84,98,97,51,92,60,10,62,72,90,94,19,3,26,59,54,40,28,38,17,58,67,76,43,68,2,25,71,86,66,81,39,45,87,35,13,89,6,5,23,56,63,78,22,57,29,95,83,32,96,74,21,24,36,99,27,47,34,50,37,46,33,18,65,75,48,53,8
301,1.6664690027755569,0,88,77,60,69,29,64,2,87,59,26,19,52,21,57,22,58,98,8,45,93,30,12,74,31,11,14,50,16,48,34,18,36,80,79,24,71,5,15,51,3,53,9,28,32,4,43,33,67,17,63,89,75,90,72,44,96,37,54,13,91,62,42,49,65,83,1,68,6,81,85,20,84,27,61,97,23,35,25,39,47,73,95,55,38,86,66,41,76,46,70,40,92,82,94,56,99,7,10,78
302,1.6088429914962035,0,31,7,69,41,40,52,25,63,46,98,77,75,34,43,37,42,48,30,4,14,33,1,20,53,91,65,6,12,70,32,64,23,79,5,15,81,74,61,76,3,87,71,86,67,18,59,16,62,57,19,84,90,99,17,22,47,2,26,95,10,80,73,85,13,44,96,88,9,27,38,8,49,89,66,29,36,97,28,21,51,56,60,94,93,58,24,82,92,83,45,11,54,39,35,68,78,50,55,72
303,1.51877498804879,0,50,49,96,52,92,19,72,54,80,86,81,42,25,23,58,37,16,34,89,20,36,71,87,7,3,14,11,17,22,79,93,69,18,90,26,30,28,41,57,68,97,94,62,4,83,27,59,12,99,15,55,61,73,75,2,6,43,98,5,53,65,44,9,21,91,48,32,88,31,84,95,70,56,46,51,63,77,33,78,10,74,40,13,64,39,85,29,67,35,60,76,8,82,24,66,47,1,38,45
304,1.603356000581698,0,97,76,77,26,67,85,31,88,7,63,32,89,18,51,46,20,74,81,61,48,28,92,57,64,44,69,2,5,66,94,62,78,38,54,11,96,8,73,35,55,86,42,30,13,29,93,56,71,25,98,91,19,3,50,68,33,53,22,43,59,6,82,65,14,12,79,16,83,36,60,41,39,52,72,95,1,45,84,90,49,99,17,58,23,27,70,37,87,75,24,9,4,47,15,40,34,21,80,10
305,1.5302409915966564,0,84,65,14,87,25,43,85,36,70,63,78,40,53,23,42,68,99,72,82,26,86,97,98,58,33,10,81,46,56,7,49,64,60,62,15,29,55,52,5,47,41,79,91,73,75,83,6,34,51,89,30,44,18,20,66,74,28,39,38,13,21,61,69,12,22,48,88,76,1,54,17,71,90,19,50,59,80,35,24,94,3,96,95,92,31,45,32,37,67,93,57,9,77,8,27,16,11,2,4
306,1.6030809996445896,0,79,93,21,95,86,30,62,66,38,54,78,31,72,97,33,74,91,53,52,32,94,85,4,34,42,12,82,39,59,15,77,23,36,76,3,50,73,65,80,41,9,49,7,99,83,61,71,57,14,68,22,16,37,89,70,17,27,29,55,60,5,84,46,87,25,40,18,64,19,11,45,6,90,69,20,8,98,1,63,81,48,28,2,67,88,13,51,35,26,92,75,56,10,24,43,58,44,47,96
307,1.817705994937569,0,49,8,26,24,84,71,54,38,20,57,72,90,70,83,12,2,69,35,74,21,29,82,95,48,93,10,11,30,31,33,66,86,7,50,3,91,61,75,9,43,39,97,42,52,18,88,47,40,32,1,78,44,15,76,23,94,41,64,77,65,13,60,55,80,67,79,19,34,6,85,14,98,16,73,45,96,17,27,68,4,51,25,81,56,87,22,58,99,92,36,53,28,59,46,5,62,89,63,37
308,1.667768999323016,0,32,8,54,1,21,53,61,40,26,72,24,57,84,92,6,18,38,83,93,34,14,50,17,10,43,16,58,91,69,42,87,79,19,68,20,95,27,41,39,97,35,48,55,4,94,96,49,28,73,11,64,56,59,33,88,71,29,85,22,47,7,15,44,77,3,13,98,12,76,36,37,9,74,80,25,75,66,31,51,78,62,89,65,46,67,2,45,70,23,82,90,52,81,60,99,5,63,86,30
309,1.5679549929627683,0,99,79,69,15,98,84,6,96,28,38,80,95,50,49,93,33,97,88,24,17,27,41,77,51,83,65,37,26,4,94,8,74,54,35,11,68,10,29,20,45,2,7,44,53,39,42,43,16,70,59,31,47,40,67,21,62,86,19,18,91,89,1,85,60,81,71,36,64,14,56,92,72,75,63,55,48,82,22,30,58,52,66,90,25,78,87,76,9,73,3,57,23,34,61,46,32,13,12,5
310,1.6106749948121433,0,68,65,93,91,1,5,30,84,74,99,85,15,48,87,23,2,94,46,34,55,21,35,44,80,36,37,43,12,4,3,28,67,20,78,64,14,58,13,75,61,60,54,38,72,62,11,77,16,95,83,39,88,17,27,53,59,73,41,19,57,22,29,86,6,56,45,9,51,96,25,92,33,52,47,26,24,40,42,76,69,10,97,31,7,50,71,81,82,89,63,90,8,66,32,18,49,79,98,70
311,1.7327879849035526,0,57,32,78,79,72,53,95,12,35,31,74,81,14,75,62,66,23,69,22,89,41,73,90,70,40,34,91,42,48,82,65,54,18,36,16,64,5,29,47,52,46,19,1,26,38,28,94,55,96,56,11,83,9,3,2,68,59,6,92,37,76,13,10,84,50,80,61,25,93,49,33,30,63,7,71,58,85,43,20,60,27,67,88,24,98,44,39,17,45,15,8,86,21,87,77,99,97,4,51
312,1.5114910008196603,0,82,8,63,36,84,70,41,57,85,20,25,19,58,69,97,44,91,67,40,28,59,24,77,11,90,53,46,79,50,23,86,65,95,17,56,54,61,92,60,18,87,34,48,6,71,75,96,10,16,45,43,49,35,3,94,64,47,72,2,51,99,21,42,32,66,38,12,30,27,7,33,13,5,98,52,76,93,74,9,22,62,78,26,83,15,14,81,29,39,31,55,37,73,88,4,89,80,1,68
313,1.4271779936971143,0,12,79,14,83,38,18,85,42,60,75,74,2,40,81,78,96,30,31,94,87,65,32,84,76,10,9,47,46,72,77,66,11,20,15,35,93,67,17,36,70,1,5,54,27,23,6,48,24,91,64,58,21,16,71,3,52,33,95,37,80,90,89,29,8,51,98,68,50,86,45,62,56,55,28,73,34,4,88,25,19,49,99,26,63,82,41,53,39,97,13,69,43,57,22,44,61,7,92,59
314,1.5226010041733389,0,11,43,30,13,19,78,5,74,23,15,44,79,14,8,3,39,80,33,52,63,49,32,97,25,18,64,36,12,29,40,73,57,69,1,31,93,20,35,46,96,7,37,71,70,86,17,60,94,68,53,27,77,21,58,50,91,65,4,89,76,82,81,83,59,26,16,24,45,92,51,61,99,6,84,66,22,90,85,42,98,56,28,88,41,75,34,54,72,47,55,87,2,67,48,62,9,10,38,95
315,1.63674999455543,0,14,83,24,96,68,13,22,49,91,9,80,21,56,48,2,93,89,47,38,43,64,36,67,70,86,88,61,16,10,1,59,92,84,12,63,5,85,6,54,45,62,35,15,98,29,30,37,90,71,52,18,66,44,81,27,51,75,39,8,76,19,65,69,60,17,28,50,23,34,94,40,95,25,58,31,26,20,79,33,4,82,41,32,72,87,53,57,7,99,97,46,74,11,3,78,42,55,77,73
316,1.662525998253841,0,46,1,36,9,63,21,15,22,6,83,89,44,2,19,99,73,50,42,47,67,64,93,37,77,98,4,10,80,20,33,23,95,70,69,14,49,85,82,71,91,5,56,29,59,84,25,55,53,81,32,96,11,26,35,40,76,79,52,28,94,51,66,88,72,38,60,62,90,48,16,34,61,74,27,54,58,39,45,87,3,24,65,78,97,30,13,57,43,12,41,8,17,68,75,7,31,92,86,18
317,1.5668829992064275,0,87,22,15,98,70,23,75,43,79,77,39,78,59,81,28,5,38,21,6,90,55,35,73,52,65,36,88,58,8,66,13,51,99,11,7,74,56,12,26,25,10,45,37,20,68,47,86,9,69,33,82,49,17,42,14,61,84,24,53,30,92,54,50,46,72,19,67,18,34,83,57,48,85,80,1,76,71,94,97,63,96,16,93,60,3,62,32,95,40,44,29,91,64,2,89,27,4,41,31
318,1.5380039925184974,0,27,34,51,45,36,44,10,29,52,73,57,28,68,41,69,86,11,66,77,17,35,82,7,97,53,92,16,5,87,21,14,47,12,99,88,58,59,6,2,26,89,46,79,30,83,64,80,95,63,61,37,23,81,56,50,25,19,60,40,49,62,1,54,18,85,94,33,8,24,9,31,91,22,74,93,65,55,48,98,13,32,15,84,20,70,90,4,71,96,39,42,3,72,43,75,38,78,76,67
319,1.4423009912716225,0,22,73,69,81,24,59,82,25,78,65,21,35,53,66,28,29,30,88,12,15,68,67,4,79,74,86,45,36,23,94,34,11,5,19,83,43,33,8,37,91,14,72,61,84,93,47,98,85,52,3,26,99,38,62,95,9,6,32,57,10,49,60,90,2,51,46,92,1,96,77,63,7,76,20,70,80,16,18,97,39,42,75,50,64,54,27,89,40,41,13,31,87,48,17,71,44,56,58,55
320,1.5141459983278764,0,64,82,1,35,92,69,41,48,57,6,87,77,39,37,74,96,36,60,52,11,26,63,9,86,25,84,59,17,16,33,8,49,72,56,78,47,50,62,80,23,14,24,53,98,34,20,94,4,51,88,81,67,46,90,10,45,83,44,73,30,15,71,93,43,97,55,99,18,38,85,32,58,29,22,7,95,79,70,89,91,66,31,5,54,27,3,2,68,42,65,40,13,76,12,61,28,19,75,21
321,1.5829869900408085,0,91,1,29,48,78,97,18,46,27,10,82,59,34,50,93,13,14,6,95,41,68,74,73,99,72,87,28,39,9,52,76,15,5,36,89,69,62,37,77,4,83,16,81,85,31,45,84,2,35,21,3,63,47,26,33,12,40,24,61,11,70,64,8,51,94,66,96,56,53,49,60,67,58,42,32,22,90,17,75,23,92,19,7,44,38,57,25,88,86,54,71,80,55,30,98,79,43,20,65
322,1.5037089914403623,0,88,86,15,9,71,62,46,27,17,36,61,30,23,84,39,25,79,13,58,10,95,47,22,33,78,32,63,54,94,12,74,76,45,3,85,44,99,82,69,97,48,98,2,80,83,40,77,24,4,42,65,50,96,51,66,93,56,49,68,18,11,70,31,29,91,53,28,20,21,92,60,35,16,1,64,43,81,19,90,14,87,72,55,59,5,37,57,8,34,75,7,89,67,41,26,52,38,6,73
323,1.6583499938860768,0,59,57,35,65,89,47,24,53,60,15,84,34,52,16,58,90,18,28,54,48,76,17,79,98,26,94,95,8,30,40,85,78,46,64,32,38,10,92,25,80,62,6,56,71,2,63,49,81,61,14,91,29,88,44,73,69,33,45,77,5,27,3,7,87,1,21,12,11,43,42,75,66,96,82,37,50,68,13,31,22,23,19,9,41,72,86,55,67,70,39,93,51,97,99,83,74,4,20,36
324,1.5511679943592753,0,83,30,16,25,47,54,28,14,90,2,24,43,55,6,64,41,57,35,74,61,65,26,72,79,7,38,40,39,58,42,44,17,92,66,80,19,12,51,77,86,52,81,20,78,75,99,5,10,62,97,88,1,68,13,63,22,27,4,59,37,15,49,71,91,34,46,82,95,70,73,87,89,23,9,94,84,96,67,60,45,85,93,53,98,76,29,69,11,21,48,32,50,18,31,33,8,56,36,3
325,1.599449002138499,0,11,29,17,82,71,93,83,37,53,6,36,54,25,87,73,40,4,31,64,76,88,74,84,16,79,61,1,20,19,62,43,52,59,77,57,26,91,44,86,10,96,65,23,42,50,28,5,98,58,78,72,56,27,70,14,81,30,60,3,97,38,33,66,8,13,46,34,41,63,2,47,69,92,99,80,75,32,24,35,49,68,15,21,7,55,48,22,89,9,12,67,95,39,94,18,90,51,45,85
326,1.5574819906978519,0,40,42,8,98,65,68,80,4,37,44,59,87,95,67,20,93,55,2,89,97,9,71,31,75,41,22,99,53,76,45,35,29,72,57,84,85,88,70,81,63,74,13,33,92,79,30,25,18,90,19,66,49,96,10,21,5,16,86,46,36,12,94,11,91,58,6,82,52,14,48,51,83,50,54,1,73,56,15,3,61,60,26,7,77,34,28,43,17,27,78,23,47,39,32,62,69,24,64,38
327,1.516827997926157,0,65,59,42,47,35,75,50,70,55,83,2,95,6,53,61,49,51,62,99,12,29,16,22,11,10,84,66,25,89,40,3,5,67,48,86,7,17,30,43,32,44,93,78,15,52,26,37,87,36,9,8,64,73,23,38,57,46,81,77,98,1,63,54,45,28,18,41,74,69,20,39,90,4,91,13,92,72,68,71,24,94,76,60,80,82,27,96,21,19,97,88,56,58,31,33,14,79,34,85
328,1.693709987332113,0,2,46,27,22,42,45,11,88,71,24,30,3,64,78,8,52,82,38,57,41,61,20,6,94,51,63,84,59,86,62,68,75,29,36,1,16,48,12,34,5,37,28,73,85,31,96,95,89,18,93,17,4,92,14,54,53,13,87,79,70,19,15,25,97,40,44,26,60,67,90,23,55,32,98,56,76,10,66,43,74,39,35,21,49,47,69,81,91,33,65,77,50,9,83,58,7,80,99,72
329,1.6011820020503365,0,24,65,17,38,71,40,25,46,87,86,91,58,98,77,29,61,84,20,96,7,34,70,93,54,12,57,31,59,89,72,45,64,75,36,47,73,21,90,10,15,74,85,44,23,8,94,66,9,4,30,80,13,83,76,18,43,41,53,62,78,2,92,37,97,11,50,52,56,55,14,22,33,19,68,63,6,51,79,28,26,32,48,49,27,99,16,1,82,60,35,39,88,95,3,5,81,69,42,67
330,1.470655000564875,0,9,76,68,81,99,66,74,28,58,2,50,19,25,29,97,57,83,32,78,3,26,17,54,63,86,98,52,77,60,84,33,10,6,91,56,55,31,43,46,64,73,69,49,36,82,16,39,95,67,47,42,51,53,40,37,79,88,1,85,34,18,90,80,48,94,61,24,30,13,5,38,22,23,8,62,27,89,70,20,72,87,35,75,41,59,11,21,44,12,7,71,4,65,92,45,93,15,96,14
331,1.558318009832874,0,8,63,74,68,10,52,81,62,26,96,95,57,70,64,58,87,80,73,24,41,32,40,55,78,22,31,23,75,27,60,3,98,21,53,37,59,83,17,7,92,44,29,46,65,90,49,30,79,91,13,6,12,71,45,50,5,76,9,11,99,77,69,34,42,82,72,39,35,1,93,4,18,38,33,14,84,88,51,54,48,43,86,66,36,25,67,61,97,47,94,15,2,16,19,56,89,85,28,20
332,1.596633988636313,0,68,1,51,40,30,53,4,21,47,64,66,25,98,93,60,56,36,90,23,45,48,73,9,81,6,32,35,75,87,69,83,67,59,20,57,71,29,34,95,15,39,31,61,63,88,77,55,46,17,96,28,3,14,22,12,84,86,2,44,19,92,85,91,80,94,89,10,8,72,33,41,24,49,37,62,5,99,97,52,74,78,50,38,82,79,58,11,54,13,65,26,27,70,42,16,18,76,43,7
333,1.5234370035905158,0,80,73,25,17,90,78,53,19,9,47,71,13,81,88,37,85,82,20,46,41,59,84,51,23,8,4,44,40,26,92,98,77,16,27,72,50,42,67,57,60,66,10,7,35,63,99,34,1,2,62,91,79,5,93,86,68,74,38,29,30,43,64,56,31,22,48,18,21,15,24,36,75,3,11,76,39,69,32,52,55,49,89,54,95,14,12,45,83,65,33,6,96,61,28,87,97,70,58,94
334,1.557240998110501,0,38,66,77,64,18,93,65,60,96,57,2,62,94,90,20,82,21,17,7,13,75,40,45,97,23,70,28,95,67,87,11,24,41,44,54,78,55,88,85,59,98,22,92,68,49,25,83,12,50,39,35,72,37,27,73,91,46,74,79,51,26,9,4,43,81,8,99,36,31,5,61,33,63,89,32,84,30,69,48,34,15,19,1,10,29,14,56,42,71,3,47,58,80,16,53,86,76,52,6
335,1.5434679997924832,0,28,62,34,93,27,33,70,69,83,44,50,39,8,52,63,1,21,20,2,23,81,46,13,61,58,77,9,26,22,56,99,41,79,29,54,15,10,19,75,24,42,74,64,38,89,57,45,72,78,5,73,35,43,37,95,51,94,98,67,3,49,84,85,59,6,65,53,4,31,17,88,12,66,82,11,25,76,68,71,80,92,48,32,40,16,90,60,97,55,96,47,91,18,86,7,30,14,87,36
336,1.5475709975708014,0,63,71,60,92,4,21,94,7,20,5,13,31,11,53,56,98,16,67,1,97,8,15,18,83,49,75,69,6,32,12,59,30,28,37,46,72,10,23,39,96,66,17,84,91,26,27,89,81,36,61,74,35,22,41,52,40,50,44,79,95,29,68,55,51,76,73,19,90,42,45,77,82,58,88,2,64,34,54,33,80,93,78,70,65,99,3,62,48,38,87,9,43,14,57,86,85,24,25,47
337,1.566708990954794,0,96,44,24,72,33,81,90,55,5,98,62,37,71,97,74,22,56,92,93,87,29,53,82,49,6,25,2,91,35,52,48,45,1,50,84,4,69,88,61,20,39,18,9,76,59,21,51,60,86,30,57,47,89,8,31,32,79,17,38,16,85,94,27,23,65,42,67,3,28,10,77,75,68,12,99,11,40,13,58,14,34,41,54,7,19,64,66,95,73,36,83,15,80,63,46,78,43,26,70
338,1.3475169950106647,0,2,70,13,23,89,92,40,33,69,58,21,57,88,9,5,50,60,73,67,7,45,87,35,49,42,95,98,16,4,86,8,22,17,31,30,81,64,43,90,44,32,85,38,14,72,34,3,12,29,20,37,74,51,96,75,56,94,83,82,62,91,1,80,76,25,55,71,61,18,26,97,41,11,46,19,68,36,99,15,39,84,24,65,28,93,52,63,66,47,77,59,48,53,6,79,54,78,10,27
339,1.3812160026427591,0,99,45,6,75,93,90,49,68,63,32,3,47,62,71,51,17,70,31,59,66,39,15,96,42,61,35,78,8,57,4,54,81,88,97,65,86,56,18,10,53,21,7,14,24,83,73,22,13,46,40,69,58,80,43,12,84,76,85,72,44,52,19,27,36,92,33,60,91,9,26,48,98,25,28,30,38,95,29,50,41,5,94,82,37,20,79,64,34,11,67,2,1,89,16,55,74,87,23,77
340,1.8147249770263443,0,9,21,47,39,2,58,18,87,10,36,60,92,48,68,40,50,34,22,27,20,59,29,78,90,32,24,56,41,5,12,54,72,82,31,57,8,14,13,51,80,85,70,67,64,74,44,52,88,83,16,98,3,46,96,99,79,65,26,19,75,62,42,97,25,33,45,30,77,89,28,1,66,35,15,61,93,69,4,37,81,73,86,94,23,84,49,76,6,53,91,11,71,17,63,7,55,95,43,38
341,1.2977880004691542,0,39,13,18,22,84,57,90,11,12,38,5,46,47,95,99,60,24,89,6,49,64,44,81,79,21,14,69,91,86,37,29,72,50,26,42,27,36,30,68,85,20,4,51,40,78,1,41,7,56,80,77,33,43,2,87,19,66,63,67,92,74,96,59,73,48,76,93,16,15,71,53,25,17,3,23,55,8,61,62,83,9,58,82,10,97,34,28,88,35,54,65,75,70,52,98,32,45,94,31
342,1.5740219953877386,0,84,87,66,35,2,71,83,45,11,74,81,91,93,89,52,4,22,36,59,61,80,69,54,70,55,90,57,16,33,73,58,10,25,60,20,68,28,47,78,99,5,15,72,13,1,3,51,95,14,88,23,63,17,43,38,67,7,30,42,49,76,85,65,24,44,56,97,27,94,18,86,50,77,46,48,26,62,41,21,98,37,53,12,34,29,92,96,9,31,32,19,6,8,79,75,40,82,64,39
343,1.475751002843026,0,18,90,72,9,86,15,71,11,4,37,30,96,16,10,73,95,32,65,2,23,57,98,6,61,66,26,13,36,44,74,77,12,29,40,17,69,93,76,56,14,94,67,34,53,28,47,46,63,21,50,62,85,58,89,80,92,8,20,68,7,45,87,43,64,1,3,60,91,49,38,70,33,99,79,97,24,51,39,75,81,84,52,25,41,48,82,35,22,59,88,19,42,55,5,78,83,27,31,54
344,1.4726529935142025,0,89,43,38,1,3,68,58,25,81,85,97,21,27,72,10,19,26,63,20,60,12,11,75,91,18,96,6,50,95,87,24,65,78,37,57,33,46,30,73,67,47,44,61,39,94,22,13,82,48,79,77,36,45,34,88,35,2,99,86,31,9,53,16,49,15,76,51,7,92,56,80,70,71,4,40,74,41,17,83,59,32,64,93,8,55,28,98,54,29,69,62,42,52,14,84,23,90,66,5
345,1.7586849963536224,0,58,73,8,53,51,81,54,23,85,19,41,43,55,9,78,86,32,82,77,50,44,87,1,96,12,3,33,40,18,57,45,7,17,16,62,64,72,79,31,37,42,84,28,91,21,80,92,93,98,94,56,59,14,74,29,10,5,70,49,68,35,27,13,71,67,2,26,65,89,99,39,75,88,22,6,97,48,38,52,4,61,34,20,11,63,76,69,95,36,66,24,30,15,90,46,60,47,25,83
346,1.471292994567193,0,30,72,65,43,9,25,79,53,98,70,21,7,52,76,74,36,84,77,4,69,71,29,8,15,90,12,40,39,94,22,41,86,32,87,3,5,91,19,58,82,38,23,54,96,88,66,24,44,47,85,59,33,60,18,49,11,75,10,99,89,80,6,34,64,63,37,83,81,93,78,48,92,50,56,73,14,57,17,67,97,62,1,46,95,42,31,16,20,28,2,61,45,26,68,13,55,51,27,35
347,1.552957995707402,0,57,66,79,30,78,82,22,4,28,8,76,86,48,60,49,54,34,15,24,17,56,97,55,42,38,35,2,32,99,96,85,19,62,77,58,44,93,80,3,83,59,43,91,73,94,65,23,14,81,95,37,46,84,33,31,29,64,61,69,26,47,25,41,40,18,21,39,36,1,90,74,88,67,72,89,50,12,71,45,13,11,75,27,87,92,52,98,16,53,70,20,68,51,63,5,7,9,6,10
348,1.5790289958385983,0,73,50,29,62,24,35,64,60,27,16,99,71,40,10,91,39,7,65,86,18,80,15,5,67,89,77,52,53,98,17,34,56,6,72,28,36,45,55,25,11,92,23,43,4,90,59,46,44,87,32,38,70,78,3,33,63,49,22,81,47,14,93,19,2,97,75,41,96,57,30,20,37,94,48,85,12,69,66,76,88,58,61,13,95,51,68,82,9,79,42,54,74,21,8,1,31,84,26,83
349,1.7046030029305257,0,55,40,93,25,77,83,10,50,67,37,66,48,27,15,90,9,87,18,41,32,73,22,61,28,43,36,24,2,26,81,99,85,68,21,94,49,58,92,29,45,63,31,51,19,35,13,72,79,56,1,8,70,14,86,23,44,11,53,78,95,12,97,71,76,59,88,3,96,46,52,5,98,69,65,54,89,60,80,33,38,16,62,20,42,34,17,91,7,74,75,4,47,64,57,6,82,84,30,39
350,1.3154169955669204,0,16,51,28,7,10,67,36,75,42,60,92,22,43,44,71,76,78,41,5,72,24,58,90,17,56,91,57,86,19,87,88,3,45,38,80,89,13,98,97,11,4,70,8,27,74,40,48,35,69,94,79,54,61,84,26,66,32,6,93,9,73,20,37,33,30,59,53,50,23,64,77,82,99,39,52,14,46,12,95,55,68,2,49,63,21,85,31,18,47,34,96,1,83,15,65,29,81,25,62
351,1.5667829939629883,0,88,30,85,56,76,50,2,12,52,47,89,81,82,93,87,48,8,99,72,45,1,14,63,34,73,83,44,39,74,43,29,46,10,75,33,20,7,84,41,28,70,27,66,18,68,35,4,51,13,71,64,91,19,38,86,59,40,79,96,53,15,90,6,9,37,92,3,80,78,95,49,55,25,32,65,22,69,97,23,60,57,17,67,31,24,26,42,94,5,62,77,54,58,98,11,36,16,61,21
352,1.3925019968155539,0,67,82,63,26,1,21,93,42,38,10,19,24,55,23,35,49,79,51,16,85,68,47,59,8,5,99,88,13,94,87,62,97,34,3,6,57,76,75,54,25,29,92,71,15,83,56,95,2,84,22,61,73,4,50,89,78,33,96,27,53,64,17,41,52,77,30,45,12,7,43,65,28,46,81,20,14,36,44,18,11,9,66,98,39,31,91,37,74,69,90,32,40,86,70,72,48,58,80,60
353,1.56777800587588,0,46,57,59,33,60,93,74,27,21,29,3,79,34,13,61,66,43,81,28,84,53,42,73,38,98,30,22,51,65,50,67,39,63,40,12,91,25,37,78,47,32,89,88,19,76,80,26,62,83,69,14,87,44,16,5,23,54,17,7,35,45,85,71,72,18,75,70,2,99,31,48,56,64,58,77,9,52,41,1,55,68,11,6,36,82,92,94,20,90,24,49,15,8,97,95,4,10,96,86
354,1.7223350009298883,0,75,11,26,40,68,87,12,54,27,55,59,56,45,15,2,89,64,13,29,83,51,38,34,76,16,91,5,35,10,36,79,97,19,28,23,70,25,61,78,90,94,21,88,57,49,85,82,74,98,37,4,43,41,67,30,96,95,14,60,46,33,81,93,9,20,48,22,86,77,72,44,1,53,50,17,80,73,42,71,52,32,62,99,84,58,92,3,24,6,69,31,8,63,7,18,66,65,47,39
355,1.5855429903313052,0,49,3,11,64,40,74,65,93,51,22,82,12,42,10,21,87,71,4,14,18,50,77,13,43,88,58,48,39,29,83,81,24,59,68,30,53,47,19,63,34,41,67,99,35,97,6,75,78,52,90,70,28,36,32,57,1,95,61,15,27,86,98,46,23,56,92,45,20,84,72,8,76,80,7,37,9,55,85,69,33,25,16,91,54,62,66,2,79,73,60,96,5,26,89,44,38,94,17,31
356,1.5113459895655978,0,42,69,17,93,75,27,68,99,45,54,55,82,41,56,63,21,84,44,6,86,31,50,80,18,64,49,14,26,12,97,60,72,5,87,81,9,37,46,2,7,19,73,35,30,89,47,66,29,36,53,43,4,40,77,71,74,1,32,24,16,88,90,15,61,48,85,59,78,57,95,22,94,11,83,92,91,96,28,98,13,79,52,38,76,39,67,20,70,65,33,8,34,23,51,58,10,62,3,25
357,1.3022669912752463,0,79,15,23,45,27,18,35,71,26,17,3,67,64,49,12,66,29,68,46,87,54,90,14,56,22,32,37,2,88,51,39,58,33,92,85,97,7,55,25,86,93,84,57,36,91,73,19,20,42,74,60,98,75,44,63,9,30,4,11,99,69,40,72,47,53,43,1,50,96,61,62,34,21,94,82,28,6,31,8,16,95,38,10,70,5,76,65,83,81,41,48,80,78,77,59,24,89,13,52
358,1.6626289936539251,0,33,80,58,91,14,83,74,45,94,88,34,26,54,79,7,44,3,4,31,65,92,89,13,75,96,84,21,5,51,61,49,10,12,81,8,6,48,68,20,85,95,59,93,41,42,90,39,9,73,23,66,22,25,55,47,67,99,97,24,17,53,82,78,46,69,57,38,30,63,60,2,72,32,28,64,1,27,87,15,29,35,50,19,37,77,36,52,56,16,71,43,18,76,98,62,11,40,86,70
359,1.5889230102329748,0,44,30,23,36,29,69,73,24,3,4,87,68,96,33,72,59,50,93,35,21,38,78,57,32,1,92,20,34,5,85,66,12,75,8,47,89,95,48,82,26,81,51,45,94,90,76,70,17,65,9,49,46,64,25,10,40,54,43,98,42,14,11,86,67,52,41,53,18,61,2,27,37,84,58,62,31,79,88,55,28,60,63,19,39,16,6,99,71,56,74,97,83,15,13,22,77,80,7,91
360,1.6412359882706369,0,35,80,29,10,41,89,34,71,73,56,49,28,98,91,46,79,72,84,45,81,14,74,58,64,18,15,12,13,37,77,40,42,57,48,59,20,43,32,78,50,25,39,4,27,17,88,90,2,54,67,92,61,36,38,69,99,24,85,19,83,68,86,1,33,52,3,23,87,22,6,31,63,51,70,8,97,11,55,93,66,30,96,95,21,26,53,76,62,60,5,9,65,44,82,75,16,7,94,47
361,1.8525989886547904,0,50,63,47,39,84,42,71,49,82,73,37,15,10,9,85,96,13,90,6,72,57,86,80,34,44,28,36,45,23,55,88,48,21,66,56,51,19,98,87,70,94,43,89,40,35,29,60,69,76,79,32,38,3,54,5,2,20,24,7,83,1,81,31,41,95,93,16,33,75,46,91,52,14,61,62,97,11,12,8,26,25,99,53,92,18,27,77,22,65,17,74,58,78,30,67,68,4,59,64
362,1.4908039944857592,0,79,45,72,80,2,38,59,90,6,69,86,83,58,93,12,1,62,64,82,88,91,61,65,66,89,63,68,25,73,16,85,67,46,41,95,50,74,81,44,76,43,9,53,51,18,48,31,30,47,5,20,7,52,17,97,29,32,3,56,94,40,37,78,13,87,23,34,92,96,98,84,8,36,42,11,14,35,26,21,54,39,33,10,28,71,4,55,99,70,57,49,27,24,19,75,60,22,15,77
363,1.6392939841898624,0,25,39,7,91,66,8,67,29,54,80,26,57,36,90,33,35,23,41,27,71,19,87,78,88,47,14,60,65,95,92,20,31,9,21,15,93,52,48,98,2,82,83,45,40,97,1,37,49,30,94,86,63,84,68,61,32,58,38,53,99,75,77,11,22,59,3,18,46,4,96,12,74,79,16,89,81,72,24,6,28,17,5,70,64,10,55,62,85,51,43,34,69,76,50,44,73,42,56,13
364,1.583374999834632,0,65,18,55,23,82,4,42,20,57,34,64,72,58,19,14,8,98,85,48,88,66,91,10,80,9,95,24,30,17,22,16,74,38,6,29,61,84,37,11,96,68,67,92,89,70,35,75,62,69,46,59,26,60,86,15,41,97,45,52,78,43,83,1,36,28,81,49,56,7,2,77,76,47,73,79,31,54,27,63,12,90,94,71,39,33,93,50,44,3,5,21,25,51,99,87,53,32,40,13
365,1.5535339975904208,0,75,41,57,14,35,47,5,6,23,87,74,1,83,97,55,2,65,71,7,34,62,59,99,91,86,53,30,15,78,32,72,31,21,49,44,70,45,38,12,40,16,24,60,77,85,20,4,73,11,9,64,46,66,80,69,10,19,22,81,79,26,68,50,98,29,8,48,25,90,27,88,43,96,89,95,36,61,28,54,67,94,56,58,93,17,37,33,63,92,76,42,51,84,52,18,39,3,13,82
366,1.4045370004459983,0,74,12,56,25,77,65,3,21,43,39,32,75,48,81,52,30,20,95,50,11,93,26,29,23,2,31,60,58,99,94,71,89,55,45,85,16,68,28,34,57,79,54,15,18,19,10,80,4,13,73,72,33,44,47,83,8,53,35,17,40,1,61,5,90,70,27,36,84,97,22,9,67,41,66,46,82,14,86,7,96,92,59,88,69,76,6,38,24,91,37,42,63,78,62,87,98,51,49,64
367,1.7385109957831446,0,95,88,89,48,37,75,96,97,49,3,83,26,58,36,16,44,25,51,33,29,17,45,73,19,98,92,38,90,12,68,82,1,9,28,11,61,35,46,42,5,54,22,66,79,41,23,77,93,2,30,18,69,40,55,78,99,62,91,47,50,94,24,57,4,67,84,15,56,76,74,27,10,8,70,7,80,60,81,64,59,63,6,31,85,14,32,43,21,71,20,39,65,52,87,53,13,86,72,34
368,1.5243079998763278,0,99,9,80,22,44,26,1,37,2,91,83,50,8,3,19,52,38,65,86,13,67,78,58,71,74,55,46,73,20,47,30,66,11,92,41,95,94,10,81,12,72,23,76,35,84,32,60,49,97,63,21,14,24,69,27,90,59,42,43,98,61,17,25,28,36,6,54,68,45,96,82,51,89,79,34,77,87,56,18,70,53,4,16,75,48,64,62,7,33,93,85,39,29,15,88,5,40,31,57
369,1.715192001342075,0,59,70,1,79,16,77,37,45,66,18,28,68,63,39,86,44,23,10,97,94,42,72,82,98,33,80,56,57,54,19,5,90,8,9,21,62,25,22,74,69,14,89,85,91,49,26,58,65,30,60,88,4,2,55,47,61,24,32,43,99,40,96,13,11,12,15,81,17,7,53,67,83,6,3,34,20,50,73,87,71,76,92,78,64,35,52,51,93,36,27,48,75,31,84,29,95,41,38,46
370,1.6386689956561895,0,14,83,2,3,77,17,89,99,15,94,57,59,70,13,87,21,92,36,6,67,25,85,68,34,60,45,56,91,76,20,55,24,47,8,23,28,84,1,35,52,19,65,80,97,46,71,11,43,41,40,88,18,61,69,44,9,49,29,38,37,54,31,16,73,50,22,78,39,30,42,93,58,66,64,27,96,75,48,10,4,82,5,63,86,95,62,98,90,7,32,26,12,74,81,53,33,79,51,72
371,1.4662340026843594,0,5,91,16,46,72,53,97,56,59,14,34,90,48,35,28,36,76,80,9,50,71,45,86,30,10,67,39,21,81,83,89,49,84,25,43,29,38,98,42,3,57,18,26,19,13,22,65,66,79,6,74,27,85,99,7,75,4,64,24,87,8,20,73,2,95,94,70,17,62,96,63,51,82,32,12,77,1,41,54,69,33,37,78,15,31,55,58,44,40,93,68,47,52,23,60,92,61,88,11
372,1.6570289868832333,0,86,43,36,24,78,39,17,35,60,79,14,50,46,62,68,82,71,56,11,8,67,84,10,99,58,64,15,2,30,69,80,81,33,12,37,44,38,7,61,75,32,25,20,93,5,59,88,98,45,90,97,76,66,27,19,13,23,1,53,49,4,63,21,92,42,74,89,28,95,51,16,18,94,6,96,52,77,47,22,9,3,54,41,85,26,87,72,83,55,73,34,65,57,70,31,40,29,91,48
373,1.5021089956862852,0,23,36,6,38,54,53,31,61,7,56,16,47,49,1,97,52,80,50,91,8,26,25,20,85,12,3,73,5,62,75,39,14,27,51,4,69,82,78,11,35,96,66,15,87,86,74,17,95,72,99,63,28,2,92,37,58,30,34,42,90,24,59,57,89,83,48,81,29,77,70,93,45,44,55,10,60,64,67,94,68,18,21,22,19,71,33,41,13,76,84,32,65,46,43,88,40,9,98,79
374,1.5661889970069751,0,91,35,22,69,16,80,32,36,46,51,52,66,45,48,34,98,31,8,87,95,30,55,21,29,26,96,47,27,25,64,20,23,12,11,75,76,89,13,2,17,81,97,74,1,42,62,19,72,43,63,7,53,3,88,59,99,86,68,28,56,82,18,93,5,92,85,15,58,40,38,70,79,49,73,50,9,57,60,94,54,24,14,61,10,77,4,78,41,44,71,83,84,6,33,37,39,65,67,90
375,1.56841099013036,0,74,6,81,5,16,94,37,35,72,41,1,38,55,46,47,65,17,69,25,89,75,40,22,42,15,32,10,70,33,29,51,83,12,88,18,59,24,57,26,45,87,67,60,77,34,21,13,56,91,20,66,48,80,73,23,90,39,19,84,63,85,93,76,98,11,53,36,96,8,9,7,54,4,14,43,30,82,71,3,79,44,61,49,92,62,27,50,99,95,52,28,97,68,31,78,86,58,2,64
376,1.404680999030461,0,82,93,96,72,49,99,21,42,13,12,87,83,64,90,70,17,40,54,10,79,43,75,16,52,19,56,46,62,8,76,85,6,3,65,39,59,34,89,18,23,86,11,98,20,58,38,80,71,77,53,26,74,63,28,88,61,81,37,2,35,30,95,7,94,27,73,15,36,47,5,57,48,60,32,1,14,51,31,24,29,92,68,67,50,33,4,41,84,66,45,22,25,78,44,91,55,97,69,9
377,1.6380899956166104,0,57,93,74,79,32,22,34,98,13,43,55,97,18,20,63,51,23,33,46,56,65,10,92,44,35,38,31,62,81,84,80,59,36,45,69,85,58,71,61,26,77,54,41,19,91,28,76,87,9,72,53,12,99,6,7,37,40,42,52,86,82,96,95,16,39,30,24,14,60,90,15,67,29,11,75,64,48,21,1,68,88,89,5,4,27,8,25,73,17,3,66,47,78,94,49,70,2,50,83
378,1.405329000823258,0,68,32,74,56,91,35,10,61,54,43,18,83,55,4,3,13,40,6,8,72,82,53,65,38,73,79,85,89,97,45,31,49,96,41,84,78,87,17,76,69,57,24,60,46,21,47,48,90,66,50,33,28,52,93,99,37,16,29,81,86,58,51,70,71,9,75,62,1,30,95,64,12,11,34,88,19,94,5,59,67,63,7,27,98,36,92,15,20,39,80,22,14,25,23,77,2,44,26,42
379,1.6526550053677056,0,93,44,50,16,57,84,80,66,46,55,41,27,8,71,9,87,14,18,75,19,10,86,34,48,21,52,47,96,83,90,62,45,56,31,28,29,78,73,25,15,3,40,36,98,51,4,2,33,5,30,64,91,61,92,59,99,24,12,20,67,74,77,23,95,35,39,65,43,63,11,70,68,7,89,49,13,79,22,85,38,32,72,82,6,60,53,69,54,81,17,26,1,97,37,88,76,94,58,42
380,1.5633789929306658,0,41,87,96,79,42,88,13,38,28,39,75,99,90,37,25,12,68,89,83,54,58,61,1,22,10,64,14,26,46,91,77,65,19,53,2,32,11,27,95,84,98,82,24,72,4,92,69,43,30,8,50,52,40,59,5,51,74,3,97,66,45,60,31,85,36,23,35,70,93,55,44,86,9,78,57,29,15,80,34,16,56,21,6,62,17,48,81,33,20,71,76,49,63,73,94,7,47,18,67
381,1.460104991972912,0,83,46,13,59,30,98,88,74,27,11,43,42,41,77,72,70,9,38,21,45,44,89,84,56,87,62,96,5,67,35,95,99,73,63,80,48,54,16,4,3,22,15,60,57,53,33,55,93,34,66,28,7,69,10,65,29,75,37,20,68,51,85,91,14,6,8,47,40,58,94,12,97,64,90,36,23,1,31,61,39,19,92,81,24,52,32,78,76,86,82,79,50,25,2,49,17,18,71,26
382,1.5891329943115124,0,32,54,87,5,26,15,2,58,91,16,96,85,30,8,88,35,93,31,75,50,59,56,47,6,40,12,45,81,52,57,61,38,94,73,97,46,11,23,72,53,3,79,41,64,71,33,95,19,22,14,69,98,76,20,37,9,25,39,21,48,90,49,77,80,51,4,60,78,18,83,74,27,28,82,24,86,70,10,1,34,66,92,44,7,89,13,43,42,68,67,17,29,84,65,63,99,55,36,62
383,1.7084709868358914,0,84,47,61,78,2,32,49,88,7,80,83,74,89,54,42,17,1,35,20,77,23,21,5,70,98,37,82,13,85,41,51,3,73,66,27,58,6,43,53,39,52,57,76,8,50,14,46,22,26,64,67,45,94,31,12,71,59,30,62,86,48,60,96,33,19,87,65,75,93,81,63,29,99,38,11,92,95,16,90,40,72,79,10,24,28,56,4,18,68,55,36,9,69,34,44,25,97,91,15
384,1.6966610012605088,0,96,25,4,3,70,18,43,90,77,1,10,63,6,60,87,55,42,12,68,61,9,20,37,19,59,11,46,73,49,53,26,2,35,76,24,39,82,88,28,16,62,41,36,81,86,74,15,13,40,56,64,45,98,97,91,5,47,94,58,93,32,57,30,71,17,44,99,89,54,31,38,83,67,22,75,8,65,78,34,33,72,80,85,48,51,52,69,21,27,7,95,29,23,50,14,66,92,79,84
385,1.4696079943387304,0,72,83,5,30,46,42,23,64,32,27,17,13,73,4,54,26,70,35,79,63,95,86,41,25,92,67,2,37,56,3,77,69,65,24,12,28,34,50,91,90,36,11,29,19,43,68,7,99,80,76,33,15,6,22,74,94,75,87,38,44,47,16,96,78,49,85,31,51,84,81,62,97,89,55,1,10,45,98,93,57,40,18,53,20,71,52,8,60,9,48,66,59,88,61,14,39,82,58,21
386,1.4202400008798577,0,33,97,11,12,40,59,31,98,58,56,99,52,76,4,94,61,72,83,67,23,93,47,30,13,10,35,85,82,16,95,68,19,2,42,3,32,50,21,22,7,46,86,43,27,5,39,9,91,63,28,84,92,6,73,17,62,49,74,38,60,57,29,75,65,81,64,69,70,14,18,24,26,15,8,48,41,44,53,96,20,88,66,54,55,77,51,37,45,34,87,79,90,78,89,80,1,71,36,25
387,1.4082490002911072,0,96,78,57,72,27,19,24,94,59,15,48,3,38,61,1,50,81,74,89,62,55,63,33,95,58,99,23,13,47,97,85,21,87,64,2,41,44,11,77,4,49,28,98,51,70,35,46,30,68,39,22,31,83,16,14,26,32,52,92,20,80,67,42,66,88,34,40,10,18,86,65,90,91,43,17,5,25,71,76,84,6,93,60,79,12,29,69,53,45,36,8,82,7,9,73,37,75,56,54
388,1.541059992654482,0,26,81,85,56,54,1,33,78,23,67,96,38,7,17,95,50,86,58,2,9,93,32,61,22,80,15,55,87,28,88,75,5,51,11,49,65,94,72,90,73,39,30,60,83,20,8,43,44,29,14,84,92,97,4,34,82,70,35,52,10,18,6,63,64,45,89,53,3,13,46,40,19,42,41,79,36,74,25,16,62,47,48,91,71,68,27,69,59,24,37,31,57,66,99,98,12,77,76,21
389,1.5820590016664937,0,13,62,92,3,77,37,28,30,78,25,17,67,6,31,57,20,98,90,15,56,74,36,26,84,21,8,61,14,82,34,80,63,54,81,48,40,88,23,43,95,49,18,10,94,60,76,85,71,91,99,51,33,11,38,12,45,27,5,53,86,4,79,68,83,65,1,70,16,89,97,44,50,72,47,52,24,75,46,22,2,19,42,87,39,58,35,55,73,69,96,64,9,93,41,7,32,29,66,59
390,1.6964719927782426,0,16,31,25,93,20,2,5,70,44,95,14,40,6,23,48,96,41,75,24,99,45,47,60,62,85,1,34,68,72,76,77,64,29,78,66,84,22,46,74,57,52,79,38,54,81,3,55,98,67,97,13,37,17,49,87,88,58,61,80,92,56,73,28,90,26,42,91,19,27,32,11,86,51,21,89,71,36,30,8,10,69,59,35,43,18,65,53,50,94,12,83,33,4,9,82,39,7,15,63
391,1.6160620003938675,0,3,57,14,5,27,65,10,85,45,29,48,72,4,17,90,50,68,43,94,34,7,25,52,97,62,95,38,60,51,55,61,78,16,47,53,71,70,21,66,64,99,83,24,31,36,77,74,82,46,75,80,20,9,58,87,76,19,30,59,81,93,12,8,89,1,63,40,42,11,6,56,79,23,54,44,33,88,67,37,84,39,2,86,18,35,41,22,98,28,69,26,91,92,96,13,15,73,32,49
392,1.42601999809267,0,49,44,64,23,29,17,88,12,30,15,18,56,42,43,55,76,83,90,7,95,50,8,61,4,19,41,33,84,87,70,75,51,62,66,81,45,80,71,48,25,27,63,26,37,59,85,34,93,69,22,36,39,86,2,91,68,52,77,20,10,35,16,46,28,89,13,94,53,5,72,24,32,82,57,14,58,9,47,78,65,96,97,92,38,6,40,74,11,67,31,3,1,60,98,21,54,99,73,79
393,1.5422690010163933,0,44,87,31,24,95,76,19,4,40,36,70,81,74,86,94,30,55,41,27,78,69,85,62,96,64,6,2,22,35,1,77,51,48,83,58,37,71,34,8,63,17,15,93,75,45,38,13,18,5,80,84,28,39,68,23,61,7,49,90,12,88,21,52,57,59,50,29,32,56,43,97,25,10,20,9,82,66,89,72,26,46,53,99,65,73,11,14,16,79,42,47,3,54,98,33,67,91,60,92
394,1.7082709933602018,0,87,47,34,21,62,18,6,24,54,59,97,68,71,67,83,90,64,35,69,45,12,82,56,60,76,32,10,4,7,41,36,88,31,23,19,89,95,52,70,39,46,33,20,66,49,51,73,55,25,22,65,84,40,1,27,72,53,61,42,48,80,85,13,37,75,57,16,9,79,78,38,15,77,30,99,98,92,17,94,26,3,58,5,86,50,96,29,28,43,44,11,81,2,91,8,74,93,63,14
395,1.5753320050935145,0,41,25,88,50,40,57,99,8,44,10,9,46,69,68,70,15,75,22,27,63,79,86,21,13,91,42,39,45,65,97,47,11,26,38,30,84,92,37,73,81,32,85,72,98,78,58,53,67,96,56,49,34,29,90,55,61,28,35,71,51,24,36,87,6,16,14,60,1,54,89,82,80,62,48,66,95,7,2,5,43,93,12,83,4,33,76,74,59,23,31,17,77,64,19,18,52,94,20,3
396,1.5598279958867352,0,33,56,84,2,23,7,18,75,65,47,39,46,88,71,28,73,20,69,89,55,48,6,41,29,99,57,12,63,78,62,19,76,21,25,83,59,74,14,3,98,38,49,24,66,85,35,10,60,40,42,79,45,96,50,34,77,8,92,87,1,68,54,51,27,90,17,70,64,4,16,67,11,43,93,81,82,26,91,94,37,52,80,86,53,22,5,15,61,95,44,97,58,30,13,31,36,72,32,9
397,1.4275819971808232,0,14,83,95,38,32,58,16,44,79,7,2,75,42,60,48,72,67,43,26,8,30,53,89,13,98,57,87,94,91,82,62,40,10,31,21,5,27,69,18,55,77,88,93,49,1,22,86,17,76,65,84,20,71,74,23,3,33,54,68,15,6,19,99,96,29,70,34,36,12,25,97,11,39,63,24,41,85,64,66,45,81,47,90,9,92,28,4,59,37,56,51,52,46,78,61,35,80,50,73
398,1.8236279922712129,0,92,35,42,98,82,38,91,86,25,51,90,97,89,7,55,47,56,15,19,36,26,73,16,32,29,5,62,50,1,76,61,72,84,41,75,34,44,93,94,21,48,85,77,23,64,45,14,18,9,83,79,46,80,33,63,17,30,66,87,31,40,57,28,11,52,20,69,88,96,95,22,10,49,59,53,8,3,4,27,54,67,6,65,24,2,58,12,81,43,68,99,74,37,13,71,70,78,60,39
399,1.5982279960735468,0,32,44,76,19,16,29,20,42,31,58,90,34,22,5,60,51,21,28,47,10,39,30,75,78,61,98,70,25,48,8,33,11,65,18,73,96,49,40,27,17,62,55,14,15,92,66,52,53,37,87,43,9,67,6,41,3,97,79,95,81,77,57,45,74,83,72,86,26,84,1,89,88,2,91,23,69,85,24,68,56,82,50,93,59,99,54,71,13,80,94,4,63,12,64,46,38,35,7,36
400,1.6419779979623854,0,27,85,61,46,73,14,49,29,56,10,41,16,24,55,20,83,93,98,95,89,2,13,75,53,62,36,77,35,91,58,50,25,94,6,23,76,65,97,81,64,84,96,15,99,19,7,82,87,32,80,3,9,34,72,4,31,5,51,74,47,48,42,67,57,60,40,78,38,22,39,92,28,88,30,45,63,52,37,68,12,43,18,70,33,71,86,66,8,44,54,90,79,26,21,11,59,17,69,1
401,1.574983991427871,0,82,17,20,22,25,46,23,48,78,80,43,66,70,62,9,33,87,61,68,39,98,4,11,85,59,97,94,55,27,90,53,44,57,2,36,35,79,24,42,63,3,77,1,40,86,32,37,88,8,45,83,56,95,99,52,5,19,14,58,15,31,73,69,96,10,6,93,29,74,72,13,38,26,12,16,41,18,84,50,92,60,81,30,76,65,47,71,91,21,89,54,34,64,7,49,67,51,75,28
402,1.9366759856638964,0,84,60,43,69,24,18,13,29,8,4,63,80,42,72,25,56,94,12,96,89,46,81,19,49,27,95,90,44,36,73,11,16,6,45,28,98,52,17,88,9,70,38,26,75,5,62,30,68,86,93,77,14,66,31,79,57,99,32,47,83,59,55,76,35,33,53,23,48,34,54,1,74,50,85,22,78,92,20,37,58,97,15,71,87,64,2,39,41,65,10,67,3,40,21,91,51,61,7,82
403,1.6381200057385286,0,76,97,71,69,91,32,58,48,29,95,1,90,8,75,53,43,7,15,99,62,66,12,56,68,17,20,72,79,51,93,28,47,80,70,65,26,77,39,49,13,40,61,5,11,87,60,64,25,52,59,84,27,98,2,30,14,9,96,41,50,16,35,21,34,42,3,83,85,36,54,33,44,37,55,4,38,74,94,78,23,22,63,81,86,46,88,89,24,19,18,10,67,82,6,57,45,73,92,31
404,1.5174409996252507,0,33,35,56,80,65,99,6,15,18,85,88,4,82,27,19,62,72,5,59,45,14,86,37,79,58,17,9,41,64,10,68,29,83,3,49,76,34,26,8,44,81,42,38,13,51,57,31,71,32,61,39,73,95,50,28,21,53,52,94,25,69,93,74,97,96,46,78,43,47,89,11,2,84,67,66,12,91,22,63,77,7,98,36,60,70,1,90,30,55,48,20,54,16,24,87,23,40,75,92
405,1.451837995708047,0,6,19,40,77,24,28,13,66,36,78,45,39,14,33,18,81,99,97,95,26,5,49,10,37,41,83,32,3,1,96,80,2,15,50,21,22,82,86,85,73,9,30,61,94,55,17,87,48,93,8,72,23,74,59,92,98,62,44,56,91,25,76,43,4,63,31,27,90,11,35,53,71,16,46,84,88,69,12,60,7,64,79,38,52,65,68,42,75,57,47,67,70,58,54,29,89,20,34,51
406,1.6841689892462455,0,69,51,60,5,47,63,99,85,55,42,24,67,89,32,97,21,2,91,80,93,54,66,19,35,14,3,23,83,37,77,49,13,48,59,57,39,20,4,1,96,44,94,8,29,52,43,11,81,7,65,38,75,84,72,12,56,64,15,53,33,82,76,50,78,74,36,16,46,86,9,6,73,98,31,71,40,10,58,25,90,70,28,27,30,88,45,68,62,87,95,92,41,34,17,79,61,18,26,22
407,1.7440299930167384,0,40,61,93,27,50,56,15,78,35,89,65,88,22,55,51,13,48,70,60,99,7,14,2,57,8,83,4,67,43,47,85,69,90,68,12,74,28,82,72,96,26,11,92,63,64,6,53,59,25,16,23,76,73,98,75,54,19,66,77,86,95,36,10,62,80,94,24,1,29,33,18,34,79,30,45,38,81,97,3,87,37,17,20,31,21,91,52,41,9,42,39,49,44,46,5,71,84,32,58
408,1.6145119892898947,0,63,36,14,91,83,76,16,42,92,44,41,22,35,27,75,40,94,66,11,30,70,26,21,45,72,64,71,93,15,7,12,67,37,79,9,59,17,68,24,98,88,32,19,85,50,77,55,87,23,48,4,20,74,80,56,97,52,2,81,43,54,10,33,95,62,13,3,6,31,53,29,82,49,96,5,39,69,46,86,51,61,18,73,99,1,89,38,58,8,60,65,34,84,25,78,28,57,90,47
409,1.6654239905474242,0,84,19,39,51,55,7,2,21,91,83,59,31,65,34,52,92,66,32,29,3,41,78,44,26,18,20,23,88,25,68,86,8,12,4,63,45,42,5,62,75,58,82,70,37,10,96,17,36,40,77,47,53,99,38,16,69,6,67,97,74,11,27,22,95,76,85,72,61,54,9,64,79,90,46,98,81,48,89,94,56,49,35,87,60,24,50,14,80,43,33,1,30,57,93,13,71,28,15,73
410,1.6055559930100571,0,14,68,38,1,6,20,77,23,53,76,54,62,35,52,33,57,5,64,25,36,66,99,69,98,78,49,56,17,95,91,27,21,45,58,84,63,94,75,29,90,41,51,61,83,89,12,22,44,55,47,79,81,65,85,74,97,4,59,80,70,34,46,9,13,40,26,37,7,15,50,8,2,28,71,11,42,87,82,39,10,86,93,73,48,18,43,67,24,96,3,30,92,60,88,16,19,72,32,31
411,1.5981669903485454,0,41,44,49,50,25,53,81,3,56,75,29,35,15,6,80,32,72,54,52,9,33,86,79,24,45,76,22,61,89,98,87,27,55,37,71,16,34,12,83,58,82,68,73,95,94,91,21,30,31,70,48,84,78,26,38,88,92,51,18,66,43,14,85,57,74,10,1,17,28,40,47,13,65,62,59,97,39,64,7,5,93,20,63,2,19,90,77,4,42,96,11,8,36,69,99,60,23,67,46
412,1.6426569869508967,0,62,43,12,90,1,99,67,60,78,81,91,36,24,94,74,33,54,38,68,5,59,57,61,65,86,14,93,73,15,87,89,84,37,45,17,34,35,13,27,29,46,76,56,58,95,20,18,32,98,39,30,49,85,22,10,50,83,82,16,88,75,44,42,96,4,25,41,21,2,26,66,92,55,23,3,71,80,40,48,77,6,7,28,63,52,70,53,72,64,79,31,8,19,47,97,51,69,11,9
413,1.4263469922916556,0,25,94,17,44,9,83,64,13,14,42,24,85,21,18,15,69,39,53,97,75,35,10,80,5,76,41,60,38,54,16,87,49,6,51,37,84,78,48,28,55,71,68,23,61,93,73,67,90,50,89,36,95,98,74,57,45,1,33,2,40,59,79,96,81,43,7,12,52,65,3,66,34,58,46,77,4,22,88,30,91,82,27,31,92,62,26,99,20,70,72,19,8,47,32,63,86,11,29,56
414,1.6856339909718372,0,90,74,79,58,53,98,9,49,37,61,51,72,14,15,73,77,56,8,23,93,95,92,46,32,17,4,28,84,3,16,29,10,22,78,59,85,52,18,82,5,43,33,64,99,75,38,71,6,27,11,7,39,68,48,69,2,13,87,91,36,88,41,47,94,57,60,97,55,25,54,89,86,96,26,63,67,70,81,76,44,34,21,45,65,50,31,83,30,20,24,1,42,80,62,40,12,19,35,66
415,1.537676998967072,0,9,74,48,11,31,12,43,85,44,83,50,57,89,37,60,22,64,3,19,36,67,75,98,10,21,5,41,32,78,42,4,14,33,72,55,90,87,62,77,73,52,53,88,51,25,54,24,18,45,91,93,29,95,2,66,82,69,40,6,58,27,26,65,13,17,38,34,84,15,7,92,63,70,39,97,30,68,16,61,56,94,96,76,20,79,99,23,59,1,46,49,8,47,28,80,35,81,71,86
416,1.5644230080069974,0,36,43,12,67,9,63,44,89,38,37,75,52,2,42,60,57,47,74,32,6,61,96,78,31,25,64,98,28,48,21,95,35,62,3,17,46,16,23,66,15,73,87,30,29,40,5,19,79,84,10,99,97,58,51,45,71,8,83,85,88,4,27,92,68,50,93,76,1,34,56,26,11,82,90,49,69,55,22,72,54,86,70,39,41,65,80,33,24,7,81,59,91,14,94,53,77,13,18,20
417,1.5335939970245818,0,53,98,57,20,41,34,82,29,18,30,55,73,7,92,52,86,6,70,23,64,26,56,54,40,89,8,45,62,75,50,21,72,46,17,74,5,11,1,3,35,90,85,33,43,97,44,14,36,47,66,13,81,24,27,61,16,78,65,76,37,48,9,59,25,87,94,31,49,88,15,51,10,68,95,91,19,22,12,69,84,71,96,4,28,38,99,2,42,83,60,63,32,77,79,93,39,67,80,58
418,1.6108499876863789,0,5,54,4,87,13,86,63,37,22,72,38,53,17,81,98,30,16,62,33,20,35,12,41,51,21,79,59,93,58,26,96,90,92,91,29,52,55,94,18,50,42,70,69,49,2,9,65,66,34,8,75,80,36,47,10,27,61,57,23,60,71,74,1,84,76,7,39,43,40,28,6,83,73,56,31,88,24,48,67,3,77,68,19,15,44,97,95,32,25,85,89,78,99,46,64,14,82,11,45
419,1.5170929965679534,0,92,80,72,70,35,13,28,69,34,56,5,85,77,38,4,65,9,12,10,61,18,8,87,73,90,47,20,59,29,54,2,49,52,82,33,68,11,48,91,46,41,31,24,53,83,99,27,25,32,62,75,43,30,44,95,64,50,21,98,15,6,66,16,39,93,71,84,1,63,86,88,96,89,23,14,3,67,51,22,78,17,60,7,58,42,97,74,37,57,36,76,79,94,19,40,55,26,45,81
420,1.508535999164451,0,7,98,81,86,73,10,27,1,22,18,71,50,69,6,19,94,91,12,58,13,23,14,28,45,70,17,61,96,72,36,64,40,63,29,56,53,33,78,66,95,16,4,11,57,26,97,62,8,87,2,68,3,15,21,48,89,76,34,65,42,74,9,83,41,39,67,20,35,47,77,46,51,32,52,24,54,88,25,5,93,85,75,84,38,31,60,43,90,44,92,59,49,80,99,30,79,37,82,55
421,1.4616620005508594,0,28,37,15,76,43,45,1,99,26,95,61,54,56,49,5,74,3,27,21,22,83,60,98,62,47,82,39,4,87,91,84,20,41,24,77,66,13,93,73,14,17,85,42,7,71,53,16,6,97,8,57,38,58,55,35,63,78,52,34,65,30,81,48,86,10,50,32,88,89,12,36,59,18,64,31,46,33,29,51,72,70,69,2,11,80,92,90,94,19,68,9,44,25,79,75,40,67,96,23
422,1.4726929928001482,0,53,91,97,55,15,92,82,45,40,89,52,23,60,6,17,44,54,20,14,41,24,36,39,50,78,59,47,18,80,11,74,56,90,7,13,94,69,85,66,61,64,4,31,67,79,58,76,51,65,83,99,29,62,43,48,77,73,33,68,1,16,95,27,28,88,35,22,84,26,63,93,71,32,81,49,19,2,57,10,75,86,34,96,42,38,12,37,30,5,3,98,25,87,8,72,46,9,21,70
423,1.512506001687143,0,40,52,74,79,3,15,78,76,56,98,89,1,29,92,37,86,95,30,9,42,57,43,50,5,41,35,14,93,70,25,13,31,54,39,64,72,63,65,19,69,84,85,2,66,62,77,38,12,22,75,17,71,51,32,88,59,67,44,82,91,20,7,53,34,16,26,48,18,24,96,10,61,83,97,58,4,28,8,23,33,47,21,49,87,11,94,73,55,60,36,46,99,81,80,6,45,68,27,90
424,1.6111049984465353,0,86,80,59,17,63,97,82,60,55,31,22,28,49,10,37,34,32,87,6,96,71,76,24,64,89,78,81,58,84,16,12,29,23,50,94,70,42,95,77,5,1,83,26,45,36,19,43,61,79,66,92,93,51,25,48,8,35,40,21,33,30,18,38,88,2,99,54,73,85,47,62,14,57,11,15,68,67,3,13,9,27,53,75,56,91,46,69,7,74,90,20,39,98,65,4,41,52,44,72
425,1.5807289938093163,0,62,37,67,75,74,58,53,35,24,99,70,6,66,8,5,26,4,77,72,38,91,44,12,36,79,51,9,1,78,18,87,40,32,30,34,97,52,88,85,49,82,43,41,25,92,13,86,63,20,55,31,48,27,65,95,83,42,17,15,10,19,21,56,2,39,11,16,50,7,80,47,68,61,81,84,69,23,54,60,64,71,98,45,28,93,14,33,57,89,73,59,94,46,29,3,22,90,96,76
426,1.3879029913878185,0,40,92,72,2,89,3,96,48,42,63,25,13,28,73,59,86,69,67,58,95,38,60,30,55,66,68,91,41,83,37,76,18,78,11,61,22,82,45,16,53,35,4,12,20,49,19,64,21,47,71,57,54,56,9,1,10,17,51,29,14,80,52,98,24,32,5,84,93,74,62,50,15,7,81,44,31,75,26,33,65,27,36,23,99,39,85,34,87,70,43,97,90,77,6,88,79,8,94,46
427,1.3824259934517613,0,54,22,12,65,98,29,25,24,49,93,17,35,37,20,73,41,21,50,40,8,69,33,27,6,67,9,63,36,71,28,3,75,90,86,82,94,19,13,92,15,31,23,47,99,18,42,66,7,87,74,85,39,80,53,26,91,34,38,77,64,55,58,78,79,83,68,10,81,46,16,95,11,76,51,89,1,56,61,30,2,62,60,48,4,44,57,43,84,59,88,97,14,96,70,72,5,52,45,32
428,1.5387350097262242,0,84,59,54,19,42,2,5,17,88,28,98,62,18,26,33,30,16,60,23,79,6,86,64,93,97,67,63,31,61,76,29,53,9,41,57,77,68,58,36,72,81,48,50,37,4,35,55,51,38,96,11,24,14,82,1,94,83,87,21,27,56,74,85,12,10,70,7,22,34,46,90,52,8,78,66,92,69,75,15,80,39,43,65,44,13,40,45,25,20,99,3,32,49,89,95,91,71,47,73
429,1.4334199913064367,0,57,12,31,81,26,51,70,28,35,11,27,33,49,64,67,41,86,95,54,66,4,13,90,94,55,63,83,22,50,60,97,6,76,32,15,3,62,25,38,47,78,52,1,59,39,89,65,96,19,45,88,48,91,53,18,79,40,68,37,20,71,16,7,69,2,43,36,9,98,58,42,85,73,10,14,5,23,80,87,34,99,75,72,8,24,84,56,46,74,44,82,93,21,77,30,61,17,92,29
430,1.6596289946392062,0,62,97,87,65,68,99,70,7,32,38,60,4,11,9,59,20,34,50,37,29,79,26,40,55,45,74,39,77,44,69,56,94,3,24,75,16,42,63,84,73,80,28,46,67,53,64,43,93,78,49,83,36,96,95,98,48,31,17,92,47,8,81,2,21,58,5,41,18,66,90,35,57,52,23,82,86,88,91,33,22,15,13,19,72,51,61,1,76,89,14,6,54,12,25,30,27,71,10,85
431,1.6466089994755748,0,95,25,41,21,1,78,55,33,67,53,82,83,34,85,9,29,63,31,80,74,56,13,60,5,94,68,97,37,16,46,38,87,17,59,77,66,92,81,19,23,11,58,73,40,45,86,12,2,3,20,96,47,48,88,62,14,4,39,84,32,76,65,61,15,71,72,6,10,91,27,18,70,57,26,54,24,75,98,51,69,7,36,89,43,90,22,52,42,93,49,44,30,35,64,50,28,79,99,8
432,1.3519729991421627,0,55,72,98,59,8,63,3,88,12,28,80,65,60,56,36,6,13,31,79,91,83,22,18,87,97,92,25,26,4,49,45,43,24,90,38,10,66,48,62,64,9,11,71,37,54,73,46,70,17,85,50,61,96,78,76,77,99,89,93,94,33,67,81,47,23,51,44,15,74,68,30,52,75,1,39,2,86,41,82,40,53,19,84,21,5,57,34,35,16,95,14,69,58,20,7,32,27,29,42
433,1.6737139965989627,0,78,51,87,28,35,55,1,99,56,48,72,42,11,76,21,7,68,62,74,17,57,31,25,54,71,18,45,85,49,64,67,12,65,16,58,60,20,14,2,24,86,77,73,19,22,44,9,29,37,50,46,80,92,41,75,40,70,15,94,26,84,6,93,30,90,61,69,33,39,96,13,81,10,88,27,63,52,4,83,82,36,23,89,47,38,5,95,34,59,43,8,79,66,97,32,98,53,3,91
434,1.5594139959284803,0,40,90,74,81,21,27,80,18,84,14,58,3,59,33,68,96,76,6,87,97,91,42,78,75,9,13,82,23,11,99,7,24,55,37,52,73,60,22,83,44,85,12,95,31,88,49,2,25,71,15,26,56,50,98,34,64,72,47,43,89,66,20,39,48,65,19,17,69,53,92,61,1,16,4,86,10,35,30,63,51,8,46,70,45,79,54,41,36,93,32,29,38,57,94,77,67,5,28,62
435,2.10903299448546,0,71,37,28,82,39,40,60,23,80,78,30,85,68,48,21,4,8,61,98,20,42,56,33,95,24,34,84,16,22,53,32,96,59,13,41,87,52,29,46,99,73,86,6,44,70,51,11,14,83,2,49,72,66,74,77,35,5,79,25,15,93,10,55,19,7,57,76,64,3,92,26,45,62,18,38,89,88,63,67,65,94,91,50,54,81,12,58,47,1,27,90,31,36,9,75,97,69,43,17
436,1.3700600041483995,0,65,42,53,52,2,9,10,1,18,39,32,56,34,7,99,80,11,85,44,72,45,61,74,26,23,82,81,78,58,20,37,40,48,35,6,73,21,71,83,93,96,75,89,30,38,25,57,31,8,62,60,68,43,19,67,15,59,70,79,28,14,47,29,77,76,13,51,54,33,66,46,94,84,27,92,12,86,49,64,95,5,3,41,24,22,63,50,16,88,36,17,69,55,4,90,87,98,91,97
437,1.7857249982771464,0,89,30,28,41,48,27,79,75,18,72,46,95,63,19,3,29,40,12,26,76,35,83,36,50,4,92,88,7,59,34,9,39,38,58,5,1,90,96,17,22,2,68,25,56,65,44,42,43,24,62,67,78,13,33,37,81,73,23,71,51,91,15,32,86,82,49,21,69,74,10,55,94,47,66,31,64,54,84,99,80,85,8,98,70,52,11,77,16,14,60,53,6,97,57,61,87,93,20,45
438,1.4210709980125102,0,12,59,96,6,90,48,9,58,74,76,14,56,34,10,11,64,82,5,70,22,98,44,32,36,99,37,88,65,92,26,29,15,68,30,17,7,38,57,85,19,95,73,20,31,62,94,21,86,71,1,78,53,66,52,80,24,60,77,81,91,72,43,89,55,50,40,41,51,63,67,28,75,49,8,46,61,39,42,33,13,69,47,25,16,93,4,27,79,87,45,35,3,2,54,23,84,18,83,97
439,1.327102991486754,0,84,53,60,73,93,86,22,62,82,27,26,42,67,77,90,20,9,25,57,17,51,6,21,11,28,15,78,4,8,18,31,33,47,99,12,16,81,91,58,75,32,89,50,66,5,14,10,55,95,19,30,87,63,7,49,3,37,64,98,29,23,59,43,45,72,39,41,52,34,56,46,65,38,2,44,79,24,88,74,70,83,68,76,35,85,94,97,54,13,71,92,96,80,69,36,48,40,61,1
440,1.47855800002435,0,73,85,5,95,29,21,43,69,66,61,3,96,9,97,71,12,6,30,64,42,8,35,31,67,57,18,13,92,41,4,26,48,74,78,87,22,10,86,58,72,65,68,54,46,81,79,80,53,1,93,62,7,11,34,70,51,28,83,33,49,40,55,14,82,24,76,84,45,25,91,15,2,36,63,89,17,16,27,20,44,56,60,77,23,59,47,99,39,50,98,94,75,38,88,37,52,90,32,19
441,1.4626310001767706,0,33,39,58,65,17,85,11,72,69,59,14,2,79,45,86,54,62,74,41,81,67,16,34,12,63,1,75,37,6,26,36,30,8,43,25,4,77,10,90,31,27,91,29,5,56,18,47,22,71,42,13,20,40,76,68,94,48,99,53,9,7,64,23,82,19,98,38,95,73,80,89,60,3,52,35,84,88,46,44,92,61,96,57,51,66,50,28,49,87,21,78,55,83,97,70,93,15,32,24
442,1.899795994075248,0,3,10,80,83,11,4,93,8,71,18,85,17,31,38,50,41,37,92,57,2,64,94,91,29,39,73,79,43,9,40,87,68,69,12,48,35,21,1,6,5,19,45,20,84,7,16,95,28,22,98,23,53,58,63,24,65,42,81,47,60,54,30,62,96,49,86,51,14,97,74,82,56,52,90,13,32,78,70,88,76,55,33,36,26,77,89,44,25,99,34,59,72,61,66,46,67,15,75,27
443,1.6286749901846633,0,62,97,80,61,25,89,5,18,81,60,4,64,9,91,28,23,82,98,71,57,94,40,37,36,67,96,45,47,31,27,2,69,88,72,74,53,22,99,29,68,51,32,39,92,55,35,10,17,85,76,15,58,6,73,84,95,42,75,12,46,56,90,70,8,38,7,3,63,48,34,86,19,16,26,14,77,65,49,20,66,33,54,44,83,52,41,1,21,24,13,30,78,59,79,43,11,87,93,50
444,1.6051089960965328,0,96,89,72,75,66,45,41,13,54,29,14,32,7,2,16,92,55,30,31,86,44,81,27,26,39,23,3,8,18,82,49,67,97,19,21,90,38,25,74,28,94,33,60,70,93,36,52,57,22,6,42,4,12,63,68,69,84,61,78,85,47,9,34,71,59,98,35,56,5,50,24,79,1,87,51,77,91,48,83,99,40,17,76,80,46,15,37,95,62,64,65,43,88,73,11,20,58,53,10
445,1.479562000342412,0,33,91,44,17,86,96,43,47,64,9,45,34,52,59,29,56,42,48,4,14,69,58,60,49,65,61,80,90,82,78,19,24,81,37,28,16,95,93,83,75,15,46,41,89,36,92,23,87,27,74,72,54,21,20,40,88,68,6,57,39,30,5,63,51,67,66,32,26,8,3,84,31,94,97,10,12,7,70,79,2,13,77,55,22,62,1,98,53,25,73,85,50,99,18,35,71,38,76,11
446,1.8115929919295013,0,45,59,74,78,29,39,1,2,9,22,5,20,41,71,47,94,53,70,93,55,18,21,97,87,43,36,64,88,37,66,7,16,10,85,91,11,83,19,48,77,68,84,12,27,17,65,86,14,95,32,75,33,30,81,67,49,13,46,63,80,28,15,61,96,3,26,92,52,34,6,69,98,58,99,54,56,42,4,44,79,31,57,60,62,76,50,25,72,23,8,82,51,89,90,38,24,35,40,73
447,1.6705090002069483,0,49,7,42,85,4,39,15,91,97,26,34,44,67,25,86,90,40,16,10,65,64,63,80,77,38,61,72,54,33,76,87,59,78,74,71,68,8,99,45,70,21,1,52,93,58,35,83,62,37,95,60,56,28,22,14,24,75,30,82,94,53,92,73,27,96,3,6,46,20,84,50,81,19,48,36,11,88,47,98,29,2,57,43,13,66,51,89,12,9,31,79,69,18,55,41,32,5,17,23
448,1.641786005391623,0,20,62,72,52,94,49,43,16,66,84,31,48,89,87,92,57,65,2,27,44,78,80,60,8,83,34,81,21,29,99,33,41,30,69,88,4,68,32,37,93,36,76,18,47,40,55,3,11,12,58,86,23,77,22,13,90,51,38,85,73,1,24,91,54,10,7,26,97,71,64,50,35,98,96,42,56,79,95,15,67,25,28,74,63,82,5,6,17,70,61,9,46,59,14,53,75,19,45,39
449,1.7362989956745878,0,51,12,3,56,41,75,87,30,7,77,43,55,40,27,66,58,88,35,89,4,84,82,74,32,93,52,50,42,25,94,34,24,1,72,48,91,54,63,62,49,83,76,99,81,38,6,57,39,37,14,31,80,98,23,53,36,71,2,65,45,19,46,92,97,17,44,5,86,21,10,67,22,79,47,61,33,60,20,70,73,13,64,8,16,96,29,59,9,28,68,95,69,18,78,15,26,90,85,11
450,1.5082199918979313,0,85,54,52,78,7,83,10,75,33,84,20,26,40,12,50,44,62,25,91,39,27,68,71,4,46,60,5,93,41,56,13,21,57,8,22,80,45,63,92,55,1,38,19,16,82,97,88,30,29,70,51,42,37,89,96,35,14,11,81,34,90,95,49,65,17,73,76,99,98,24,72,9,69,67,31,28,66,47,43,53,2,32,61,3,64,48,74,23,79,59,15,77,18,87,58,6,86,94,36
451,1.5852519979489443,0,19,33,73,25,37,21,43,97,65,58,10,38,60,8,46,42,45,48,14,85,31,91,16,41,67,54,57,59,23,13,88,52,17,6,75,12,30,53,2,18,95,90,72,87,68,29,4,9,32,89,77,66,26,80,28,70,96,47,35,61,74,22,81,55,69,64,99,93,7,24,39,83,76,98,63,78,71,27,51,34,86,49,1,94,11,20,40,82,79,3,36,44,62,56,50,84,92,5,15
452,1.672390993746376,0,61,85,6,74,84,75,82,26,66,80,11,35,2,50,52,87,70,33,54,43,45,8,86,59,73,69,16,93,44,32,34,65,5,92,15,40,9,7,41,94,27,21,79,77,24,20,99,53,14,58,25,72,47,3,96,81,1,83,71,56,63,64,31,67,48,46,95,17,90,60,30,39,49,12,28,91,42,10,76,89,62,97,51,38,29,13,37,98,55,22,36,57,23,78,68,88,18,19,4
453,1.5758209844934754,0,60,37,90,7,56,46,70,64,78,31,87,11,35,88,62,57,96,48,23,94,20,13,45,14,2,61,3,58,29,65,10,43,69,98,67,18,54,8,99,79,6,19,39,59,49,22,21,33,26,42,17,34,12,72,16,63,92,75,28,71,55,95,66,50,32,5,84,76,47,27,40,73,38,24,86,81,97,36,9,77,4,53,52,41,80,1,82,30,68,89,85,44,93,91,15,83,25,74,51
454,1.6038509959471412,0,83,78,13,56,22,31,42,64,29,65,47,52,43,86,37,39,87,25,4,84,27,48,59,76,15,73,19,81,63,38,7,74,88,80,67,2,72,50,23,85,24,36,68,77,71,55,66,49,99,34,10,21,70,12,16,26,95,57,54,3,51,53,18,58,62,97,44,6,91,92,35,20,61,75,9,8,98,60,94,41,79,33,93,89,96,32,69,28,11,5,17,90,40,1,82,46,45,14,30
455,1.4817930035060272,0,65,66,50,8,68,79,23,4,3,76,38,73,89,29,94,16,57,45,42,9,59,47,11,81,28,22,61,26,48,54,27,15,53,64,17,12,37,40,72,36,25,35,44,63,51,32,49,31,96,10,41,92,33,88,20,21,82,77,18,56,58,67,95,80,34,78,7,2,30,71,74,69,19,99,5,13,1,6,39,14,43,84,93,86,62,98,87,75,70,24,97,52,91,55,83,60,90,46,85
456,1.4998650047928095,0,14,1,41,66,91,28,53,55,71,65,76,38,5,27,98,94,82,72,24,44,48,35,79,11,97,33,50,61,80,26,83,87,17,7,73,96,42,68,19,70,74,3,45,37,75,21,20,92,18,85,58,43,4,32,8,23,39,10,54,67,62,29,60,16,46,84,34,25,47,49,78,95,99,93,86,15,81,69,2,59,51,89,56,77,88,52,36,6,64,13,31,57,9,22,63,12,30,90,40
457,1.6318869984534103,0,36,59,25,98,35,29,1,72,60,46,42,8,65,79,91,23,87,39,82,97,78,48,67,76,44,54,90,77,64,30,41,14,4,47,49,20,18,15,92,51,55,86,57,96,43,17,38,58,71,75,81,24,80,83,7,28,68,37,27,40,16,13,5,22,50,33,63,52,19,3,53,11,88,73,62,10,66,12,21,70,61,32,2,69,45,89,56,93,74,26,9,31,94,6,99,84,85,95,34
458,1.7539349898288492,0,48,13,14,97,50,91,41,69,61,95,30,26,42,96,20,59,65,23,83,21,37,52,27,93,57,22,39,75,55,62,25,76,33,86,63,7,71,1,99,89,46,5,77,81,82,47,49,17,38,35,72,24,56,16,12,11,32,54,9,73,15,78,45,70,60,68,3,92,67,66,40,31,58,18,8,64,87,90,19,36,85,74,53,2,43,51,10,79,28,80,94,4,44,29,98,84,6,34,88
459,1.3678749917962705,0,83,92,52,99,24,78,71,53,6,14,30,82,50,10,39,43,61,45,65,89,35,46,19,11,96,57,42,88,95,17,93,81,34,12,75,85,38,15,80,90,32,7,9,73,76,26,64,20,74,13,77,22,59,68,86,29,3,47,41,2,62,97,1,56,33,44,70,63,54,4,25,21,98,31,94,51,5,23,18,40,66,8,48,72,55,27,84,36,49,28,37,87,69,91,16,58,60,67,79
460,1.5960370006832818,0,23,61,82,60,38,69,35,63,96,57,50,94,15,54,31,91,17,45,88,11,47,16,19,34,97,93,10,21,41,36,66,53,92,42,8,52,58,46,9,30,71,20,72,77,73,28,22,6,59,76,14,2,13,87,3,83,49,75,99,56,85,24,68,27,39,26,44,89,64,55,25,62,90,18,95,98,48,80,29,74,37,32,81,40,70,33,43,86,79,1,12,78,51,4,84,5,67,65,7
461,1.2692419895902276,0,40,6,99,16,97,66,39,21,89,85,73,29,46,67,81,23,59,5,30,65,4,8,79,10,7,1,53,22,50,47,64,43,48,34,68,75,60,70,36,80,72,56,19,35,62,20,44,74,91,11,49,41,77,58,15,31,54,25,92,38,69,95,9,2,33,61,37,90,83,96,24,94,45,63,52,18,14,13,71,32,88,93,12,28,3,26,76,55,82,86,51,57,84,78,27,17,98,42,87
462,1.5163449947976915,0,83,14,26,32,94,66,35,64,24,42,95,48,65,80,67,33,25,60,78,50,2,98,73,17,39,30,91,89,71,22,21,7,52,86,88,76,20,54,4,41,96,12,34,28,16,10,47,40,93,23,63,15,11,46,97,68,53,13,37,79,31,90,44,55,57,3,84,92,27,61,59,99,36,18,8,29,75,51,87,77,1,82,19,58,9,49,56,81,62,85,45,69,5,6,70,72,43,38,74
463,1.6194809962034924,0,88,72,6,69,92,93,1,86,73,87,16,75,47,19,82,76,31,60,42,18,26,64,89,67,97,44,68,61,57,20,84,3,40,15,53,11,13,63,98,94,38,78,23,48,59,77,74,22,12,28,37,81,32,56,46,96,99,29,80,9,65,39,36,70,33,41,2,27,34,85,90,71,49,10,50,91,58,52,54,5,55,30,79,14,25,35,21,17,8,24,45,43,66,62,51,4,7,95,83
464,1.3206169978075195,0,39,37,78,92,46,54,75,3,24,35,10,45,86,70,11,18,34,17,47,96,9,25,87,1,64,5,88,93,32,4,42,49,62,72,79,99,68,74,55,13,82,95,29,81,66,90,80,85,94,19,27,48,60,41,2,73,83,71,31,98,52,38,20,28,15,76,21,36,22,23,91,8,33,7,59,30,43,67,16,57,69,53,84,6,77,58,89,44,56,50,40,61,63,97,65,12,26,51,14
465,1.3686729981927783,0,6,52,49,30,63,2,55,29,38,36,79,67,39,84,51,60,87,76,83,35,12,46,96,23,47,34,37,26,92,71,94,50,91,14,93,27,88,48,98,66,8,20,57,89,45,25,74,62,58,72,65,64,41,24,16,4,95,18,99,22,61,42,32,10,13,54,69,31,9,15,85,1,43,81,78,80,7,56,73,70,11,77,3,28,59,68,82,17,40,21,97,19,75,33,5,53,44,90,86
466,1.6983449907420436,0,71,13,73,36,62,12,11,5,89,32,17,30,70,21,34,83,49,19,16,14,48,80,53,66,90,43,88,2,67,72,82,92,79,59,57,78,84,52,9,26,99,94,97,47,4,98,7,51,87,69,50,40,6,65,86,3,46,68,42,29,35,20,85,81,22,1,64,18,10,23,8,76,25,91,74,93,60,45,54,38,28,95,96,41,27,77,44,56,24,15,55,33,75,39,58,31,37,63,61
467,1.399899996991735,0,79,6,50,12,7,1,63,76,69,49,66,95,17,85,9,38,62,61,2,40,56,97,15,22,10,55,51,67,42,74,16,98,80,86,54,45,60,77,29,88,84,58,43,34,57,11,39,82,35,24,48,71,41,19,73,33,59,13,94,20,5,28,78,75,93,68,53,37,32,46,26,21,92,18,83,90,99,31,47,89,72,81,4,91,52,44,36,87,14,27,96,65,30,3,23,70,8,25,64
468,1.3114450002540252,0,23,94,66,25,49,22,33,86,21,11,34,36,39,84,10,72,20,7,27,58,60,16,75,97,73,31,38,64,57,55,59,14,3,68,91,32,54,43,45,81,63,98,74,26,2,61,12,71,65,5,82,79,37,53,41,9,35,52,56,1,6,18,69,44,30,85,48,28,24,4,88,78,51,47,92,15,80,70,87,96,77,89,76,29,46,95,90,19,50,99,62,83,8,42,17,40,13,67,93
469,1.7046049957607465,0,48,18,98,97,92,94,87,46,37,79,26,43,71,22,14,83,36,19,95,13,55,17,78,32,76,54,86,67,4,88,77,52,58,41,8,42,93,82,27,66,30,20,33,75,62,61,40,89,16,65,69,11,3,72,10,21,74,45,23,51,81,24,6,12,34,2,31,49,70,56,29,50,85,64,5,90,60,1,35,7,9,68,99,53,39,91,73,38,96,28,44,57,47,63,25,80,59,84,15
470,1.6983409975364339,0,88,7,91,65,60,85,69,32,49,54,12,95,2,76,6,70,22,27,78,73,90,11,23,72,59,89,77,18,43,84,10,36,38,79,8,1,19,44,21,67,94,71,9,75,86,5,29,58,62,57,42,13,47,74,99,81,64,45,17,55,92,82,4,24,96,51,56,14,83,20,53,97,33,61,37,26,66,98,39,68,50,3,93,31,35,87,80,63,52,15,48,16,34,25,30,28,46,41,40
471,1.6257769931326038,0,48,2,29,26,84,93,51,16,70,87,97,25,90,67,79,34,64,49,85,35,32,62,11,12,53,30,86,14,99,38,19,77,45,92,75,82,18,73,10,74,22,94,78,80,9,88,33,15,4,39,83,95,56,28,91,59,47,81,61,7,63,1,58,72,57,68,66,55,24,41,71,31,52,40,69,54,98,65,60,46,44,5,50,43,6,76,37,13,42,17,20,3,96,23,8,36,21,27,89
472,1.5620479976641946,0,50,27,60,21,20,61,23,8,82,95,18,31,26,58,28,9,42,98,29,75,70,3,87,71,43,65,88,89,4,38,85,81,11,97,2,10,49,74,76,90,56,78,24,63,34,57,96,91,62,39,52,33,12,15,84,86,36,54,37,5,68,93,16,94,59,30,6,7,22,73,35,80,51,92,67,53,19,47,83,25,55,46,40,14,66,79,45,13,32,99,1,77,72,17,69,48,41,44,64
473,1.6183839944278589,0,54,21,29,12,20,11,76,25,5,18,35,6,99,3,57,40,78,28,1,96,64,67,44,8,10,9,2,32,68,19,91,65,31,94,69,52,23,93,87,80,66,7,89,47,42,74,24,38,73,86,92,58,90,62,37,4,85,13,27,14,79,22,15,49,51,36,39,53,72,70,45,41,33,82,16,95,30,84,83,77,71,63,97,46,59,48,56,98,50,88,26,61,43,81,60,55,75,34,17
474,1.5420210048396257,0,25,86,89,30,16,13,75,93,22,71,87,17,66,37,77,58,21,84,67,79,63,94,4,72,74,92,11,70,53,59,98,19,96,5,12,24,39,26,3,83,54,95,10,20,7,69,91,14,68,31,43,6,82,8,78,41,42,80,34,32,65,90,85,76,27,51,62,88,29,2,97,45,81,46,61,38,36,9,18,55,60,1,99,49,57,35,40,50,44,15,23,56,28,73,52,48,47,64,33
475,1.5369520059321076,0,58,10,59,49,23,15,85,39,33,92,71,16,27,22,89,43,11,63,37,94,69,54,57,76,56,95,91,24,73,88,79,8,2,83,45,20,28,70,32,96,35,60,74,80,98,12,51,99,26,77,52,86,18,9,55,31,5,14,4,61,72,46,34,40,3,42,1,53,97,38,65,29,47,66,78,93,21,6,90,30,67,81,19,64,84,82,50,7,41,44,25,36,68,17,87,13,48,62,75
476,1.6817059979221085,0,14,91,3,31,95,70,77,9,60,82,85,38,27,59,44,53,13,98,97,46,43,29,63,48,90,15,99,50,52,62,33,19,41,47,81,2,57,93,35,30,55,40,22,26,28,73,6,78,18,4,1,92,74,56,88,11,20,12,64,49,51,67,16,36,17,34,83,87,72,75,86,69,23,80,8,71,94,58,54,84,65,39,42,21,5,37,79,32,24,76,68,96,89,66,25,7,61,45,10
477,1.4201479960465804,0,64,15,81,80,45,60,17,70,28,84,56,57,99,65,78,91,30,86,46,36,29,94,66,88,48,67,83,71,47,98,75,53,58,20,2,26,44,9,68,18,97,90,49,33,74,69,4,96,54,31,73,22,55,7,25,82,38,19,3,52,37,42,79,6,13,16,85,93,1,27,24,50,77,62,32,8,63,89,39,34,87,59,10,11,43,40,95,5,76,51,72,61,35,92,14,23,12,21,41
478,1.7419989924128458,0,70,89,77,28,22,74,48,84,19,3,90,39,88,23,10,17,50,51,80,61,63,44,87,66,49,86,47,83,18,33,73,40,76,85,45,78,75,25,26,41,6,36,65,21,57,52,32,13,11,9,53,56,42,92,12,99,54,67,55,97,20,71,72,98,43,35,62,95,93,96,27,81,91,37,46,5,68,1,60,4,7,38,82,69,8,34,30,15,58,16,94,14,59,31,24,2,79,64,29
479,1.6626429974712664,0,11,88,31,60,30,36,74,94,57,66,51,19,32,34,97,86,27,89,35,53,23,64,7,33,95,71,58,78,54,98,55,25,38,59,10,41,92,8,83,93,9,28,17,70,22,69,80,96,72,15,90,81,82,20,21,52,5,75,63,87,42,65,3,18,37,14,68,40,76,99,85,39,73,6,49,45,79,4,84,26,48,44,12,61,29,56,46,24,16,77,43,67,47,1,91,13,62,50,2
480,1.8109819927194621,0,97,65,2,29,85,30,71,40,55,32,86,41,23,68,26,25,98,93,9,79,95,49,31,16,27,90,75,64,66,54,18,7,51,21,17,38,20,72,74,58,73,42,22,8,15,57,37,10,83,43,77,87,52,45,70,14,5,56,13,50,89,78,84,11,67,35,4,46,69,59,82,28,76,12,62,96,92,63,94,34,36,1,44,88,81,91,53,19,24,61,47,60,80,99,33,6,39,3,48
481,1.7282710036088247,0,10,35,39,12,84,42,99,44,53,80,73,13,91,11,98,4,92,21,63,82,49,5,74,58,97,36,45,76,70,96,7,83,32,81,60,48,62,3,56,15,43,66,29,14,23,34,75,52,31,78,20,40,61,18,27,8,86,55,90,1,95,77,67,19,85,16,57,72,2,68,89,41,51,30,33,54,94,93,65,71,28,22,64,50,26,46,47,79,24,69,17,59,38,25,9,6,88,37,87
482,1.5468399930687156,0,50,31,13,68,62,11,24,83,57,23,47,67,69,28,99,53,87,98,27,14,88,42,52,56,19,21,66,8,93,34,92,10,26,77,40,30,16,15,61,96,25,41,72,58,89,39,80,1,32,48,4,45,82,71,59,97,65,91,7,49,6,22,43,51,44,54,94,75,63,95,74,81,85,20,5,70,33,18,35,17,3,76,38,2,46,12,29,36,78,73,55,90,9,84,64,79,37,60,86
483,1.744453001054353,0,49,15,54,39,61,74,68,43,40,58,28,44,18,37,14,25,36,62,65,85,33,55,4,31,77,91,22,53,98,89,23,1,45,90,38,3,10,67,35,16,69,70,59,13,60,79,87,63,86,41,50,75,88,7,80,92,21,34,73,5,84,32,47,95,83,51,71,12,24,19,27,66,46,26,29,76,64,56,17,93,20,78,94,6,96,11,30,97,72,81,99,8,42,57,48,52,9,82,2
484,1.356788998018601,0,82,96,75,80,76,92,9,34,20,5,50,49,45,72,24,30,99,46,36,53,3,74,54,89,64,67,39,98,7,17,94,44,10,86,11,61,60,6,37,73,48,31,58,19,84,88,42,55,69,1,2,90,70,71,83,57,78,85,43,35,56,97,66,27,79,21,28,26,59,52,22,32,13,93,47,62,33,29,81,15,4,87,51,14,12,77,41,95,63,68,40,18,38,16,91,23,8,25,65
485,1.5655799900150669,0,23,71,84,58,15,94,38,10,17,75,27,73,7,20,26,45,66,78,14,3,93,56,5,46,49,51,68,86,62,34,96,77,59,43,22,50,30,81,98,40,67,60,1,95,88,99,13,70,36,48,25,2,74,79,97,18,63,53,82,92,21,47,12,24,8,41,90,80,55,87,28,37,35,9,16,19,33,91,72,32,57,31,69,61,54,4,76,44,52,42,64,6,29,83,65,89,11,85,39
486,1.4186919936182676,0,40,97,3,72,34,74,38,85,10,37,52,8,4,44,22,69,83,57,16,9,68,58,99,11,78,7,62,81,36,30,76,48,75,50,92,1,67,51,87,55,45,26,42,5,93,24,63,21,70,17,32,27,82,84,61,12,90,28,47,98,33,31,77,66,89,95,15,53,54,71,6,73,19,20,29,91,56,60,80,88,23,86,2,25,14,65,49,18,46,59,94,96,39,41,43,64,13,35,79
487,1.6254339932347648,0,70,21,80,85,84,68,13,79,2,97,46,33,62,75,31,51,82,10,25,91,38,72,35,93,28,1,43,86,22,9,56,12,6,54,4,94,77,76,81,58,11,39,69,98,61,14,23,65,48,96,34,59,42,92,57,55,3,71,5,7,20,87,64,27,89,95,63,88,49,73,67,45,30,99,66,32,8,60,19,74,24,17,40,29,83,37,26,50,44,53,52,90,78,36,18,16,15,47,41
488,1.5053129996740608,0,80,71,56,68,2,58,38,31,44,93,99,72,65,50,52,54,37,51,97,34,18,67,5,60,98,90,79,9,25,39,20,17,21,22,86,15,8,29,1,73,87,62,28,92,69,83,24,96,82,3,63,11,16,13,7,88,42,46,55,49,57,48,4,81,35,75,26,40,84,12,36,89,47,30,23,14,64,59,19,6,77,85,78,74,10,33,94,32,45,70,41,27,43,91,95,66,61,76,53
489,1.6227999954717234,0,20,90,27,53,60,82,7,39,91,43,99,29,26,4,97,80,51,37,72,12,54,78,25,63,35,44,88,40,6,73,69,49,77,52,58,31,71,55,87,5,33,34,64,74,16,11,45,13,93,50,67,15,21,92,81,96,59,89,84,3,75,23,14,17,94,66,98,19,22,83,8,18,2,36,41,56,30,9,1,57,76,47,10,42,32,68,62,61,65,95,70,24,48,79,86,38,85,46,28
490,1.5674869963550009,0,48,46,7,43,16,42,82,64,94,50,51,3,37,26,62,20,13,57,72,1,80,63,60,35,74,28,27,95,65,87,38,21,30,66,4,34,15,23,32,25,54,19,2,6,9,78,24,84,96,8,41,90,31,99,69,36,92,52,89,76,45,49,68,18,40,59,93,73,10,61,39,29,58,12,47,70,77,22,75,85,79,67,86,88,98,71,17,5,97,81,14,83,53,44,55,11,33,56,91
491,1.7536639999889303,0,72,60,27,85,6,66,56,22,79,73,55,96,49,45,44,40,97,37,68,88,64,31,11,28,33,61,65,94,80,82,34,15,36,39,58,4,17,1,29,3,74,50,69,93,13,43,35,46,10,12,76,48,99,90,41,21,32,87,70,26,7,5,57,91,52,20,8,24,86,78,16,51,62,25,95,67,77,54,71,89,83,75,63,53,84,14,42,18,9,2,98,59,30,38,92,81,19,23,47
492,1.697569997287701,0,64,41,37,59,35,44,34,95,84,61,74,60,29,9,15,27,33,91,78,6,8,70,97,72,90,10,55,54,13,14,68,23,26,12,53,71,62,52,4,85,47,22,36,77,67,79,30,20,11,17,28,50,16,51,86,92,89,49,82,38,73,5,66,80,94,87,83,63,98,48,21,24,96,1,81,31,57,56,45,19,39,93,18,69,7,65,46,99,75,76,42,40,43,2,58,3,32,25,88
493,1.4013299913785886,0,72,39,71,96,8,10,29,19,86,66,95,41,6,65,42,47,9,92,50,70,57,55,2,80,5,16,28,35,12,97,36,75,58,73,14,81,52,11,88,87,21,94,64,34,83,61,23,90,33,79,74,51,62,99,98,7,48,60,18,13,31,25,45,27,59,63,24,38,22,84,89,46,37,49,56,76,26,44,93,53,85,15,1,20,32,3,54,43,91,82,67,77,17,40,68,30,69,78,4
494,1.5238919976982288,0,79,63,10,15,84,93,32,34,78,31,16,53,50,39,81,43,1,14,56,99,26,19,86,69,92,23,48,22,65,4,9,30,91,82,36,97,37,51,59,83,49,6,64,20,74,70,68,95,28,90,47,66,21,33,85,35,57,88,27,58,76,8,73,61,77,67,80,98,46,11,62,12,18,38,60,3,40,75,5,71,44,7,72,24,52,94,2,45,89,13,17,87,42,41,25,96,29,54,55
495,1.6994830054463819,0,84,55,2,9,19,74,91,98,15,39,56,92,94,7,60,72,13,40,87,10,69,79,82,53,14,31,83,66,36,80,63,67,11,25,51,95,71,32,3,5,50,12,16,65,52,6,21,33,23,26,86,61,96,68,1,97,59,48,58,30,85,35,24,8,37,88,99,90,18,4,73,45,29,49,75,17,42,81,28,27,22,62,38,46,76,64,41,78,57,34,93,70,20,54,47,77,43,44,89
496,1.5176870022551157,0,44,48,88,49,75,1,61,18,14,21,37,34,72,98,20,84,58,66,13,27,92,22,71,86,40,62,78,28,25,81,76,90,63,6,8,30,56,96,51,47,57,4,42,45,85,26,80,35,38,89,32,73,24,11,74,52,79,94,41,67,31,2,12,15,60,70,54,68,91,46,55,3,9,36,50,95,29,39,65,64,97,23,16,5,59,99,33,93,19,87,83,69,82,43,7,17,10,53,77
497,1.387962999942829,0,7,20,58,71,97,95,74,24,50,52,96,60,94,49,64,5,44,82,47,83,46,48,1,90,2,26,38,22,28,6,29,79,19,21,17,33,43,59,62,98,65,45,91,12,31,84,18,42,70,32,35,69,93,55,16,68,30,66,34,72,3,87,76,25,88,9,41,13,39,23,11,75,8,80,10,86,4,99,54,92,56,37,61,27,78,89,81,73,63,14,40,51,77,36,85,57,15,53,67
498,1.654685999325011,0,43,62,68,93,4,14,67,39,65,54,36,15,40,70,23,35,25,11,49,24,45,56,1,29,74,98,97,2,94,88,28,3,64,90,82,75,73,83,55,84,13,30,27,7,60,22,8,85,26,5,91,6,16,19,17,20,81,87,53,76,61,63,10,9,37,42,96,44,38,50,46,52,99,18,78,41,47,71,48,86,33,32,21,51,72,12,80,92,95,66,31,34,77,79,69,57,58,89,59
499,1.3630409977631643,0,82,69,54,23,44,49,25,37,83,84,86,48,97,93,35,67,60,52,70,73,89,14,40,24,72,47,74,96,64,50,99,11,56,33,39,27,57,19,17,80,1,30,18,66,4,7,36,20,28,46,87,94,81,91,13,34,78,9,65,59,41,21,5,15,88,76,92,10,75,6,31,58,51,2,45,62,63,98,61,38,55,29,32,12,90,68,8,77,22,79,42,16,53,85,3,95,26,71,43
500,1.542614993537427,0,48,57,86,3,94,70,19,37,23,52,27,67,34,1,32,43,58,25,45,77,15,6,36,98,73,84,69,60,80,35,75,51,71,14,44,85,56,91,47,96,28,82,90,31,7,16,4,55,76,40,95,97,21,62,17,50,64,83,88,18,68,2,54,89,8,42,92,93,99,74,20,13,66,12,11,39,65,10,87,49,78,38,22,63,41,30,5,46,59,61,9,72,26,29,79,81,53,33,24
501,1.4919749942200724,0,30,51,59,44,83,96,15,54,42,87,61,79,19,5,62,89,68,36,16,21,53,11,52,99,29,90,97,14,98,57,71,24,23,28,56,25,85,70,41,80,4,9,48,1,37,73,86,26,47,34,75,64,88,63,33,12,2,82,49,58,77,45,92,32,65,78,74,22,43,60,46,31,93,69,67,13,6,8,27,66,10,40,39,50,94,95,81,20,84,3,7,76,17,55,72,18,91,35,38
502,1.56410999892978,0,61,72,17,33,5,32,99,3,50,45,11,18,7,2,89,22,9,10,54,38,24,90,62,84,80,94,86,42,39,65,63,79,92,19,34,4,56,12,97,14,73,81,31,21,57,46,53,47,78,29,36,37,58,6,51,59,44,25,77,83,70,8,82,93,60,55,52,27,1,95,76,20,30,13,64,43,96,23,40,69,66,85,87,88,74,75,71,68,91,48,67,49,15,41,98,35,28,16,26
503,1.6254310037766118,0,3,88,19,45,6,91,92,26,75,27,94,33,14,69,81,11,2,77,72,31,5,74,46,10,43,54,38,67,73,40,1,15,49,62,13,29,79,51,83,90,37,53,42,21,64,50,60,65,22,95,44,16,68,12,24,61,59,96,7,87,32,66,85,8,76,48,70,34,89,4,86,35,20,97,17,99,71,9,39,36,58,18,98,56,57,41,30,25,23,84,47,78,82,93,80,55,63,28,52
504,1.5445969879510812,0,48,52,96,38,61,33,2,94,82,16,36,79,23,25,49,21,27,62,69,20,37,32,39,51,73,74,72,31,58,66,17,99,47,89,54,18,15,55,11,13,44,40,88,87,67,77,46,12,50,3,65,56,68,86,92,53,5,1,59,63,26,57,7,34,45,35,84,83,6,60,42,93,70,78,97,10,81,19,29,9,75,98,80,85,22,14,28,30,95,91,90,43,64,71,41,4,8,24,76
505,1.8134809935254452,0,87,39,12,54,46,55,80,7,56,90,63,70,20,51,35,40,37,25,13,52,44,74,82,26,67,3,85,69,24,10,21,31,1,96,89,57,83,23,2,19,79,84,97,49,47,99,16,59,61,22,91,41,42,18,43,50,48,94,76,75,36,92,17,77,30,33,66,60,27,73,9,93,14,71,65,34,62,38,6,15,88,58,4,11,29,53,98,8,32,64,68,81,5,28,95,45,72,78,86
506,1.5345189956633476,0,16,87,49,6,11,14,29,24,57,85,18,70,60,79,71,99,34,67,10,37,68,26,8,81,19,76,4,56,45,33,59,77,86,55,98,64,63,22,73,20,41,88,13,82,93,3,15,52,1,80,58,17,2,46,23,53,12,21,47,74,30,43,78,54,51,25,42,83,97,84,69,91,62,36,27,39,75,95,32,50,92,65,72,5,31,66,90,7,96,9,35,48,28,94,61,40,44,89,38
507,1.6514100059284829,0,47,21,85,64,52,35,58,98,97,20,25,36,32,96,78,62,18,53,90,76,60,29,82,84,4,34,50,11,13,54,91,63,65,80,17,45,33,15,88,73,67,14,42,7,83,6,75,3,74,9,24,26,92,71,81,10,68,44,5,8,93,37,38,94,27,31,87,72,12,61,2,39,86,46,59,23,69,48,16,41,30,19,51,95,66,49,70,22,57,79,77,28,40,99,56,55,43,1,89
508,1.7705869975179667,0,91,57,2,95,25,94,16,66,51,72,96,24,12,31,13,50,55,29,93,38,11,79,90,71,63,80,30,21,58,60,33,34,1,77,22,78,59,40,65,26,9,85,68,67,98,46,76,52,56,99,83,3,41,64,70,84,7,87,45,88,97,36,74,15,54,20,82,62,39,81,6,35,4,18,14,86,27,8,5,28,10,69,23,43,61,48,42,89,19,73,17,32,75,44,92,37,49,53,47
509,1.6876339953332717,0,18,41,68,54,52,19,62,65,57,35,23,96,43,17,64,8,46,81,63,87,28,16,73,25,91,55,4,60,26,2,99,50,72,33,21,42,90,48,79,1,51,47,45,27,37,61,88,70,76,29,49,84,53,80,40,36,85,31,12,14,38,75,24,13,74,77,39,9,44,32,66,56,5,78,97,15,10,83,6,86,71,11,89,67,59,22,30,82,98,58,94,3,93,7,34,69,20,95,92
510,1.5013929937849753,0,51,16,71,83,43,17,42,95,39,40,3,81,76,58,20,91,79,67,1,28,53,93,34,85,74,94,90,6,33,87,48,25,29,55,68,66,2,11,52,72,73,18,7,15,78,21,36,32,10,63,35,82,80,60,77,65,64,38,88,23,56,49,41,37,5,4,26,27,69,54,22,47,97,89,9,50,92,98,70,19,96,46,57,59,44,62,45,12,86,14,84,13,24,75,61,8,31,99,30
511,1.6153829970717197,0,23,80,75,65,93,74,64,33,60,12,87,47,66,99,54,46,86,5,77,48,92,83,53,50,94,57,10,32,31,58,2,8,28,79,24,72,95,78,18,20,41,56,59,42,4,19,34,44,91,43,51,22,63,67,37,55,25,35,1,70,36,26,16,81,21,3,38,90,85,96,39,49,7,15,30,9,98,73,61,27,17,84,89,68,88,76,52,45,13,71,69,11,14,40,6,82,29,97,62
512,1.5947760014678352,0,83,23,67,29,72,12,79,7,44,96,15,34,32,13,51,4,30,58,53,94,85,19,3,16,52,93,61,45,27,17,75,2,49,6,59,46,43,40,68,56,10,62,42,18,70,22,98,69,41,63,64,26,20,11,73,87,54,48,84,95,24,14,1,99,65,60,21,81,57,78,9,71,89,97,8,76,25,39,38,35,91,33,92,47,50,90,37,28,74,86,77,31,55,36,88,66,5,82,80
513,1.6813719896017574,0,33,91,18,90,1,78,85,34,7,8,22,27,2,93,76,36,5,35,98,41,86,47,52,42,51,46,81,12,38,63,26,79,60,4,89,69,70,80,16,28,21,55,30,49,77,15,44,24,59,83,32,58,66,25,43,94,97,45,57,67,11,64,61,14,13,50,92,10,62,6,84,23,40,96,3,75,87,73,37,17,53,65,71,54,56,31,95,29,88,99,19,39,72,82,68,48,9,74,20
514,1.4662790016154759,0,53,62,37,13,24,78,56,22,64,34,45,98,83,58,31,18,75,86,73,91,43,12,71,4,67,51,74,95,85,70,76,19,29,27,52,54,68,8,49,36,69,79,38,33,57,28,97,48,94,61,99,30,60,44,35,72,9,81,3,42,87,96,59,2,46,47,5,80,90,23,65,66,88,15,93,26,21,82,11,50,63,17,92,7,77,1,10,20,25,32,14,6,40,16,41,39,89,84,55
515,1.2923300001803,0,58,47,99,50,61,39,81,79,19,31,44,15,57,92,83,90,91,85,53,76,14,12,46,62,33,40,73,41,80,56,69,82,8,11,16,30,54,52,77,26,43,87,17,55,45,78,86,59,25,72,67,6,51,63,60,42,84,32,98,2,94,74,28,36,24,66,3,34,1,5,65,68,35,97,71,93,22,64,10,27,95,29,13,9,88,96,48,21,70,38,75,4,23,18,7,89,37,20,49
516,1.5640439919407072,0,92,21,19,55,93,70,91,69,62,3,13,48,96,15,30,98,63,23,17,87,67,16,88,10,56,41,5,66,43,99,95,74,86,72,37,71,64,27,7,38,58,68,12,61,94,4,25,46,1,6,22,51,83,33,79,44,9,31,11,29,75,18,90,84,20,89,76,39,80,49,42,81,52,26,8,24,54,57,85,97,2,65,14,78,47,34,32,53,82,35,59,45,28,73,50,60,36,77,40
517,1.3883899993888917,0,98,70,8,44,28,40,92,85,82,88,17,11,74,57,32,76,25,84,5,80,51,21,73,52,77,31,69,68,48,47,33,35,79,56,10,54,53,42,45,65,18,50,55,29,14,46,6,3,62,1,2,24,90,58,49,66,60,22,34,71,87,41,38,93,96,16,9,81,75,43,63,30,20,64,97,86,67,37,99,36,59,78,7,19,12,39,15,61,89,13,4,94,72,23,26,95,83,91,27
518,1.5008339975320268,0,42,39,41,60,27,91,58,59,65,76,83,44,1,8,15,52,5,3,17,90,37,51,32,28,46,7,67,71,4,23,9,63,2,20,86,21,49,61,95,88,22,75,26,30,36,50,80,94,66,43,99,14,18,53,47,38,98,73,11,72,45,57,93,96,85,97,48,16,34,54,24,74,25,68,78,69,84,6,40,81,56,87,19,35,64,79,12,62,70,29,77,92,55,10,89,33,13,82,31
519,1.5390489986311877,0,97,13,75,7,21,57,94,52,53,59,40,62,6,15,25,42,2,85,37,14,93,51,35,69,4,73,64,98,92,20,19,12,86,49,5,18,8,45,34,26,76,83,54,61,58,95,28,43,48,99,9,91,17,33,46,88,36,82,67,89,22,11,74,30,65,77,10,68,38,71,84,41,87,16,66,39,80,1,44,31,47,90,79,60,23,29,96,24,72,63,78,27,81,55,56,50,70,3,32
520,1.6630770035408204,0,62,50,9,81,82,65,59,61,34,67,10,68,14,37,43,75,48,2,6,64,4,76,99,19,8,54,79,70,26,80,16,28,30,90,18,17,39,51,27,85,38,95,52,49,91,84,58,11,44,31,97,71,29,42,24,13,87,45,12,93,46,3,83,77,98,7,72,21,78,69,20,56,36,74,41,53,22,47,35,66,89,88,63,32,73,86,25,1,94,60,5,15,57,33,55,96,40,23,92
521,1.3962039927428123,0,28,61,44,70,35,10,47,19,40,84,18,58,74,37,81,83,3,42,56,23,6,72,60,8,33,73,65,27,1,25,50,34,67,85,78,2,69,62,52,24,11,87,21,54,53,55,4,92,80,46,97,22,13,98,31,89,15,94,91,20,82,71,95,7,90,76,93,36,43,30,88,49,16,66,64,26,45,68,57,63,51,39,77,38,5,41,12,86,17,75,32,9,59,29,48,99,79,14,96
522,1.4538599917432293,0,65,38,42,19,33,32,24,63,83,82,71,25,87,26,70,72,92,73,10,27,48,52,69,43,53,93,30,59,75,91,37,15,39,16,60,28,9,78,22,96,36,49,44,64,46,68,47,21,51,4,2,45,34,6,14,79,62,76,89,18,77,3,8,90,23,58,12,7,13,11,40,1,54,95,85,97,74,29,66,86,80,50,57,94,56,17,61,88,41,99,55,31,5,84,67,20,35,81,98
523,1.740683998184977,0,21,60,47,71,34,20,74,28,56,61,89,48,96,7,10,37,73,90,44,75,16,95,69,13,81,42,67,86,57,3,36,93,87,46,65,19,62,99,45,68,39,59,14,33,58,32,72,94,97,12,24,66,17,35,63,23,80,55,77,31,15,8,78,5,22,9,1,18,6,91,40,82,64,25,85,29,49,70,41,50,26,2,30,11,4,88,92,54,79,76,53,98,52,83,38,51,43,84,27
524,1.6143900063761976,0,78,28,17,63,10,32,80,15,36,35,12,29,79,85,64,9,87,33,89,34,52,96,76,7,62,75,92,21,44,93,14,11,84,49,6,71,31,66,53,48,73,26,74,46,1,70,39,4,82,37,83,65,94,23,47,45,81,90,58,91,72,56,95,5,57,20,16,2,69,77,50,59,99,88,68,42,8,25,22,19,60,18,55,13,51,40,97,86,43,3,30,38,24,54,27,61,98,41,67
525,1.6047759956964,0,36,21,62,34,44,52,75,45,28,59,51,50,16,60,67,77,58,7,54,41,66,81,9,92,94,8,35,17,40,71,98,61,10,80,6,90,4,29,46,83,27,55,86,30,33,20,96,5,18,11,69,78,42,93,68,24,23,82,57,48,95,91,97,99,56,88,65,74,12,53,2,19,38,87,13,85,84,63,1,31,47,14,22,26,15,3,43,64,70,72,89,73,49,37,79,76,32,39,25
526,1.3399529978923965,0,51,31,81,82,34,57,5,95,7,99,18,90,13,10,8,59,65,27,85,14,19,68,52,29,43,23,79,83,9,76,77,93,53,88,49,17,71,12,47,37,54,66,92,75,96,33,69,46,50,2,16,24,15,28,63,39,91,62,97,20,78,21,35,94,60,32,44,74,87,45,3,30,86,4,89,22,42,25,73,41,70,64,36,84,1,11,55,67,72,40,38,61,56,48,26,80,58,98,6
527,1.6491779826174024,0,15,45,47,94,98,81,61,53,14,89,51,33,4,49,95,93,8,54,96,17,28,13,26,90,52,21,23,35,46,83,48,41,68,3,92,9,39,79,25,50,7,74,55,24,77,16,71,30,84,82,87,80,10,5,19,22,1,75,58,70,57,18,73,40,34,78,72,44,2,27,37,20,56,62,43,91,31,11,29,63,86,65,32,99,42,38,85,97,60,36,69,66,76,6,64,88,59,67,12
528,1.5783459899103036,0,95,20,72,86,23,99,84,70,82,33,63,71,41,59,77,80,67,64,13,78,43,81,27,2,26,21,74,39,96,35,98,46,66,69,87,90,25,38,60,85,4,22,14,17,58,11,89,65,3,40,88,18,31,28,55,57,16,30,10,37,52,48,54,42,79,15,61,36,49,6,75,56,83,5,7,1,29,50,8,12,73,91,19,97,9,68,93,45,44,92,51,62,94,32,24,34,47,76,53
529,1.625600991945248,0,37,26,54,95,22,61,39,69,84,35,17,91,89,15,75,86,62,90,96,31,7,23,1,66,60,87,58,78,85,21,14,10,11,38,41,73,72,18,34,67,24,4,64,97,47,76,48,98,93,80,40,13,56,55,42,68,45,50,99,44,16,51,82,92,20,57,19,36,5,9,70,32,2,77,6,81,63,46,79,59,29,3,33,94,74,49,53,83,27,65,25,30,28,52,12,88,71,8,43
530,1.392335999997158,0,27,31,32,4,82,64,67,72,60,92,39,80,88,10,54,96,13,66,36,25,23,46,49,93,30,44,20,17,26,50,2,11,16,6,22,40,84,45,83,74,35,8,61,79,43,68,70,21,34,94,69,76,33,95,52,14,12,77,7,37,91,75,99,78,57,24,9,55,85,15,86,38,18,97,62,98,65,42,56,29,19,48,5,51,28,90,73,81,41,47,71,63,59,53,87,1,3,89,58
531,1.7097510043895454,0,41,57,6,83,53,80,94,28,20,55,73,85,75,87,36,99,47,61,17,45,68,92,31,74,88,69,51,25,7,46,93,65,84,37,76,78,72,48,90,32,91,14,50,1,43,11,70,29,62,81,5,24,35,44,66,38,39,16,71,67,23,42,40,63,56,4,3,30,64,13,27,82,49,52,89,21,2,98,34,12,33,9,22,26,86,96,18,79,19,58,15,97,54,60,59,77,95,10,8
532,1.6804120033048093,0,46,91,17,6,13,80,5,66,62,55,44,65,20,76,75,85,16,12,77,11,22,58,21,30,88,34,9,42,89,35,32,90,4,79,7,27,41,19,37,74,93,78,95,29,92,51,48,87,3,36,59,47,96,86,97,39,98,45,57,49,50,53,23,71,8,18,54,14,64,63,99,83,61,70,81,94,28,24,69,73,38,33,10,1,52,25,72,84,60,68,2,40,43,82,15,26,31,56,67
533,1.686402995721437,0,5,51,37,61,34,4,3,48,78,28,80,68,59,95,96,33,85,18,87,11,10,76,40,93,19,82,89,38,64,75,98,32,72,67,13,62,15,94,47,79,27,65,41,17,50,20,81,6,2,56,86,99,45,49,52,46,25,43,90,92,58,29,7,83,22,69,21,77,9,36,44,66,31,1,42,63,84,24,53,73,57,71,14,70,97,30,39,23,54,60,8,26,12,74,55,35,91,16,88
534,1.299774000824982,0,39,64,91,61,26,93,9,46,11,99,3,17,78,40,4,14,69,7,6,18,96,88,31,62,76,75,87,60,58,2,52,22,94,77,38,43,20,70,28,80,27,63,79,74,73,66,15,81,25,41,54,35,33,1,48,65,37,84,92,13,89,98,55,86,57,50,19,53,36,23,56,82,49,32,67,8,71,29,97,24,59,45,68,44,85,42,10,90,47,95,5,51,72,34,30,83,16,21,12
535,1.5919549927075423,0,18,58,88,4,40,48,86,8,10,23,61,5,25,54,9,59,49,38,97,35,30,6,81,85,53,90,46,21,34,73,60,11,19,93,70,94,20,1,7,51,50,16,43,67,26,12,42,87,75,33,64,47,22,96,95,45,57,77,66,29,17,13,89,68,15,76,79,28,92,69,55,24,84,14,74,78,80,82,98,27,91,71,39,44,99,32,2,63,62,41,72,65,52,83,56,31,3,36,37
536,1.6498789926990867,0,67,17,89,34,28,85,79,77,76,55,39,12,5,68,66,78,4,10,58,1,83,91,22,29,59,43,9,99,44,33,40,7,13,37,3,73,46,21,56,47,2,95,45,25,18,48,93,75,50,86,27,32,30,8,97,71,31,42,98,88,49,36,15,81,72,57,26,61,60,52,80,16,70,64,35,41,6,23,38,65,53,74,92,14,11,51,24,87,62,69,94,84,82,90,63,54,96,19,20
537,1.7891629949699563,0,61,86,52,26,21,65,38,20,97,70,41,64,48,53,24,30,51,59,4,57,23,90,43,17,49,72,42,94,37,55,80,66,22,25,45,60,77,2,44,62,9,95,32,46,73,19,15,63,74,98,40,81,7,88,93,83,34,58,3,54,84,75,8,27,78,35,87,96,39,69,11,82,85,50,36,47,29,1,28,31,76,33,13,99,14,18,6,5,68,16,89,12,79,67,91,71,56,92,10
538,1.5344489950048228,0,7,39,45,80,58,43,77,46,92,49,16,66,18,85,24,40,59,11,95,89,37,34,57,91,61,10,67,33,25,42,12,36,76,54,87,21,27,70,28,64,83,65,22,86,26,5,4,74,2,96,14,23,60,94,44,56,97,17,75,51,30,79,31,38,82,62,47,53,78,15,48,29,72,98,71,9,41,20,35,55,32,8,1,90,88,73,13,6,81,93,52,84,63,99,50,19,3,69,68
539,1.3509499943975243,0,79,23,2,63,45,44,3,82,85,93,36,83,29,43,84,20,58,88,62,90,98,54,10,55,1,87,74,31,30,25,57,99,66,7,95,61,17,71,91,27,94,75,22,78,80,15,26,9,70,51,89,5,68,38,60,39,92,40,52,11,77,16,14,24,8,33,47,96,35,42,6,21,67,41,72,69,81,65,76,48,4,37,34,73,53,59,56,13,19,50,64,46,97,28,86,18,12,32,49
540,1.606901002171071,0,24,3,65,31,59,74,5,73,52,56,2,42,63,88,4,79,54,37,26,82,87,93,77,12,99,32,43,23,71,6,15,68,29,40,94,81,27,45,83,86,85,35,36,91,97,61,25,92,58,9,14,95,33,69,76,80,60,49,16,44,1,34,38,62,18,66,19,96,21,50,53,7,51,84,46,22,90,98,13,67,89,41,75,78,48,28,57,64,39,70,72,11,47,30,20,55,8,17,10
541,1.4089919996004028,0,59,54,91,77,7,53,95,49,40,5,11,22,16,15,38,12,46,44,68,10,69,19,51,83,71,23,18,80,21,88,61,60,94,72,90,75,45,97,4,3,14,32,96,24,36,30,57,13,76,87,39,81,63,66,92,43,20,35,9,33,93,64,27,25,31,85,98,1,79,67,62,86,82,56,47,34,28,2,78,89,48,74,42,99,52,50,73,70,58,8,6,65,84,26,41,55,29,37,17
542,1.4988979955378454,0,28,2,24,13,54,40,7,51,46,72,69,26,34,85,80,22,94,3,87,88,79,42,52,74,71,65,16,38,25,76,90,37,39,64,81,63,31,18,35,21,11,86,68,83,32,56,45,73,82,4,8,43,1,19,57,60,20,58,55,53,93,15,98,5,97,6,14,50,89,30,75,48,23,12,9,92,78,95,96,99,47,77,36,59,62,91,44,67,84,33,27,29,70,17,66,61,10,41,49
543,1.521786004974274,0,33,16,82,45,57,56,64,15,76,27,14,74,12,25,59,28,21,3,10,58,65,43,54,46,7,67,68,17,96,49,88,30,73,40,1,97,71,55,91,66,93,85,19,22,94,51,81,90,99,48,41,69,38,84,83,62,4,77,18,95,47,26,31,36,8,72,11,75,24,78,42,29,32,13,44,52,79,61,5,86,63,98,60,50,80,34,87,2,23,35,53,70,20,89,37,9,6,92,39
544,1.3965370012447238,0,64,12,6,2,68,49,31,18,41,17,66,30,9,59,80,3,29,14,71,79,35,77,73,60,58,36,5,26,44,7,72,52,88,1,89,19,54,16,85,47,70,96,97,15,42,22,24,82,50,55,78,4,33,69,90,81,37,91,62,20,28,32,57,8,87,93,84,76,23,74,56,67,51,75,83,61,27,38,40,39,46,10,43,98,92,53,13,95,45,99,86,34,21,11,25,63,65,48,94
545,1.5203739956050413,0,92,13,99,8,64,93,52,63,21,71,48,74,28,30,15,98,32,57,34,22,36,89,45,67,37,66,33,39,60,96,76,83,1,85,29,51,73,46,41,7,72,20,24,44,14,10,23,82,81,95,19,2,5,31,90,25,78,87,6,49,53,11,9,77,58,86,88,16,69,91,61,70,75,12,94,50,56,38,59,3,47,79,35,68,62,54,65,4,42,43,97,80,55,27,18,40,17,84,26
546,1.466857987077674,0,83,98,57,34,54,19,93,76,47,35,71,11,86,92,53,40,68,97,42,13,84,9,69,41,36,72,70,23,87,22,77,74,20,3,33,14,28,5,62,49,27,61,91,10,48,88,66,45,67,65,38,60,18,51,37,21,8,78,44,50,2,46,52,6,89,32,39,29,96,55,80,1,31,56,94,43,73,99,95,82,30,4,24,59,90,58,17,81,85,63,75,7,26,79,12,16,64,15,25
547,1.6884159978944808,0,90,59,55,60,22,16,74,94,84,72,42,25,18,20,19,11,66,96,40,85,52,17,89,5,14,30,38,8,53,23,28,75,34,26,15,63,4,33,56,64,1,88,48,12,78,3,29,7,98,62,58,82,54,97,50,46,95,31,13,69,43,37,65,83,45,41,87,49,10,21,36,80,79,70,68,76,57,2,27,73,77,67,71,6,91,35,39,92,61,81,99,44,47,24,51,93,32,86,9
548,1.5560439981345553,0,10,86,9,83,19,84,35,45,80,7,79,69,98,61,3,58,82,54,22,89,36,32,41,91,25,16,65,67,70,49,38,51,72,31,29,95,14,63,6,76,52,99,8,68,59,78,44,64,97,66,48,15,12,71,5,27,88,74,93,17,57,33,50,43,87,28,21,90,26,94,24,40,81,2,56,11,4,37,55,60,92,42,30,73,53,18,96,1,46,20,39,34,47,85,62,13,23,77,75
549,1.4891539935197216,0,98,84,45,91,36,81,26,22,59,16,28,67,12,77,89,17,15,13,86,1,95,85,96,2,62,83,5,9,60,33,58,99,71,44,57,43,51,11,8,46,80,35,87,54,39,25,49,4,23,82,75,73,24,70,18,97,50,3,92,56,37,94,55,38,41,40,6,76,53,52,32,69,34,79,19,88,7,78,93,64,66,68,21,61,20,10,63,72,27,90,65,47,31,42,48,30,74,14,29
550,1.5293050004747784,0,13,31,68,61,37,54,67,6,39,86,87,48,88,14,23,63,81,11,92,3,57,21,83,46,76,74,38,82,33,27,2,71,94,36,60,55,90,15,18,43,79,62,75,89,4,44,30,12,32,70,8,93,10,52,40,42,28,97,45,17,72,20,73,95,53,41,51,49,29,50,66,34,9,25,35,98,24,22,99,59,56,64,84,85,5,26,58,19,16,65,77,91,96,69,80,47,78,1,7
551,1.6202259959682124,0,32,80,4,54,98,49,69,15,99,77,17,14,50,84,16,97,86,19,62,29,73,91,56,37,8,66,21,75,74,10,51,65,79,89,38,72,24,58,95,1,48,35,63,55,7,85,88,9,87,78,34,82,83,96,93,52,22,42,5,81,71,28,60,47,57,40,67,53,61,70,68,25,41,59,43,27,23,31,2,76,94,46,33,90,18,36,3,12,44,39,45,6,20,64,13,11,92,30,26
552,1.537256999698002,0,31,82,27,85,51,41,77,14,3,63,59,64,61,62,18,76,17,1,81,86,87,32,49,96,43,58,28,34,30,29,91,66,26,53,35,46,90,89,72,80,20,11,84,78,5,48,42,79,71,39,95,57,69,60,36,56,15,25,21,98,52,65,44,92,8,47,7,50,99,55,38,68,93,45,19,70,2,22,4,6,88,24,9,67,97,73,10,74,94,54,23,83,13,16,33,37,12,75,40
553,1.450058000838908,0,37,78,42,16,70,23,67,14,96,65,10,2,35,6,84,98,95,12,56,99,34,52,83,54,50,8,97,59,40,91,19,15,31,51,72,25,5,7,26,3,38,58,53,24,75,93,57,79,45,81,20,63,61,46,66,60,17,43,55,73,82,13,22,11,44,18,80,33,29,1,39,36,48,41,92,76,77,9,62,27,88,71,4,87,69,86,21,94,64,85,90,49,28,32,30,74,89,47,68
554,1.7865960034469026,0,29,19,94,47,70,36,32,24,3,1,38,56,88,53,61,97,4,7,87,10,34,23,68,57,75,35,89,26,27,52,63,17,33,5,49,30,71,66,62,46,55,77,40,91,43,2,98,48,83,84,67,41,85,42,37,39,76,60,74,69,22,31,13,25,14,81,79,59,58,73,92,44,80,78,54,45,72,82,21,12,6,20,90,18,64,93,65,16,95,28,11,9,99,50,96,51,8,15,86
555,1.7567579866736196,0,60,29,61,22,83,16,72,96,14,75,51,9,90,76,42,89,98,11,45,17,67,62,85,58,47,57,33,93,88,63,37,15,97,77,69,26,28,56,4,48,43,46,94,8,53,68,86,19,70,10,18,95,82,66,54,13,44,27,81,3,6,7,84,1,2,23,79,30,5,49,74,80,64,73,71,24,78,50,40,32,21,38,36,52,92,25,31,39,87,34,20,12,99,91,41,35,55,65,59
556,1.5884559973637806,0,95,3,50,31,5,82,78,85,57,68,83,73,23,62,84,33,79,15,90,44,10,92,37,36,45,96,75,32,20,30,65,76,11,88,40,80,98,87,51,52,1,2,70,59,16,34,67,43,74,99,25,60,8,38,29,66,86,91,61,13,71,24,6,18,9,27,41,4,81,19,22,69,35,47,39,58,55,46,42,14,97,28,49,53,64,77,94,63,56,17,72,26,93,12,21,54,7,89,48
557,1.794380998449924,0,16,71,68,73,47,37,69,91,32,98,99,33,29,89,49,90,41,40,83,10,9,50,19,36,87,86,64,43,8,27,5,21,48,22,46,56,92,17,51,38,79,70,39,75,44,53,34,58,45,61,31,24,94,63,81,12,15,23,97,88,7,78,13,95,72,96,14,67,52,84,30,80,25,18,85,59,55,3,74,26,28,66,42,4,65,2,6,62,1,93,57,11,82,60,76,20,54,77,35
558,1.6541009948341525,0,10,21,38,77,45,16,35,40,72,91,2,75,71,50,52,48,86,87,59,22,56,99,57,64,82,76,89,1,84,13,61,79,14,49,17,5,44,12,26,66,29,94,55,15,42,7,96,97,88,93,63,9,32,47,23,20,39,81,8,4,54,37,73,43,36,31,41,60,68,3,6,25,46,51,11,69,98,27,30,62,74,92,58,80,18,78,19,90,85,33,95,34,65,70,67,83,28,53,24
559,1.7299390004991437,0,95,92,98,80,30,52,3,41,18,15,78,33,10,13,7,62,9,67,11,51,5,53,55,82,81,4,63,47,39,24,76,49,34,96,12,36,2,65,48,38,1,75,86,27,72,83,17,28,97,22,85,45,19,79,31,74,69,70,8,26,71,64,44,46,99,88,87,57,25,37,66,23,73,91,40,54,77,59,35,94,58,14,68,21,93,56,89,20,50,84,29,42,16,43,90,61,60,6,32
560,1.8016519895390957,0,55,85,91,29,86,35,23,37,36,13,26,4,3,30,84,88,62,96,44,82,38,90,12,68,28,60,8,77,67,69,97,65,25,5,98,53,83,18,50,63,47,31,66,76,15,89,6,16,43,72,17,80,54,61,70,73,9,94,11,87,95,7,10,39,14,24,56,20,32,48,2,52,71,42,59,40,99,74,57,41,75,21,49,79,81,78,58,22,92,46,51,64,33,93,19,34,45,1,27
561,1.5786849943106063,0,89,50,35,36,54,55,67,30,5,2,13,71,95,62,64,49,97,47,65,85,83,23,81,8,51,61,28,29,99,74,42,88,6,76,77,59,43,40,48,38,3,57,53,60,41,92,69,45,39,87,37,4,79,63,20,66,22,78,27,25,58,32,9,15,12,70,1,73,46,68,93,52,33,90,18,72,82,98,19,96,80,21,10,84,7,24,16,26,31,86,56,17,91,75,14,94,44,34,11
562,1.4517589926108485,0,80,50,92,64,9,83,59,35,57,30,40,66,52,33,48,1,60,88,29,76,87,96,39,79,89,84,19,95,11,49,77,78,73,70,47,3,55,74,27,21,75,91,31,42,86,15,10,98,36,2,72,85,38,58,54,12,34,5,65,45,23,44,61,7,71,99,17,63,28,53,68,51,32,8,43,26,20,93,13,37,97,6,90,16,14,81,18,94,46,22,25,4,69,41,67,24,62,82,56
563,1.5516709962539608,0,82,71,99,91,73,87,66,28,43,77,1,88,65,3,10,39,36,27,97,57,46,48,17,18,22,14,37,68,96,47,32,95,12,16,7,2,75,85,13,38,86,64,45,70,4,51,26,6,23,93,19,53,31,60,79,58,49,40,69,42,80,9,59,90,30,41,25,63,5,54,74,92,83,24,21,35,11,20,34,50,61,89,29,15,72,94,67,62,81,78,55,56,8,84,44,76,98,52,33
564,1.5514089953858274,0,84,19,72,67,58,98,35,41,28,89,48,32,83,17,51,24,60,26,42,52,86,5,46,29,57,75,1,55,78,56,62,71,4,54,16,31,96,92,37,94,64,21,9,79,14,53,59,66,70,80,68,99,43,6,18,12,27,22,87,69,36,7,61,65,95,33,40,11,23,2,39,63,97,93,10,49,34,30,74,88,38,20,77,81,91,13,73,3,76,44,50,85,47,25,8,82,45,15,90
565,1.402393002586905,0,29,78,65,74,24,97,38,79,76,27,33,22,98,81,59,80,73,52,48,44,70,9,25,5,82,14,39,3,28,72,16,83,18,66,8,60,31,45,40,49,85,95,21,93,2,32,20,47,46,67,12,53,10,41,75,13,91,90,4,34,84,62,23,64,54,36,50,37,69,56,19,35,51,87,26,77,63,92,30,99,58,15,88,42,89,94,71,6,7,86,11,17,61,57,68,43,1,96,55
566,1.5343459960604378,0,1,39,20,40,55,17,43,5,74,72,30,61,90,11,76,8,18,59,98,88,93,24,56,83,69,89,53,9,26,7,82,12,54,92,60,78,75,94,25,52,27,19,85,68,34,67,63,44,3,96,23,95,6,14,29,42,46,71,16,33,99,87,10,4,91,66,45,86,41,73,2,15,37,49,77,13,79,47,38,57,32,31,51,62,50,22,48,64,35,97,65,70,81,80,58,36,21,84,28
567,1.624693997669965,0,41,46,64,44,85,61,25,97,49,30,57,79,17,82,47,60,75,42,55,32,37,14,89,77,63,52,83,54,11,73,94,38,3,50,2,74,78,65,15,35,80,98,53,5,96,6,59,8,4,27,12,88,93,10,95,28,51,99,21,62,91,19,20,23,86,66,36,70,72,18,39,48,33,16,56,69,84,26,71,22,7,29,9,68,92,58,1,31,40,45,34,43,81,87,24,67,76,90,13
568,1.7324539966648445,0,61,79,72,21,19,57,94,51,53,35,17,93,56,23,13,87,10,4,48,41,38,29,16,67,34,33,86,55,69,99,28,97,27,68,71,96,52,32,85,37,26,8,40,89,70,88,59,62,64,82,58,74,78,20,36,50,75,30,9,25,14,18,22,15,3,84,73,47,80,11,60,31,1,45,65,44,83,63,54,39,49,2,12,91,81,6,46,7,66,5,90,24,98,77,92,76,42,43,95
569,1.4012049810771714,0,95,77,80,57,28,89,40,30,47,53,15,48,14,71,49,8,73,66,58,94,32,42,60,12,18,34,31,55,3,84,25,29,37,4,39,98,13,86,68,91,10,41,76,24,65,82,63,96,99,27,92,59,90,62,22,43,11,33,87,69,36,9,64,75,61,7,1,16,85,2,74,78,70,19,44,17,46,50,6,72,45,67,5,20,51,52,54,79,56,88,97,35,38,26,93,21,81,23,83
570,1.7736599967174698,0,54,28,76,16,1,61,31,2,38,9,6,62,20,67,53,4,89,35,26,14,50,45,27,64,21,41,82,19,83,29,88,48,5,23,87,65,11,74,39,91,51,46,7,72,17,44,99,63,94,43,47,10,34,13,90,81,68,15,18,57,92,55,69,98,59,33,25,73,40,95,42,70,37,66,58,22,97,93,36,32,84,24,80,8,71,56,78,12,3,60,86,77,52,75,85,79,96,30,49
571,1.5522409972927562,0,44,73,97,82,61,4,17,71,65,11,34,24,16,46,39,57,5,74,79,72,25,85,77,66,91,84,12,94,37,20,8,81,95,76,45,52,56,70,40,30,67,13,27,75,6,69,88,64,33,87,47,31,28,63,59,62,18,96,9,14,21,50,35,83,2,48,53,19,10,78,80,7,15,22,38,1,98,89,41,92,54,99,51,32,42,36,49,55,26,58,68,90,93,29,43,86,23,60,3
572,1.7136409993036068,0,58,53,54,32,51,52,16,93,95,36,2,26,35,96,64,91,65,81,28,61,40,68,22,74,88,94,46,59,10,25,24,38,73,34,78,43,27,92,23,31,44,50,90,33,20,15,4,83,19,79,84,47,60,62,55,67,13,17,11,18,71,12,9,7,5,37,56,80,48,3,57,66,76,6,41,99,8,49,77,21,82,97,70,86,69,30,89,29,87,63,72,75,14,45,98,1,42,85,39
573,1.6212539945554454,0,18,61,66,39,3,67,36,13,34,41,15,47,65,20,29,1,95,37,31,24,56,71,59,83,8,10,60,70,48,43,73,76,68,40,26,86,82,58,22,89,96,49,2,91,23,98,87,44,25,90,84,19,9,74,93,85,12,32,4,62,16,81,53,35,77,69,72,7,11,88,92,94,52,6,50,33,14,38,5,46,51,27,79,75,54,97,99,63,80,45,42,55,64,21,28,78,17,30,57
574,1.4736049917701166,0,82,79,11,59,10,18,5,81,43,94,50,73,28,75,22,65,26,15,45,51,37,3,8,90,17,49,87,27,89,21,71,35,38,63,78,52,61,25,55,44,46,69,41,76,60,30,40,57,32,62,96,23,39,1,72,14,58,66,80,68,92,70,6,16,36,67,29,95,2,53,13,74,83,42,97,93,12,24,31,86,91,4,56,33,7,98,84,88,19,9,48,54,47,34,64,99,85,20,77
575,1.4503169966501446,0,26,72,39,80,22,86,90,82,62,43,89,7,46,96,30,35,65,25,14,97,84,4,9,47,36,60,12,55,45,76,85,58,34,21,88,1,66,3,71,74,91,70,61,48,50,28,44,17,93,64,68,5,16,49,57,15,51,18,29,98,92,81,83,8,53,99,31,87,6,94,42,59,10,77,2,13,69,67,24,37,63,19,11,27,54,56,79,95,41,23,20,73,33,40,78,52,75,32,38
576,1.4243190005072393,0,2,28,1,48,20,72,93,53,85,75,27,17,41,51,56,16,24,63,42,59,19,81,12,14,86,31,54,97,58,26,89,38,55,37,10,76,88,32,9,29,7,36,22,46,25,34,62,47,96,74,84,3,83,94,78,91,80,64,87,35,43,6,8,71,39,61,82,18,33,77,69,67,99,92,30,57,45,98,90,65,50,21,11,66,13,23,40,52,15,70,5,73,95,4,79,60,49,44,68
577,1.416232998635678,0,37,44,58,61,89,26,29,98,1,7,5,12,69,54,8,35,78,3,30,68,94,70,62,48,81,66,46,75,93,42,17,31,53,20,13,40,87,32,9,72,82,4,2,74,22,91,19,10,77,76,97,33,47,18,24,99,15,95,27,25,86,60,73,84,88,36,45,52,14,71,6,80,49,38,67,34,16,85,83,23,39,28,63,96,51,55,50,43,57,41,79,11,56,90,64,21,92,65,59
578,1.4752239893568913,0,3,54,69,44,41,43,87,49,55,12,10,90,77,96,93,52,34,79,40,26,37,84,74,9,92,86,20,64,14,91,7,25,75,17,27,13,82,45,97,38,35,48,62,98,16,4,94,39,99,85,53,30,47,72,71,15,42,29,76,61,2,33,46,70,78,58,95,28,11,32,56,63,5,6,21,89,19,22,66,51,68,59,73,67,60,18,57,80,81,83,65,23,8,88,31,24,36,50,1
579,1.5896079998565256,0,65,38,85,17,28,66,25,93,94,69,19,34,32,92,88,51,7,70,42,4,14,77,73,63,91,37,61,5,20,74,59,39,9,78,64,16,83,18,60,40,86,53,24,27,75,43,76,2,95,46,3,87,81,23,6,21,45,89,99,71,97,54,56,30,31,13,48,55,62,44,12,50,15,8,35,47,80,68,49,26,11,98,67,90,33,10,1,22,36,72,96,29,41,79,82,57,58,52,84
580,1.545600003999425,0,30,14,26,37,71,68,20,86,42,73,28,47,62,95,75,64,27,98,63,18,51,13,44,11,41,65,9,12,3,25,57,93,84,43,80,19,29,87,85,70,97,92,35,22,48,50,5,88,4,78,6,15,96,1,21,16,33,36,7,45,94,66,31,2,52,69,91,55,39,49,79,17,99,40,10,83,56,76,34,90,24,46,77,89,58,81,59,60,23,74,54,38,72,32,82,8,61,53,67
581,1.4385399949533166,0,7,81,16,24,34,31,72,93,75,57,29,90,66,25,5,43,40,67,83,71,63,45,11,84,50,99,60,10,23,95,39,33,88,35,15,36,48,14,61,12,68,51,58,76,9,20,74,59,92,52,89,26,30,18,1,79,70,17,22,98,6,97,49,54,3,4,37,53,65,62,94,64,28,82,73,96,80,77,85,8,19,27,91,42,2,32,44,46,38,56,41,87,69,13,78,47,55,86,21
582,1.5667739924392663,0,7,25,91,94,11,80,73,58,95,5,51,9,57,8,18,89,41,42,97,70,16,52,22,79,47,81,55,75,59,31,19,66,20,2,6,12,48,68,17,39,71,28,56,1,50,43,23,72,36,96,44,98,93,60,74,65,30,35,37,45,76,40,46,3,49,64,85,77,90,99,69,27,92,82,33,26,78,10,13,15,34,54,14,24,67,29,61,62,84,32,38,4,87,83,63,21,53,88,86
583,1.5681970061268657,0,45,54,52,98,46,47,44,35,24,6,8,58,5,86,14,72,82,78,16,92,67,94,7,65,29,62,73,32,4,95,57,21,74,11,56,61,90,20,12,28,55,19,59,39,68,63,3,13,15,42,99,70,96,38,88,30,71,41,1,60,26,75,51,36,85,27,34,53,40,50,49,18,83,89,79,17,77,37,43,93,84,87,22,9,66,64,91,81,76,2,69,80,23,25,97,33,31,10,48
584,1.6874470005059266,0,8,65,23,12,70,40,6,55,97,44,80,36,46,88,75,43,38,62,95,11,41,98,58,20,74,69,64,61,32,47,54,39,91,15,86,71,18,27,82,72,60,67,79,57,7,99,85,92,13,77,90,25,96,52,17,78,14,30,93,3,66,49,28,29,53,2,22,63,10,5,81,42,59,56,83,45,94,24,16,9,26,68,31,48,35,84,33,89,19,1,87,73,34,50,21,76,37,51,4
585,1.3983040023595095,0,86,41,27,85,52,22,50,4,74,94,19,10,13,96,71,33,55,93,83,99,82,44,40,73,38,9,47,64,54,7,69,51,76,77,36,91,98,62,26,78,80,34,56,3,72,49,12,5,67,30,57,59,66,31,87,92,48,17,1,61,16,84,23,68,15,81,75,58,97,6,95,21,70,46,42,25,39,90,24,18,35,60,20,37,79,11,45,32,65,29,8,43,28,88,89,63,2,53,14
586,1.55168200116168,0,79,18,35,3,63,80,71,92,17,42,9,49,61,74,34,20,12,33,32,45,95,52,7,14,29,86,50,46,75,8,26,44,28,47,19,5,83,39,89,62,84,94,67,58,60,78,91,27,73,56,40,69,16,43,4,70,13,25,65,54,68,11,6,51,23,64,99,72,93,24,10,31,15,36,21,90,98,81,97,41,55,77,48,88,87,53,2,38,30,57,22,85,66,96,76,59,1,82,37
587,1.4042249961494235,0,2,71,53,92,37,4,42,67,83,29,43,96,16,6,68,61,57,84,8,3,86,13,52,79,87,35,75,54,95,77,25,5,17,30,15,74,80,70,38,85,89,23,9,81,34,14,99,26,65,55,98,40,91,82,49,93,45,88,21,22,56,50,10,31,97,24,1,48,32,7,66,27,44,60,19,63,94,47,51,11,20,59,28,33,12,76,39,58,72,73,64,36,69,46,41,62,78,90,18
588,1.572903007894638,0,73,4,1,35,97,23,17,47,41,61,75,87,68,16,36,34,60,33,56,9,40,11,15,64,10,78,8,89,54,25,86,29,24,20,2,59,3,74,49,96,62,83,48,55,63,18,98,43,80,50,44,72,21,13,46,84,22,88,77,92,7,95,14,93,27,70,19,32,12,31,52,82,28,79,91,38,42,94,30,69,81,90,37,85,66,71,39,5,65,67,76,53,45,51,57,99,58,6,26
589,1.518329992717554,0,28,77,50,35,26,57,95,5,52,41,81,79,65,6,23,70,18,40,58,11,55,36,32,43,94,12,31,63,3,56,25,14,66,38,93,72,2,98,54,19,84,27,96,62,69,16,15,48,22,44,4,34,10,1,49,39,85,46,86,21,78,45,29,8,61,60,67,91,76,80,37,87,71,82,73,89,83,88,30,90,47,9,75,24,33,99,13,7,92,59,42,51,97,68,53,74,17,64,20
590,1.5588749931193888,0,29,37,54,55,77,14,88,24,92,51,38,67,64,79,15,59,12,60,1,78,4,66,33,11,39,65,61,50,17,49,41,32,69,99,91,23,82,97,36,19,56,90,31,86,52,20,74,47,58,8,81,76,71,62,48,16,34,96,89,95,22,13,10,25,2,18,6,35,94,57,84,9,43,53,45,87,75,83,70,26,21,72,40,93,63,28,80,98,73,30,3,5,42,68,44,46,27,85,7
591,1.7080849930935074,0,91,87,63,32,49,1,18,95,35,45,57,60,38,29,81,28,64,79,83,37,86,17,3,44,13,72,25,8,12,11,34,54,39,73,15,51,46,43,61,36,2,42,10,9,76,70,26,4,90,41,66,93,80,7,96,67,78,92,27,98,33,23,52,84,19,47,97,40,5,82,48,56,58,68,24,89,55,16,94,20,14,85,71,74,53,22,59,75,6,65,62,30,50,88,31,99,69,77,21
592,1.5633459920645691,0,50,81,96,82,54,93,18,60,70,40,98,41,31,17,52,7,34,13,36,51,5,91,25,77,16,11,86,85,65,53,97,64,27,14,75,24,69,45,94,32,8,3,49,90,43,9,44,87,19,84,1,4,2,72,22,12,39,46,42,55,63,89,83,26,56,30,38,76,28,48,58,95,33,79,78,35,61,57,66,23,59,29,88,73,15,71,74,21,62,92,47,6,80,10,37,20,68,67,99
593,1.5945519941669772,0,45,85,86,97,54,27,99,5,68,92,71,18,72,15,2,23,10,44,84,94,17,30,12,39,60,61,22,64,9,32,47,24,93,89,55,56,57,77,36,96,83,4,67,52,76,26,13,65,66,19,14,59,46,1,29,37,91,6,34,78,38,3,16,79,33,48,50,88,82,25,73,49,70,62,63,40,7,98,95,80,21,43,81,75,41,11,28,35,51,42,31,74,8,69,90,53,20,58,87
594,1.5162429880983836,0,86,4,74,52,97,56,93,9,64,48,66,7,83,32,85,60,22,78,3,1,30,68,31,77,47,76,36,15,11,12,90,28,45,71,59,87,21,55,91,58,80,20,44,13,17,10,19,72,81,63,88,26,24,37,34,98,75,38,79,51,5,82,53,96,49,50,27,94,54,33,43,61,57,23,39,69,84,29,18,65,16,6,25,92,62,67,95,8,2,41,46,99,89,35,14,42,73,70,40
595,1.5936689992504398,0,32,35,95,75,16,20,97,26,2,62,56,48,31,38,73,53,19,69,24,40,29,39,68,74,55,77,90,17,1,61,22,81,92,15,82,10,87,5,37,78,64,33,99,76,30,89,7,25,59,47,52,66,86,13,8,46,98,51,80,27,21,93,71,12,36,23,67,14,44,84,49,45,3,54,65,41,83,43,72,18,63,70,96,79,57,60,94,88,28,58,34,91,50,11,4,6,9,42,85
596,1.4549200030451175,0,64,8,92,97,18,2,20,95,74,67,25,45,90,81,70,47,39,19,3,96,35,55,83,32,46,79,77,27,66,98,91,40,5,24,14,50,99,60,85,82,86,71,89,17,43,42,57,37,29,36,88,4,49,68,54,51,87,38,53,93,94,21,23,58,15,56,13,22,44,72,11,52,84,28,6,73,75,30,7,31,61,59,12,69,78,80,48,33,76,65,10,9,1,41,62,26,63,16,34
597,1.6048010000231443,0,30,68,84,45,73,87,8,66,49,27,37,78,10,90,15,93,1,25,82,42,79,53,67,77,14,12,92,96,44,57,38,94,24,75,26,23,64,46,21,63,20,52,6,95,5,28,58,80,35,41,54,4,32,55,9,99,16,48,22,18,43,19,65,3,71,61,91,33,36,59,51,98,7,89,88,17,34,31,85,13,97,74,2,81,70,83,86,76,39,69,62,50,56,11,40,29,60,72,47
598,1.5811099987622583,0,87,83,10,11,57,17,94,30,13,47,61,72,6,56,66,7,12,70,43,91,33,95,54,69,60,23,53,76,2,84,3,4,29,68,63,41,98,18,88,42,79,67,26,8,78,24,20,89,75,44,64,73,65,48,1,55,34,21,96,40,62,81,51,22,52,37,50,28,59,35,36,46,16,45,38,71,93,85,9,31,86,27,32,5,97,74,90,77,92,82,14,99,39,49,80,25,19,58,15
599,1.5161049966263818,0,12,5,68,84,87,96,82,75,81,56,89,23,16,7,10,17,22,32,88,42,65,99,19,48,8,63,46,94,92,30,38,62,52,21,24,29,51,41,74,31,49,90,73,37,25,77,97,55,47,53,64,40,1,66,67,43,45,69,3,58,11,39,70,26,20,2,35,79,98,76,86,34,72,91,60,57,27,36,93,78,15,9,33,14,83,18,80,4,71,50,44,6,13,28,95,61,85,59,54
600,1.426443993463181,0,66,62,86,44,39,91,87,79,2,20,23,35,99,21,78,90,71,94,92,19,81,16,32,28,53,88,58,80,17,73,29,7,54,56,95,82,37,10,96,72,3,49,46,98,70,25,18,64,41,27,6,74,42,14,63,1,85,60,52,83,69,50,40,51,57,43,68,8,9,5,65,47,76,22,33,77,15,97,13,89,36,24,31,38,34,11,12,67,84,59,61,4,93,30,48,55,45,26,75
601,1.5357439923100173,0,81,82,22,10,70,66,98,77,72,11,80,12,29,21,38,5,41,33,3,89,25,90,65,43,55,74,79,59,64,91,85,16,8,48,94,62,37,60,76,69,42,87,75,36,18,23,17,47,96,78,84,52,39,20,15,57,99,31,61,71,86,7,24,13,46,14,45,44,27,19,35,2,67,32,63,50,97,49,92,28,88,26,9,30,53,83,40,93,73,6,68,34,54,51,4,95,58,1,56
602,1.7442090020194883,0,70,84,45,59,82,77,72,57,61,71,83,98,30,68,64,28,13,8,17,15,12,34,4,63,20,49,99,88,29,19,10,93,25,60,38,94,26,27,14,52,53,42,41,51,74,90,9,18,76,47,31,66,40,67,50,55,56,2,46,75,35,5,91,58,3,11,85,96,81,24,32,43,79,1,95,87,16,54,92,37,62,44,7,23,97,48,65,6,86,73,69,80,39,78,22,36,33,89,21
603,1.344317998347833,0,15,46,77,11,61,60,3,84,51,7,19,27,59,57,52,76,5,80,37,39,14,63,82,74,95,67,44,69,45,90,65,55,83,78,50,20,33,35,86,81,1,26,62,38,68,28,42,24,64,17,98,72,47,93,58,6,79,94,9,18,56,32,71,36,30,49,10,22,96,31,88,91,21,54,43,29,4,75,73,99,2,87,89,70,66,41,13,53,34,97,8,85,16,48,40,12,92,23,25
604,1.4120059899723856,0,98,27,46,32,20,41,75,14,10,45,63,21,33,4,88,22,25,83,79,67,64,62,8,42,15,58,39,48,89,65,18,40,55,49,77,7,54,6,16,60,56,76,57,52,2,29,68,95,66,44,17,61,28,3,85,99,26,81,97,74,30,12,90,86,94,72,50,78,19,87,34,84,96,47,91,70,38,92,11,23,1,59,24,9,35,5,36,80,37,31,43,82,93,71,69,51,73,53,13
605,1.3695580029525445,0,20,21,55,69,95,15,71,53,90,93,1,43,96,11,72,73,32,4,10,33,77,17,13,89,36,48,99,84,37,22,75,64,29,38,8,39,58,92,54,23,61,47,2,42,86,40,25,14,79,50,60,70,91,51,56,19,62,16,44,57,31,30,12,88,81,80,83,67,24,5,35,74,6,76,9,27,82,59,98,41,87,3,97,45,18,28,52,66,78,7,94,85,68,65,49,63,46,26,34
606,1.5853220023855101,0,5,61,3,21,48,2,91,50,38,96,41,31,35,70,44,20,26,79,52,74,1,77,28,95,59,80,8,23,62,67,88,46,75,60,55,16,58,66,33,56,97,93,86,85,51,17,37,82,27,78,64,13,15,24,87,22,42,45,40,84,81,4,98,34,90,76,18,99,94,47,12,19,11,73,30,63,14,49,6,53,72,68,83,10,57,69,32,43,54,89,36,71,9,39,92,25,7,29,65
607,1.4543609948304947,0,91,53,70,16,25,98,5,34,6,82,2,85,3,94,62,42,37,79,88,44,92,36,20,17,56,58,46,1,73,65,28,33,78,63,18,38,24,80,23,99,89,60,72,7,69,35,96,77,97,90,61,86,11,67,83,9,19,26,8,75,31,12,29,39,10,21,84,41,22,13,27,81,74,68,76,48,49,71,30,54,95,14,55,87,66,43,64,4,50,40,32,59,52,47,45,93,51,15,57
608,1.635477999196155,0,52,11,61,26,91,81,25,95,64,84,21,59,29,55,72,57,28,12,68,22,51,71,67,99,3,16,4,14,48,65,90,86,97,18,46,85,47,7,33,54,41,20,8,19,10,53,94,62,89,98,30,40,82,69,96,77,35,39,23,73,9,75,88,27,34,78,45,37,15,43,70,60,83,38,50,1,17,56,80,32,74,24,66,13,63,93,49,36,5,31,92,58,87,79,44,42,2,6,76
609,1.7831620011129417,0,66,94,5,11,85,89,44,18,97,91,63,82,39,99,12,29,79,35,81,26,9,34,76,17,3,69,6,59,67,10,20,73,41,83,78,80,37,90,84,28,14,74,54,56,65,19,16,87,95,1,33,49,48,75,98,88,60,46,58,4,86,36,45,40,7,52,68,71,30,22,2,13,96,25,42,43,50,32,62,93,38,55,64,61,77,31,21,57,53,27,23,47,8,70,24,92,51,15,72
610,1.7311889878183138,0,55,28,40,10,18,71,75,57,81,93,8,9,64,26,37,11,59,21,73,12,69,49,50,35,15,56,36,70,54,16,34,89,43,74,46,92,97,67,87,31,45,25,2,33,17,79,94,39,24,60,83,42,4,85,53,1,80,52,14,20,77,58,95,38,48,7,68,41,22,96,27,90,72,82,88,62,29,63,23,91,66,13,44,99,86,51,6,47,30,5,19,3,65,84,98,32,78,76,61
611,1.603057997439464,0,75,22,45,1,17,96,13,44,50,51,3,49,33,47,83,8,67,77,15,65,37,10,99,69,54,25,62,30,29,94,80,21,24,2,26,93,28,97,86,42,20,76,43,82,98,56,27,91,71,88,89,57,38,36,85,58,4,74,52,40,18,95,48,32,9,64,61,84,34,14,23,12,66,81,63,79,60,53,41,55,78,39,59,90,70,35,16,87,92,73,11,72,7,5,19,68,6,46,31
612,1.4185739873937564,0,41,75,13,64,5,23,69,65,88,82,56,32,6,78,48,72,58,57,63,53,51,24,33,22,38,11,4,74,31,79,27,37,17,8,60,50,44,7,73,40,16,25,94,87,28,19,81,43,96,9,10,84,59,95,39,46,18,76,98,67,2,71,15,80,47,36,61,99,34,35,93,97,12,3,20,83,85,68,62,90,55,91,29,86,42,52,21,26,66,49,1,77,54,92,45,70,14,89,30
613,1.3431140046886867,0,25,36,50,45,90,93,1,68,6,92,73,56,74,42,97,13,37,49,43,11,95,14,17,67,31,18,66,3,82,33,41,29,53,86,16,54,76,34,75,77,46,8,35,28,59,52,72,9,64,27,83,12,48,87,55,4,44,63,81,26,98,32,40,88,91,85,22,23,58,7,60,21,62,80,71,39,10,51,61,15,38,69,99,78,94,47,89,19,84,57,70,24,65,20,79,30,2,96,5
614,1.6858179958289838,0,36,65,75,26,73,39,18,7,89,43,92,45,6,79,28,38,70,24,17,96,54,37,31,44,67,91,90,99,14,93,29,33,2,61,82,32,3,19,5,85,60,47,87,56,12,80,58,25,13,42,11,9,16,69,10,46,20,52,76,34,74,40,63,81,30,64,86,55,59,68,83,21,22,27,72,1,15,8,62,66,35,4,53,77,41,71,97,88,78,49,23,94,57,98,48,51,50,84,95
615,1.526479996740818,0,35,22,65,49,24,89,4,72,78,95,92,25,87,55,45,21,85,36,71,88,31,63,58,80,12,13,84,14,51,86,99,93,52,28,67,48,62,50,91,94,57,34,74,16,39,26,96,47,42,38,76,82,64,68,23,54,41,97,11,33,46,19,56,61,40,66,18,60,29,17,69,3,59,83,79,20,2,81,43,75,32,44,8,77,15,9,53,30,90,10,98,27,1,7,6,73,37,70,5
616,1.652847985860717,0,99,92,17,82,49,45,65,61,76,53,77,88,51,91,22,4,14,15,39,96,6,19,38,95,41,72,47,36,16,90,73,94,87,27,74,30,80,44,32,54,64,3,13,55,84,52,29,1,33,18,86,48,25,9,7,60,85,26,11,57,97,83,79,69,31,43,28,89,50,75,70,46,62,12,21,81,98,42,71,37,35,56,59,63,20,24,23,2,40,66,34,5,78,10,8,58,67,68,93
617,1.6281299997936003,0,64,77,68,23,39,20,73,46,72,78,74,66,27,41,24,14,35,51,48,9,7,99,38,90,54,59,31,21,25,81,28,47,17,85,4,62,49,11,91,75,36,61,53,2,76,40,69,94,19,60,26,96,30,1,65,34,56,98,82,22,84,45,55,97,12,44,83,58,15,89,8,13,16,10,70,63,33,93,67,92,71,3,18,5,50,88,6,32,43,29,37,80,79,86,52,57,95,87,42
618,1.5420519914769102,0,4,47,1,37,46,27,80,40,44,92,60,56,6,67,16,97,34,8,25,73,26,50,55,15,70,5,19,10,75,45,65,35,77,51,63,20,88,12,42,84,81,94,54,11,36,43,7,31,78,61,30,62,90,86,82,52,24,64,13,39,68,99,58,23,33,49,17,76,57,89,41,74,69,66,71,3,22,87,59,96,29,18,28,2,21,95,83,91,48,98,72,9,32,79,38,85,93,53,14
619,1.721939992319676,0,21,42,12,48,87,96,26,73,45,8,60,82,68,19,58,5,28,1,3,50,80,13,14,2,77,25,98,33,27,43,83,92,41,51,54,49,78,24,72,31,59,71,84,95,6,99,23,93,52,40,30,75,47,62,11,64,44,79,32,67,20,22,18,88,86,7,97,69,38,16,74,91,35,55,66,15,56,81,10,39,9,53,94,76,57,61,34,65,70,37,46,89,85,4,36,90,17,29,63
620,1.603472001585942,0,94,55,81,19,61,70,86,31,33,4,40,56,27,93,44,73,36,23,99,38,39,43,48,89,25,90,64,84,34,20,91,62,35,58,77,97,85,26,28,78,53,68,15,37,52,72,10,3,82,74,21,8,42,50,17,92,13,98,71,14,5,46,79,76,75,80,16,45,2,1,47,54,32,88,65,59,63,29,67,9,66,87,96,7,18,11,95,57,60,6,22,30,83,41,49,24,12,51,69
621,1.3145519970858004,0,30,10,34,47,20,98,87,84,22,63,81,89,14,66,54,88,1,23,62,32,60,36,3,33,38,46,29,68,35,45,57,78,37,25,70,95,65,61,16,80,83,67,69,74,28,24,17,96,85,51,8,27,9,31,93,72,64,97,48,82,39,26,90,76,50,7,5,19,40,4,42,2,11,77,44,21,58,52,99,55,56,79,13,59,86,94,92,71,75,12,15,53,43,73,49,91,18,41,6
622,1.704210001975298,0,27,23,1,83,78,9,3,55,92,30,68,18,34,31,97,49,24,40,90,84,6,20,36,72,57,35,54,98,81,52,16,32,96,88,70,45,10,85,41,64,26,43,8,44,15,60,69,59,73,19,11,82,4,51,63,42,37,87,17,22,58,38,47,80,29,89,21,93,77,67,66,7,71,25,48,2,12,62,50,14,76,53,28,56,91,75,13,86,79,65,39,95,99,33,46,74,94,5,61
623,1.677809999571764,0,49,5,72,85,91,67,29,22,13,59,79,90,82,70,2,99,50,65,61,10,69,66,44,47,9,37,94,77,80,54,42,63,56,1,87,98,64,83,84,7,38,28,39,4,46,20,57,8,41,23,3,68,43,40,32,86,27,18,81,24,19,62,33,11,14,75,25,53,15,34,26,17,97,35,48,73,71,96,12,88,16,6,78,55,60,74,31,58,30,36,95,89,92,51,76,45,93,21,52
624,1.5228630010678899,0,98,56,32,26,40,17,65,2,80,70,88,43,25,50,72,53,22,49,29,19,20,39,76,7,12,18,36,9,14,89,21,61,41,15,38,62,59,91,30,77,48,95,60,90,83,10,23,81,51,82,57,79,35,87,63,55,33,69,75,74,85,5,6,37,24,99,45,47,96,1,66,58,97,34,27,3,71,67,16,46,42,73,68,44,78,4,11,84,86,13,31,28,92,52,64,94,93,8,54
625,1.37439699242168,0,39,56,34,21,47,59,83,55,62,32,17,94,87,92,77,65,96,66,18,74,54,6,43,71,27,57,7,53,2,48,67,13,58,81,88,69,11,37,68,36,40,97,42,31,98,4,99,19,86,26,12,30,90,50,3,70,24,80,38,46,23,89,41,35,5,45,85,73,79,49,28,8,33,75,51,93,44,10,91,22,1,95,9,16,63,15,82,29,52,14,25,64,61,72,60,84,20,76,78
626,1.6705360016567283,0,31,64,48,24,38,21,51,22,50,40,95,83,20,5,69,88,57,73,98,84,16,4,17,13,99,28,47,18,2,41,10,68,34,71,54,56,93,46,26,76,33,14,8,59,55,1,32,81,29,86,77,7,37,42,72,43,78,82,80,15,19,36,96,39,44,70,53,94,74,9,61,67,12,25,97,75,60,63,65,6,92,45,30,11,23,79,89,35,66,58,62,90,52,85,87,91,49,3,27
627,1.486038998060394,0,1,35,83,15,78,38,23,79,58,20,76,24,45,96,48,2,11,36,18,98,77,49,51,62,65,71,55,88,27,59,43,72,75,69,60,95,97,13,66,5,87,28,12,63,54,40,41,84,17,33,4,8,74,30,10,64,47,25,70,31,22,32,42,73,91,89,6,3,67,61,56,16,34,37,94,21,86,44,29,82,50,9,46,14,85,52,39,81,68,90,99,92,53,7,19,93,26,57,80
628,1.519919001200833,0,72,55,64,35,62,71,65,39,4,75,38,69,8,66,91,53,51,16,3,44,32,46,93,54,84,76,99,68,56,52,74,86,13,41,79,63,47,11,29,23,9,18,5,36,22,30,12,83,26,73,28,21,70,90,48,33,82,24,2,27,37,50,59,81,97,88,98,61,92,20,43,87,58,25,77,40,49,34,85,45,57,80,67,42,10,1,31,94,6,15,95,96,14,60,89,78,17,19,7
629,1.4153479979431722,0,95,56,57,55,34,77,96,4,3,2,64,71,81,91,21,37,68,31,8,51,33,97,88,15,63,17,87,58,98,9,79,80,76,83,84,12,28,13,46,82,30,53,24,7,6,29,22,32,62,25,93,94,60,48,35,65,23,43,72,40,1,50,41,16,89,92,69,42,20,67,44,78,49,85,10,66,27,19,26,47,86,39,54,99,38,11,14,70,36,59,45,61,75,73,90,18,52,74,5
630,1.3163459971692646,0,41,65,32,76,64,40,88,23,75,54,2,21,94,73,33,68,34,9,38,66,72,53,96,18,56,24,29,69,16,60,48,15,30,84,7,50,36,63,22,46,83,19,1,91,97,39,99,43,87,26,28,45,80,67,31,42,44,95,81,11,51,37,20,25,3,59,70,14,90,85,10,17,82,98,86,77,27,49,47,35,74,12,52,71,4,5,61,8,58,78,92,79,6,57,62,89,93,13,55
631,1.5953080036397296,0,39,36,32,9,76,66,93,87,37,68,74,78,14,75,11,86,26,29,98,59,51,15,79,34,2,54,97,77,7,45,46,67,3,82,89,55,4,23,35,16,18,60,31,22,49,83,43,81,8,80,88,33,41,57,94,25,69,19,10,30,73,48,72,96,85,61,91,92,71,56,65,17,5,13,21,42,99,38,44,84,63,70,28,62,52,40,95,12,24,50,64,1,20,90,58,47,53,27,6
632,1.557508987948495,0,83,54,95,43,49,81,80,37,21,71,27,97,40,42,90,16,11,39,8,78,91,14,65,57,99,58,20,33,47,17,76,93,53,60,77,22,24,46,75,36,55,23,44,41,25,34,68,29,85,84,86,98,87,82,35,79,38,64,6,94,52,2,4,72,7,3,9,73,13,18,59,26,15,31,50,66,69,88,62,89,45,51,74,56,1,48,28,96,70,10,12,63,30,92,32,19,61,67,5
633,1.6908710048883222,0,82,95,74,32,24,41,99,6,89,68,62,72,2,57,64,52,66,50,38,44,48,19,29,53,69,8,87,27,42,12,58,34,15,3,28,51,60,9,65,36,83,71,94,70,20,1,79,49,97,25,86,91,4,46,43,90,37,7,22,23,77,56,5,11,84,80,30,13,59,96,31,26,63,18,93,85,76,10,75,55,35,73,98,81,45,92,47,78,54,33,39,17,67,14,88,40,16,21,61
634,1.7627889968280215,0,21,16,57,66,49,30,79,77,45,54,68,23,83,32,31,39,2,43,91,94,60,58,8,38,75,56,95,86,11,99,7,6,25,80,90,98,64,70,63,93,51,17,53,33,67,19,37,81,59,14,5,48,97,22,52,78,40,24,88,41,85,71,92,96,3,28,44,82,36,76,34,20,9,18,84,47,69,10,46,26,61,12,42,55,89,35,29,87,74,1,13,65,4,27,50,15,73,62,72
635,1.900111003225902,0,98,82,58,50,22,60,24,19,76,99,38,93,92,62,35,55,3,57,74,83,95,43,10,8,89,14,12,91,13,25,72,70,66,53,5,51,75,54,61,36,29,87,2,97,44,85,37,32,40,11,56,39,68,45,96,69,1,20,34,4,17,42,33,63,64,71,23,18,30,78,16,88,77,59,65,52,28,9,73,15,80,48,86,7,31,6,21,26,47,67,94,41,84,79,49,90,27,81,46
636,1.4247859877941664,0,11,14,81,1,7,10,92,74,48,32,9,84,68,42,19,67,99,44,59,20,24,33,89,26,69,95,82,3,65,12,57,54,76,6,61,38,60,77,35,18,58,64,71,22,79,27,34,51,88,70,53,86,56,28,78,87,5,40,41,37,73,43,90,93,8,66,2,21,72,46,13,62,39,98,91,85,23,80,25,29,15,17,96,31,36,83,45,30,63,49,75,47,94,55,4,50,97,16,52
637,1.5011709925020114,0,16,43,53,36,66,21,59,6,85,11,83,58,87,26,48,68,3,69,61,73,75,56,92,32,45,46,22,78,27,91,24,82,38,54,13,97,98,19,55,96,35,52,5,39,65,95,93,76,18,62,12,29,63,25,86,64,23,71,67,72,28,44,99,4,20,81,9,60,7,30,80,8,40,57,49,47,50,37,51,42,34,17,14,41,70,90,77,1,10,33,84,74,31,89,79,94,88,15,2
638,1.678207987890346,0,57,80,94,67,50,1,34,69,85,99,81,78,79,25,16,63,83,44,87,68,19,58,39,30,26,40,75,56,70,10,74,43,13,92,76,17,23,45,86,53,28,7,20,24,59,64,14,77,6,71,29,27,95,2,15,90,65,48,60,91,3,62,21,89,88,61,52,32,55,8,33,98,47,18,66,84,49,5,93,54,42,35,51,41,97,31,38,4,37,36,12,82,9,73,22,11,72,96,46
639,1.7576319865183905,0,72,16,46,60,34,23,35,99,24,9,67,57,30,49,75,41,92,48,32,76,39,12,29,59,25,22,62,64,70,68,80,7,66,14,83,15,93,54,37,3,1,85,74,11,94,86,82,63,69,5,61,96,65,45,87,73,98,31,38,19,26,17,33,55,50,58,2,84,79,47,77,13,4,43,27,53,56,89,42,81,88,95,90,44,6,36,97,40,52,21,51,91,78,71,10,28,18,8,20
640,1.3969659964932362,0,9,62,39,98,89,12,82,70,51,45,31,23,52,83,47,8,56,57,54,18,24,61,19,25,73,66,22,79,28,53,63,80,67,76,92,75,15,26,34,78,36,69,86,65,85,87,91,77,21,5,30,13,20,11,14,4,71,2,32,64,90,55,97,93,37,16,44,41,96,42,43,74,6,95,38,59,50,17,10,68,72,88,33,35,27,99,58,40,29,1,94,60,84,49,48,46,7,81,3
641,1.6561230011284351,0,66,20,10,76,14,16,7,99,55,83,8,37,69,88,78,65,9,4,67,68,97,23,86,51,82,91,81,95,26,19,57,85,89,52,50,24,39,93,98,42,2,45,77,25,27,40,48,92,38,31,58,22,73,75,1,3,59,64,17,54,62,53,36,13,96,90,29,43,28,63,44,5,60,34,41,84,32,47,35,15,33,46,94,49,18,79,12,70,80,72,11,71,21,6,30,87,61,74,56
642,1.500941998707276,0,94,38,80,79,23,45,64,2,29,87,76,78,41,81,70,67,20,46,82,4,40,11,37,68,10,5,63,66,39,54,69,58,60,31,77,22,8,83,84,85,24,75,93,13,6,92,43,30,71,91,86,56,44,61,18,3,48,9,1,97,27,26,52,36,98,90,21,57,28,51,72,55,59,99,16,96,89,15,33,49,50,34,35,74,53,19,7,25,17,95,88,14,42,65,47,32,62,12,73
643,1.3937729954195675,0,59,6,24,87,74,15,96,35,98,45,58,67,9,11,91,18,73,64,81,63,17,21,42,32,56,93,79,52,77,50,19,92,78,7,10,34,12,57,5,86,75,47,80,89,62,28,2,53,30,66,23,14,39,82,8,46,90,16,76,95,31,54,20,68,13,1,41,26,33,69,85,29,88,55,48,40,38,25,37,49,72,43,4,97,3,70,84,99,60,36,83,61,51,65,71,22,44,94,27
644,1.6708179927518358,0,42,71,21,81,43,91,28,99,33,7,47,22,9,55,75,20,23,35,59,50,64,76,87,40,24,96,27,79,74,92,13,3,90,98,56,37,68,49,11,19,41,29,45,65,72,95,73,15,83,86,69,16,97,85,1,58,67,77,62,54,30,4,44,51,32,93,25,6,70,17,66,52,53,48,38,5,2,10,57,80,18,61,88,8,63,60,84,94,14,78,39,31,89,36,82,12,34,46,26
645,1.4887889934470877,0,25,44,58,41,14,90,20,81,51,67,66,28,84,63,31,29,89,22,72,11,53,94,37,48,33,62,46,39,38,59,70,80,68,26,3,45,1,91,34,12,54,23,18,8,97,98,86,96,9,35,71,95,17,73,83,27,82,24,43,69,77,6,21,79,56,57,49,32,36,55,40,87,42,19,4,61,92,15,64,30,65,99,7,93,78,16,85,2,5,76,60,52,47,88,74,10,13,50,75
646,1.4630889985455724,0,57,82,52,49,20,88,15,21,46,87,7,17,37,96,90,68,60,98,83,45,9,8,23,92,67,74,72,76,64,42,12,40,48,1,91,24,5,66,10,65,79,78,75,63,59,54,36,97,16,56,58,32,29,3,39,28,6,86,50,19,41,80,61,70,25,43,77,34,93,44,73,33,11,85,31,35,55,4,13,51,38,62,81,69,2,94,30,71,14,27,26,89,53,47,18,95,99,22,84
647,1.7345229853817727,0,27,50,13,3,98,18,84,35,10,64,24,4,80,91,85,68,8,86,19,32,83,45,44,11,87,95,25,53,94,39,9,57,76,7,93,38,34,60,90,62,43,28,88,70,46,23,99,65,63,59,37,71,2,69,73,78,82,81,36,22,41,51,56,97,96,72,33,58,74,66,79,29,92,5,48,30,6,75,42,89,61,54,12,16,14,40,31,52,67,17,47,55,77,1,21,26,20,49,15
648,1.4849900019544293,0,9,85,34,88,35,11,12,77,94,14,87,5,78,82,26,61,41,90,66,53,71,31,8,24,17,95,28,60,19,32,98,74,69,59,47,84,42,25,51,67,92,65,50,22,49,45,57,27,2,91,10,81,89,3,6,39,43,72,13,55,97,44,58,18,80,75,30,54,29,37,99,56,15,86,83,40,93,38,52,79,96,20,36,33,64,16,48,73,68,70,63,7,76,23,46,62,21,1,4
649,1.3709449925590889,0,2,6,5,32,11,45,90,78,68,26,98,34,19,46,27,85,40,14,28,55,48,23,49,43,65,44,15,58,20,25,42,62,22,52,76,79,39,61,91,29,12,24,21,87,50,59,99,47,17,10,77,54,18,37,3,63,69,31,97,88,7,81,95,66,82,75,36,96,1,80,92,8,56,38,53,9,16,4,33,94,51,60,30,67,93,71,89,83,72,57,74,86,41,13,35,70,64,84,73
650,1.5278399863964296,0,9,49,62,97,16,3,88,80,57,58,94,23,63,68,56,52,72,17,91,24,78,82,2,38,28,47,86,45,90,22,12,11,43,79,13,30,48,40,99,61,33,67,84,46,71,51,65,4,66,21,64,93,41,92,29,14,95,75,32,5,42,26,77,96,55,36,73,37,8,74,83,54,10,87,60,34,70,81,89,27,53,76,35,44,6,19,25,20,7,18,69,1,31,85,59,50,39,15,98
651,1.7207079929794418,0,47,51,15,7,13,48,76,37,23,6,45,34,4,36,20,19,62,54,77,35,14,98,79,93,85,30,43,17,95,74,60,78,84,91,18,71,26,96,97,32,39,2,80,29,12,9,53,82,24,50,8,87,21,70,25,44,33,83,56,81,61,42,31,46,88,49,65,94,5,99,38,55,28,75,90,66,64,41,92,68,67,63,27,1,22,11,52,86,73,89,58,40,10,59,57,72,16,3,69
652,1.5635819907111,0,90,38,30,98,59,50,41,54,35,19,22,28,52,8,24,34,65,23,31,13,57,39,1,70,77,71,56,48,96,64,76,99,40,94,66,55,33,12,49,92,21,46,14,43,95,27,11,6,37,58,60,79,53,42,68,45,9,78,4,2,84,63,44,7,81,61,83,88,26,36,91,86,51,3,69,62,5,82,10,75,18,32,20,29,87,97,73,85,17,67,72,16,80,93,47,25,89,74,15
653,1.6198419980937615,0,8,25,67,23,46,54,50,30,78,58,48,66,76,37,56,69,71,72,95,32,36,70,87,31,3,62,29,18,45,38,84,21,14,10,47,2,63,26,82,4,92,80,6,15,81,11,35,43,51,68,7,99,75,73,65,16,98,57,74,27,52,44,42,55,34,28,77,96,49,85,79,86,61,17,22,53,40,91,83,60,41,93,5,13,39,90,88,12,59,94,24,89,9,33,1,97,20,64,19
654,1.4707659928535577,0,7,87,77,20,56,83,73,36,30,55,63,52,60,74,17,90,85,71,27,95,64,53,65,26,8,82,45,48,12,14,58,40,34,54,88,67,32,38,4,41,28,75,46,47,76,97,21,42,18,84,3,68,81,37,93,44,72,92,23,78,86,79,29,15,24,96,11,50,91,13,1,2,89,94,19,62,49,69,33,16,43,99,59,6,22,66,35,98,10,80,70,39,31,9,61,25,57,51,5
655,1.5577049936227922,0,17,98,65,78,1,56,45,74,77,86,6,62,24,91,46,96,31,49,7,71,14,48,82,13,39,4,38,12,3,33,29,61,32,44,95,27,37,99,36,9,90,66,94,54,55,10,80,93,72,2,84,8,67,60,69,76,41,52,23,87,85,43,40,26,58,79,53,89,22,16,25,5,28,88,70,57,73,64,11,81,34,35,21,97,30,42,18,50,63,15,47,92,19,51,68,83,20,59,75
656,1.5901830009315745,0,47,42,2,20,72,88,28,45,52,63,92,96,44,99,33,26,90,7,12,85,18,62,54,31,91,9,48,83,89,35,97,21,73,19,41,94,98,82,67,78,60,10,29,65,1,59,34,87,69,46,79,15,22,3,43,76,58,14,64,39,23,55,84,66,5,36,95,75,80,27,8,24,40,37,70,6,17,51,32,4,93,61,50,57,56,86,77,68,71,11,25,49,38,81,13,74,30,16,53
657,1.5702989964265726,0,28,16,29,97,39,42,72,61,63,48,1,24,85,14,54,30,80,76,7,58,94,21,69,18,47,20,27,26,64,73,77,93,53,17,79,92,81,15,8,70,83,49,66,60,23,10,98,86,96,43,74,12,75,46,31,84,65,36,68,2,59,88,9,4,40,56,51,32,91,82,89,44,25,37,13,55,52,62,6,35,38,3,33,71,67,22,41,99,50,95,5,57,11,19,45,87,90,34,78
658,1.8088709975781967,0,5,38,84,7,34,6,56,69,16,21,70,20,47,81,79,14,25,93,11,49,23,28,64,50,48,77,51,95,18,71,63,54,13,85,89,57,8,65,80,4,99,33,91,76,41,88,61,12,45,53,2,17,39,83,36,52,66,19,40,58,86,24,10,1,90,92,87,37,62,30,32,68,60,75,27,97,44,72,74,78,73,82,22,9,42,94,67,35,46,26,31,43,15,98,29,96,55,59,3
659,1.6275210054009221,0,75,62,98,57,34,53,61,2,16,83,79,77,12,19,48,49,99,44,39,8,15,6,88,14,3,13,85,45,38,28,54,91,94,29,80,50,90,27,46,68,84,35,40,56,78,93,72,11,17,74,51,87,26,33,63,1,47,20,24,59,70,86,23,41,32,71,43,69,65,92,60,73,76,95,21,96,31,9,52,10,18,64,4,36,97,67,55,89,66,42,37,58,22,25,82,7,30,81,5
660,1.5481179898197297,0,20,94,27,15,68,82,11,14,22,40,76,59,56,93,3,39,16,45,47,58,95,17,90,7,62,98,8,88,89,99,84,4,63,37,81,2,57,25,50,26,41,44,64,6,9,96,60,34,51,92,73,80,53,24,70,28,55,19,43,13,1,66,67,30,21,33,29,54,49,36,86,42,46,35,87,91,38,5,71,77,61,10,79,85,52,83,75,97,12,78,31,32,23,48,69,72,65,74,18
661,1.8105300026363693,0,23,42,15,84,2,32,26,45,62,35,53,34,10,58,18,8,55,24,86,98,94,29,96,69,19,39,61,6,67,59,87,41,9,44,7,28,33,78,49,16,5,47,80,90,57,3,12,52,93,66,74,1,22,37,40,36,70,76,63,60,54,20,25,88,21,95,89,46,68,13,77,65,71,85,97,14,17,48,43,99,30,50,82,73,81,4,91,79,38,72,83,64,51,27,92,31,11,75,56
662,1.4924779911671067,0,48,7,53,5,71,19,74,68,76,37,88,58,92,13,32,36,35,95,49,51,27,46,1,65,23,86,73,81,47,89,64,93,75,2,17,66,91,24,18,56,29,98,33,55,96,45,70,61,60,63,30,16,80,94,8,31,57,52,85,25,97,79,14,69,4,3,38,15,50,21,39,83,28,90,87,10,59,22,43,72,99,6,42,67,20,77,12,26,78,34,62,82,44,84,11,9,40,54,41
663,1.4008519946946763,0,46,11,71,36,34,59,86,57,30,43,78,35,65,79,22,96,2,90,3,87,64,29,8,97,83,33,17,54,95,9,60,28,19,10,18,52,45,80,20,26,15,49,72,53,74,41,37,16,5,66,24,89,51,75,99,21,47,93,1,82,67,39,85,14,91,62,76,77,6,70,88,63,92,42,50,7,81,31,38,25,55,27,48,12,44,40,13,68,61,84,58,69,94,4,73,32,98,23,56
664,1.5801929872659457,0,88,52,71,8,65,74,47,9,60,77,7,95,92,85,67,78,90,98,64,87,97,10,76,20,22,13,5,43,91,61,31,80,56,59,89,12,37,17,35,48,19,82,30,40,55,57,49,46,18,81,33,29,86,3,93,62,84,15,36,14,42,53,54,99,2,24,44,66,6,25,50,75,94,21,27,26,69,23,73,1,63,58,34,28,39,41,4,68,16,45,51,32,38,11,72,96,70,83,79
665,1.603853997461556,0,42,6,99,4,76,75,31,17,91,30,68,69,94,80,88,14,71,40,97,87,36,33,10,22,7,35,23,51,54,57,9,89,41,81,43,34,53,47,67,38,60,20,52,55,85,93,70,83,79,74,45,65,82,25,21,84,27,16,46,66,3,11,8,24,73,63,95,44,77,39,90,49,12,18,37,19,92,98,13,5,78,64,62,32,72,29,26,50,96,86,59,2,48,1,15,56,28,58,61
666,1.4331040035176557,0,43,15,24,67,80,63,90,13,99,36,2,73,93,51,16,23,22,60,26,32,78,94,87,3,48,8,52,44,62,4,59,1,27,30,68,89,61,98,25,55,9,17,92,70,29,77,95,34,20,41,56,86,33,31,10,50,85,65,42,69,74,45,96,75,18,21,19,76,49,91,38,40,79,47,88,54,66,64,53,35,71,5,84,83,7,81,28,46,6,37,82,11,57,12,72,58,39,97,14
667,1.5929430020041764,0,35,41,86,69,47,36,79,84,87,77,16,96,28,13,75,43,29,8,62,61,12,90,72,11,34,98,60,9,42,67,19,46,76,65,92,88,5,7,48,1,57,97,49,30,10,54,59,18,3,51,27,6,26,99,39,82,66,31,33,56,94,24,83,71,89,73,2,68,37,17,93,14,70,40,91,63,4,58,44,21,38,80,52,81,85,23,50,22,15,53,55,20,78,95,64,74,25,45,32
668,1.4595919970961404,0,36,81,87,27,85,14,58,68,25,3,26,13,34,84,31,22,61,98,23,7,55,47,62,48,91,11,29,63,66,9,24,97,74,6,86,35,15,43,64,49,40,78,67,65,33,92,41,90,19,69,70,5,88,56,59,54,8,2,39,60,17,89,21,12,75,50,95,18,28,73,16,79,71,94,38,10,46,96,76,77,53,93,45,52,42,37,4,32,44,72,30,20,99,57,1,83,51,82,80
669,1.4280139957554638,0,35,1,42,69,65,74,21,87,66,53,12,33,43,3,48,45,10,88,94,71,63,19,59,78,58,77,31,2,9,62,29,46,20,86,57,83,14,44,93,82,70,7,67,47,68,40,91,61,64,81,24,56,50,30,92,17,49,23,85,16,90,75,32,5,6,36,72,79,55,18,39,98,34,26,99,37,11,97,15,51,52,4,13,22,60,27,96,80,89,95,76,73,38,25,28,41,84,54,8
670,1.5097499983385205,0,91,56,1,20,46,81,83,5,23,84,41,43,93,98,82,40,57,77,9,16,19,65,48,90,99,55,47,85,67,2,13,36,80,37,97,31,33,89,87,59,62,50,53,75,60,15,61,96,24,71,68,95,45,27,51,4,86,74,58,94,11,79,54,3,29,34,73,12,88,30,52,72,22,26,78,66,70,6,17,64,18,32,28,21,49,92,7,8,63,44,25,38,39,35,42,76,10,14,69
671,1.6044919933774509,0,27,66,70,19,43,34,10,59,62,60,91,56,1,55,17,76,80,48,65,26,77,35,61,90,5,22,28,83,44,89,13,41,82,47,45,12,84,92,15,81,21,18,39,23,40,50,51,29,9,49,4,69,31,24,14,36,25,16,87,98,68,8,93,99,58,57,73,11,3,63,38,37,75,71,79,72,78,52,42,20,88,94,2,54,67,53,7,96,74,85,30,33,86,46,64,95,6,97,32
672,1.3937939966708655,0,91,13,85,44,26,9,74,62,89,82,6,87,76,30,10,60,17,52,58,54,99,7,19,22,21,24,59,66,88,43,80,75,33,98,11,40,86,18,20,28,70,27,78,93,16,95,8,1,36,63,29,31,71,55,92,4,79,12,51,45,53,72,90,83,35,46,67,23,5,65,56,2,32,49,39,84,97,38,48,81,15,3,94,34,73,37,42,50,41,68,64,25,47,69,61,77,96,57,14
673,1.5350109941209666,0,5,82,80,63,30,29,46,59,17,34,91,20,83,24,37,70,52,44,1,22,26,65,12,45,94,47,35,73,54,27,43,18,33,86,90,41,93,51,32,13,21,48,40,69,31,16,96,87,95,10,58,11,61,79,28,56,2,55,6,8,53,39,60,68,97,81,92,14,98,89,71,57,49,4,85,25,78,74,88,42,50,62,99,19,77,3,15,84,76,64,36,67,75,7,9,72,38,23,66
674,1.634379996361531,0,22,96,58,9,38,19,36,94,98,64,80,69,26,20,72,70,99,56,24,91,61,93,52,50,73,34,39,74,79,21,89,97,4,54,78,8,15,41,37,47,83,30,66,17,45,51,5,77,90,25,67,84,29,2,76,82,14,86,27,75,60,85,18,55,81,57,62,10,3,32,11,23,42,53,48,88,28,16,6,46,68,63,13,87,1,65,44,35,95,31,12,43,33,92,71,49,59,7,40
675,1.4130979924157145,0,30,37,95,22,41,43,39,57,86,26,20,51,65,49,12,2,67,1,34,24,72,90,62,88,4,61,18,44,5,52,23,25,33,8,83,55,54,56,50,11,80,21,36,97,53,73,89,6,98,69,13,59,46,91,15,10,82,29,96,28,85,35,78,14,77,31,75,87,71,74,58,76,66,79,19,27,42,47,92,63,7,45,70,94,32,60,99,48,93,81,3,40,68,84,17,16,64,38,9
676,1.3769119891512673,0,55,85,37,96,71,35,38,73,56,17,39,24,6,11,29,9,58,43,18,49,89,41,68,57,42,81,30,47,36,21,10,23,90,59,31,60,15,44,88,12,98,5,62,52,48,77,79,34,25,63,82,3,78,86,19,83,99,51,7,20,16,69,13,65,14,22,67,32,75,1,26,53,28,84,94,91,74,8,66,40,46,92,45,2,61,95,93,70,33,80,97,54,72,64,76,50,4,87,27
677,1.6954969837752287,0,19,42,35,28,86,48,97,99,8,57,58,84,89,7,13,85,69,76,37,83,96,68,82,30,79,98,55,31,32,33,17,18,90,60,1,62,44,72,23,93,12,3,94,49,77,20,15,91,5,50,45,95,63,25,87,9,2,34,66,38,78,6,74,16,71,29,80,27,46,26,10,47,40,4,70,53,92,39,24,14,67,75,73,36,43,65,22,51,56,21,61,11,41,81,59,54,64,88,52
678,1.5072079908568412,0,32,57,10,54,50,5,45,99,87,14,82,36,94,63,30,40,78,48,1,83,71,81,62,38,90,15,17,72,68,22,28,20,77,53,59,25,33,60,80,2,4,44,47,31,46,27,49,73,16,86,95,91,37,65,35,97,93,92,41,79,24,6,29,52,89,34,56,66,69,64,58,61,39,55,67,23,13,8,74,7,84,70,76,18,51,3,21,12,75,85,98,26,43,9,19,88,96,42,11
679,1.6783089953605668,0,73,13,27,87,1,46,98,53,51,82,30,90,74,34,86,11,93,4,88,65,91,25,3,79,69,41,12,66,18,7,37,56,17,24,92,42,72,76,35,9,96,99,70,61,39,2,80,59,62,75,14,71,22,23,63,54,85,36,81,67,28,5,77,21,20,33,10,47,78,32,6,58,84,38,8,95,16,48,19,55,26,68,94,57,52,97,50,83,44,43,89,60,64,49,45,29,31,15,40
680,1.3300730035407469,0,19,6,95,65,90,24,1,49,11,52,14,10,28,32,12,51,89,83,81,85,66,55,96,17,23,88,87,53,86,56,7,98,75,34,15,99,36,80,33,40,2,38,78,69,47,29,94,46,45,20,3,39,4,5,22,72,9,48,76,16,63,61,26,44,43,64,18,60,91,13,70,77,27,97,68,93,74,79,31,42,73,54,30,92,41,59,50,58,82,25,21,8,84,62,37,57,35,67,71
681,1.6826240037553362,0,94,19,26,52,57,4,22,54,70,3,18,87,59,38,40,67,39,21,81,16,1,31,49,71,33,61,20,6,7,25,75,88,44,46,15,78,28,53,8,64,62,43,96,51,55,14,12,90,92,85,17,9,37,82,79,36,23,72,69,77,2,56,34,84,76,95,42,63,45,99,68,98,35,86,91,27,50,89,47,11,66,83,74,73,10,93,97,41,24,5,60,30,48,32,58,65,13,29,80
682,1.5135119892074727,0,80,27,79,71,23,47,58,18,93,17,98,25,41,6,16,85,82,81,62,86,4,88,97,59,95,66,75,94,40,26,37,11,61,38,3,70,69,13,8,22,28,91,50,24,73,14,56,84,52,42,92,34,2,87,96,31,7,54,10,99,74,45,20,43,77,1,21,39,19,57,30,15,90,9,60,46,48,72,33,63,55,64,89,53,67,12,65,32,51,5,35,78,36,44,49,68,29,83,76
683,1.5915920015686424,0,11,21,91,24,40,89,83,20,75,79,37,31,23,29,32,73,8,98,59,84,62,85,66,41,6,34,74,97,12,43,86,56,55,60,13,90,64,19,42,68,93,88,7,69,35,28,76,78,25,87,9,67,36,61,26,27,94,80,38,45,44,46,53,52,22,65,96,70,63,50,30,49,77,82,18,48,81,47,2,3,1,72,71,33,17,39,16,51,95,4,14,10,5,15,57,58,92,99,54
684,1.6992859906386002,0,67,85,24,89,82,72,56,25,34,94,28,95,4,6,79,69,80,55,26,43,29,48,16,32,45,31,1,74,57,64,30,92,14,75,62,70,17,7,21,9,20,46,59,52,96,39,40,33,50,71,81,18,99,90,15,22,66,53,12,60,73,83,76,49,47,77,11,27,93,78,54,61,3,19,42,37,5,51,63,8,84,86,38,35,10,44,36,41,65,88,87,23,13,68,91,58,98,97,2
685,1.4950069959450047,0,67,19,83,57,82,64,3,85,87,47,26,36,2,38,88,27,90,52,12,96,76,65,79,97,91,72,78,37,99,60,18,75,46,14,58,77,84,9,1,40,61,39,55,98,8,17,4,56,30,54,94,23,32,28,48,74,7,6,50,59,31,22,44,53,81,21,11,70,92,45,51,29,13,86,10,62,68,20,42,69,34,93,16,25,49,41,24,5,71,15,33,89,73,66,43,63,35,95,80
686,1.5799309914727928,0,84,19,56,82,4,43,33,5,55,87,44,27,73,74,41,7,37,23,9,92,64,21,40,17,83,18,58,6,49,24,46,96,89,72,8,22,10,16,67,85,32,13,1,51,11,20,77,47,50,12,35,54,99,3,57,38,25,30,88,31,71,15,66,59,34,79,81,36,80,68,2,78,53,45,61,14,48,39,70,62,86,98,90,63,75,26,29,91,76,28,69,94,42,52,65,95,97,60,93
687,1.4957339969478198,0,47,72,38,89,54,91,52,67,82,64,28,20,4,8,41,3,40,44,31,35,92,26,74,71,36,68,49,18,6,56,32,87,69,76,15,45,48,75,55,60,93,90,73,7,95,77,88,13,81,97,33,51,84,83,42,63,57,5,61,37,66,1,86,78,21,34,19,53,65,30,94,98,79,27,85,24,80,43,9,17,46,16,11,2,12,99,62,58,39,70,96,23,50,10,29,59,25,14,22
688,1.6496529991868556,0,73,59,61,76,51,45,23,32,97,43,58,7,90,22,93,79,36,78,21,63,83,44,17,25,47,69,12,40,20,66,64,74,11,81,75,24,29,84,96,39,10,55,88,49,72,67,26,92,42,16,99,87,3,60,50,30,54,65,70,14,52,37,95,15,91,89,80,71,41,33,27,38,48,31,82,34,85,9,62,98,77,53,4,68,46,35,18,56,57,5,6,13,19,1,2,94,28,86,8
689,1.594550000543677,0,16,78,45,90,85,58,35,69,1,12,54,51,79,88,80,27,19,53,6,39,91,33,65,82,63,15,46,25,14,75,71,84,32,10,5,40,74,7,61,23,20,31,73,59,67,11,8,64,98,29,38,52,13,70,18,77,57,47,26,95,83,94,42,97,3,43,34,49,96,2,24,66,50,44,68,60,48,92,21,41,76,30,22,87,72,36,56,62,4,86,93,17,55,37,28,9,89,99,81
690,1.5736839839446475,0,59,83,81,13,64,46,80,10,96,14,50,37,19,93,34,94,61,97,20,21,73,77,26,40,17,3,52,47,56,89,45,62,5,15,65,41,74,54,42,12,38,51,31,8,29,55,35,36,33,85,88,86,63,30,43,53,39,57,23,25,49,48,98,72,4,67,2,66,78,58,11,68,99,90,24,92,76,69,44,75,16,71,82,27,18,84,70,32,22,79,91,7,1,28,6,95,60,87,9
691,1.5497369885756598,0,96,43,30,80,81,93,21,32,98,41,31,45,89,47,2,87,39,35,19,79,99,37,75,62,59,26,3,71,33,18,66,55,38,14,28,60,51,82,20,53,72,83,42,64,90,97,73,91,22,77,52,69,57,78,24,12,9,46,94,4,84,15,23,76,17,92,56,63,54,5,8,65,58,88,10,6,49,86,25,50,61,27,11,34,13,40,70,7,68,36,1,16,74,85,95,67,44,48,29
692,1.5464119956595823,0,93,29,12,98,35,16,20,96,27,25,86,11,2,78,31,37,5,23,73,84,77,79,95,7,45,36,51,42,55,64,28,65,43,40,53,72,21,24,32,83,6,54,41,69,9,60,99,82,80,63,15,30,44,85,1,61,89,33,81,90,13,48,46,67,17,57,18,47,76,71,56,75,87,66,70,3,4,88,34,94,38,59,49,26,58,22,74,97,52,8,39,91,68,92,50,14,19,62,10
693,1.6993309797544498,0,25,71,34,1,93,85,18,11,37,97,24,31,53,35,49,39,55,28,20,17,41,81,15,13,47,75,83,22,48,2,66,54,8,61,60,57,21,23,90,10,86,65,3,84,91,96,95,64,50,16,87,12,89,72,92,58,67,9,19,51,46,78,94,14,63,68,4,82,27,32,69,56,80,26,42,77,43,6,30,44,70,38,59,7,88,40,36,45,76,98,5,33,62,73,52,99,79,29,74
694,1.7040619924737257,0,62,59,70,99,73,63,25,15,37,94,54,68,27,30,10,65,79,4,82,39,58,92,23,29,86,95,96,42,26,57,32,71,36,87,13,98,6,55,28,48,81,84,60,97,93,52,46,91,85,43,33,49,24,75,88,38,31,11,17,89,53,12,44,19,1,74,34,40,67,18,64,41,77,66,76,5,51,16,69,90,8,72,47,20,35,61,78,21,45,83,22,7,56,14,50,80,3,2,9
695,1.37680599745363,0,44,24,28,84,70,87,68,4,78,79,39,45,94,34,50,29,92,91,16,73,86,40,7,72,33,54,75,30,1,3,90,49,38,8,66,5,22,80,76,14,36,35,82,11,23,2,77,93,65,67,21,96,58,18,32,63,43,61,83,6,71,27,56,42,9,89,20,88,53,64,55,13,95,48,31,69,25,19,26,85,59,97,52,46,62,41,51,57,74,47,12,81,17,15,98,99,60,10,37
696,1.4482049875950906,0,39,45,58,11,37,15,18,41,50,83,6,70,94,14,81,90,78,20,35,88,76,40,9,92,80,38,66,79,2,69,23,21,51,22,7,16,71,62,19,67,64,53,44,55,33,49,42,28,96,82,91,47,43,25,93,8,56,61,87,31,98,26,29,73,4,13,36,89,32,34,12,1,84,63,27,68,77,75,54,86,3,30,57,95,99,59,10,60,74,65,72,46,5,52,97,48,85,24,17
697,1.6814619966717146,0,10,82,7,55,14,73,56,96,38,50,89,44,58,19,28,81,63,98,18,41,78,20,91,86,16,68,48,47,6,60,39,2,61,32,43,21,95,1,11,52,97,88,59,62,64,22,51,37,29,53,36,42,26,67,33,30,3,34,57,35,71,79,72,76,49,84,23,45,17,27,92,70,65,40,69,75,31,93,74,80,99,85,83,5,9,54,94,8,4,46,24,15,90,25,13,77,12,66,87
698,1.5687830032838974,0,92,3,4,79,13,90,76,43,36,35,82,45,37,12,51,56,16,89,60,10,48,38,88,31,81,84,19,33,93,55,49,9,63,26,58,98,97,30,96,74,68,17,5,85,39,71,6,67,23,80,46,70,94,28,99,32,54,29,44,40,95,47,25,65,21,59,18,69,7,78,66,64,75,72,14,52,61,20,41,8,1,62,22,53,57,15,24,11,2,27,77,86,91,87,73,50,83,34,42
699,1.4873329848051071,0,38,17,2,57,88,61,49,90,82,3,66,71,97,83,45,51,40,52,25,84,43,32,80,59,77,54,44,9,96,35,78,72,70,87,68,79,85,29,30,36,41,50,7,74,99,27,11,28,47,12,58,23,8,21,92,86,31,75,60,10,76,33,19,20,53,67,65,64,98,42,22,62,73,5,95,37,55,56,15,24,34,46,16,6,48,26,69,18,81,14,63,13,1,91,94,89,4,39,93
700,1.6350859876838513,0,10,5,50,58,2,34,94,77,83,92,44,18,39,85,97,80,21,60,67,38,68,71,20,28,98,76,55,62,70,3,48,73,1,89,41,90,6,59,4,32,36,64,51,35,25,13,53,42,11,43,86,91,82,9,78,15,33,14,30,24,79,26,27,40,57,29,52,22,19,47,61,54,65,63,81,8,96,46,66,93,69,87,75,12,74,88,31,49,17,45,72,95,23,99,84,37,7,16,56
701,1.532944990798569,0,63,17,61,1,43,78,16,46,60,90,52,69,44,27,24,56,15,36,76,74,47,5,45,85,10,39,62,94,86,75,70,50,11,95,4,18,82,34,41,58,6,81,28,3,84,37,80,35,83,33,32,20,88,97,25,77,42,30,99,7,66,38,98,8,31,26,91,19,55,53,54,9,51,67,21,92,68,14,73,79,49,71,13,48,64,89,72,22,29,23,87,65,96,57,93,59,2,40,12
702,1.7781300033675507,0,61,58,40,53,75,51,39,1,55,57,89,10,16,71,35,66,2,8,28,96,73,84,38,43,30,14,20,32,17,97,18,74,4,3,86,6,85,21,23,63,88,34,19,80,13,49,15,27,65,25,9,83,45,31,77,47,56,78,91,48,22,41,81,50,52,79,69,68,64,60,7,11,67,54,44,26,93,98,76,37,94,72,62,5,99,36,59,82,12,70,87,29,95,42,33,92,46,90,24
703,1.3898709926506854,0,79,64,33,37,40,70,15,94,54,4,16,20,24,67,13,96,86,44,61,52,9,49,78,82,59,6,2,87,35,23,5,21,92,63,51,30,80,62,56,3,41,11,19,47,18,75,65,48,93,99,32,36,66,25,46,72,77,29,39,14,76,95,71,42,85,26,81,57,60,97,58,28,91,22,83,98,90,89,53,43,68,10,69,50,1,45,55,7,27,31,34,74,88,73,38,17,12,8,84
704,1.439671998436097,0,89,38,53,58,37,68,55,28,1,72,16,45,48,23,71,99,12,78,6,57,42,34,21,73,11,87,90,84,67,2,4,50,5,26,43,41,81,33,59,54,14,9,31,66,30,98,44,86,32,85,52,46,36,18,39,96,64,7,19,29,10,20,62,70,91,13,93,40,3,80,88,74,17,8,94,65,83,60,24,69,97,27,51,56,35,22,92,75,15,49,76,61,47,63,82,77,25,95,79
705,1.3357599958835635,0,38,41,99,15,26,66,57,77,6,98,42,83,62,36,29,67,94,24,93,43,78,13,49,50,86,53,2,92,58,17,1,30,60,84,95,70,27,32,79,8,4,44,63,59,39,75,19,97,11,35,85,72,82,48,88,56,69,46,52,54,14,96,55,7,22,37,12,40,21,89,16,9,71,20,80,25,23,61,73,87,18,33,74,5,68,34,10,65,64,28,81,47,51,31,45,91,3,76,90
706,1.8268959951501529,0,99,9,26,25,96,35,52,39,6,19,2,36,12,37,76,85,11,3,86,72,78,45,92,34,74,56,20,15,1,31,77,16,4,95,82,93,91,87,80,61,46,29,28,8,79,38,33,69,40,67,83,48,58,88,42,89,59,41,10,5,50,60,18,81,21,94,23,30,24,66,27,49,54,13,98,32,71,97,90,75,62,43,22,65,63,17,57,44,55,7,14,64,68,73,70,47,53,51,84
707,1.6181110047618859,0,81,18,24,47,50,99,65,57,6,25,82,38,56,2,21,77,71,61,28,96,68,36,69,12,80,52,17,51,15,58,72,33,87,19,30,13,3,74,46,41,45,85,76,53,55,60,98,83,44,40,7,26,5,29,14,9,78,79,22,64,75,91,73,92,70,16,4,23,86,66,31,34,67,54,20,59,10,97,35,8,88,39,11,48,43,90,49,89,94,95,27,62,1,32,63,93,42,84,37
708,1.3571510026304168,0,26,20,41,93,46,52,1,19,74,82,63,81,85,44,25,96,49,91,31,39,57,60,13,48,34,89,97,14,4,32,42,66,78,53,88,30,8,3,22,36,95,12,76,79,84,71,40,6,33,58,55,47,94,11,51,68,77,73,75,2,38,86,87,59,50,23,29,67,5,9,7,27,18,62,37,10,21,92,28,70,98,43,69,15,56,16,72,54,90,24,35,83,45,17,64,61,80,99,65
709,1.6460639939832618,0,52,76,12,75,4,23,59,41,60,93,25,29,96,28,70,53,90,48,88,18,95,36,3,7,16,8,82,86,61,89,38,81,6,77,80,42,44,31,73,68,91,83,17,24,9,67,21,40,58,78,62,71,22,45,5,19,98,50,92,72,11,97,13,56,30,47,37,15,32,66,57,33,1,85,94,51,34,35,39,46,79,20,43,27,54,49,84,10,65,99,55,2,87,63,69,74,14,64,26
710,1.6057339949475136,0,64,6,53,9,78,56,39,18,30,84,23,1,57,55,25,20,49,91,43,98,68,45,5,29,76,37,87,60,86,24,77,82,3,19,7,50,79,32,22,88,48,14,2,97,33,92,75,93,90,74,10,96,12,51,42,38,94,70,27,61,34,59,16,36,72,85,62,83,67,71,11,80,63,65,46,69,21,73,81,4,31,28,8,54,41,35,26,89,47,52,99,58,95,40,66,15,17,13,44
711,1.5487639943894465,0,9,35,14,29,57,72,33,41,12,8,36,76,69,11,78,31,26,74,38,30,97,55,64,93,61,87,98,20,86,82,95,45,68,22,48,63,15,77,96,23,58,21,90,19,92,5,67,84,89,34,6,40,60,75,51,81,59,62,42,1,99,94,73,52,46,70,44,25,47,88,27,54,50,32,4,28,10,43,24,17,39,91,3,7,65,80,85,56,13,83,53,71,79,37,49,18,2,66,16
712,1.6003839930926915,0,82,13,68,33,77,94,29,51,95,2,75,35,21,64,36,65,26,91,17,15,8,60,58,46,83,55,63,39,34,28,56,3,89,40,30,31,88,69,87,38,7,9,52,24,22,1,42,10,14,92,25,45,73,85,50,18,78,72,81,97,57,11,53,67,74,76,66,98,93,12,62,20,54,71,32,6,16,49,43,80,70,48,44,96,37,86,79,27,19,23,61,84,90,4,5,59,47,41,99
713,1.6826430033979705,0,97,65,31,56,55,12,73,42,6,37,72,50,82,23,5,3,36,7,8,58,38,64,13,88,63,98,92,81,67,45,33,70,74,2,95,35,1,52,34,27,25,22,99,54,59,78,46,53,96,77,75,49,57,44,71,28,76,9,83,80,15,62,61,60,17,14,90,26,68,43,91,32,20,48,11,41,19,40,51,89,79,24,16,4,85,29,10,39,66,87,18,86,30,21,93,47,94,69,84
714,1.4176109946765791,0,62,39,26,32,57,76,35,30,92,48,49,12,36,33,78,41,43,4,28,45,91,50,86,88,71,52,6,99,17,40,2,46,58,85,96,87,67,3,90,95,23,65,29,16,66,77,27,24,34,74,56,9,42,20,73,51,18,10,83,80,19,59,93,69,47,75,37,79,98,38,61,7,82,89,21,68,14,60,25,54,44,1,84,81,8,5,72,64,15,22,70,97,53,13,55,31,94,11,63
715,1.5137769998200383,0,88,8,98,29,61,22,74,42,84,41,77,6,38,3,90,76,52,68,96,25,54,71,64,39,11,36,94,87,15,50,93,53,55,4,32,67,97,56,83,13,20,75,60,1,21,58,19,72,89,40,24,14,81,66,44,73,23,49,82,10,99,45,2,51,46,28,35,91,69,26,86,5,92,17,85,12,48,65,57,59,16,80,34,7,31,9,79,43,70,18,95,30,33,47,27,63,62,78,37
716,1.636114990207716,0,44,53,27,77,82,32,40,18,24,10,75,74,84,60,55,80,13,29,1,81,98,17,38,46,57,16,14,71,42,34,91,67,11,78,58,9,64,37,49,19,28,65,25,3,76,22,66,21,95,87,99,15,61,68,94,8,63,85,70,5,59,72,2,45,69,50,79,93,52,39,23,26,31,96,43,33,12,88,6,90,41,47,4,48,36,51,7,92,89,86,35,30,83,56,20,73,54,97,62
717,1.713802995174774,0,43,24,85,55,86,10,27,97,29,31,45,17,32,48,88,64,18,70,66,19,50,61,78,75,90,41,46,13,40,80,9,93,23,25,15,30,82,39,73,92,95,49,89,74,91,14,67,36,21,59,77,72,52,83,98,65,57,68,8,54,62,12,69,51,87,2,5,63,96,84,20,26,1,56,76,94,34,6,81,28,47,71,53,16,60,42,3,33,38,79,11,7,22,35,99,4,44,37,58
718,1.6569989958661608,0,91,43,5,97,6,79,62,34,47,39,90,82,87,49,12,4,26,74,17,92,67,88,57,31,59,36,35,24,2,46,55,1,94,28,77,70,23,83,61,10,53,11,60,14,99,21,76,52,45,73,65,44,78,58,13,27,48,89,85,63,3,96,40,18,86,22,29,42,66,71,75,16,37,68,20,84,93,33,38,19,56,41,98,72,30,54,69,15,80,25,8,7,81,50,51,9,32,64,95
719,1.5013840038809576,0,81,91,53,54,44,9,90,92,47,34,99,88,21,75,42,78,94,43,86,58,89,23,72,69,3,77,62,56,45,27,35,38,76,40,28,18,67,51,59,66,4,74,63,26,55,37,7,70,39,98,8,49,13,95,46,30,11,17,19,84,5,68,1,50,85,97,61,96,29,82,83,71,65,20,79,80,22,41,60,31,2,48,73,16,14,64,87,57,10,6,24,36,52,33,25,12,93,15,32
720,1.6421419921825873,0,90,87,68,39,45,13,41,7,32,96,60,59,11,67,57,33,34,55,73,58,77,4,75,27,30,65,36,50,53,6,2,89,64,44,76,1,38,20,84,9,5,29,25,51,70,91,95,86,12,43,46,10,78,62,31,23,61,26,98,74,15,21,88,93,63,17,81,99,8,79,49,72,18,3,54,82,48,47,28,83,66,71,40,94,69,56,22,16,52,85,14,92,24,19,37,80,42,97,35
721,1.5173569987455267,0,67,21,94,69,34,16,57,84,53,52,63,46,82,42,49,22,40,98,85,43,72,31,2,32,54,62,79,44,28,1,35,80,10,12,83,4,66,3,6,14,24,48,58,19,87,15,89,25,18,76,68,39,8,65,95,38,93,96,13,97,37,47,88,75,36,29,59,61,99,74,51,90,27,70,23,7,17,30,86,11,56,41,45,92,60,64,71,20,33,50,91,26,9,78,81,77,55,73,5
722,1.3940779889035184,0,30,58,47,60,82,74,43,38,44,79,66,56,71,62,65,2,50,93,61,26,95,77,1,4,35,42,36,98,89,5,68,22,80,28,54,24,59,57,14,15,8,34,7,49,27,96,88,46,83,20,17,90,39,53,69,92,99,32,55,81,31,45,76,13,11,9,16,33,85,73,94,12,21,75,6,19,91,67,48,23,78,70,72,18,37,25,51,86,97,64,10,84,29,52,63,40,41,3,87
723,1.4364149897592142,0,2,6,34,1,68,54,11,5,97,38,41,53,16,58,60,39,50,46,76,66,51,55,99,86,9,92,33,45,98,8,49,29,3,43,23,94,87,64,25,72,52,80,47,57,20,44,77,63,24,84,62,65,28,81,31,70,89,96,4,79,82,42,40,12,27,7,93,75,26,32,59,71,48,74,61,37,36,56,88,22,21,83,30,90,10,18,35,73,14,17,78,13,69,15,91,67,19,85,95
724,1.6857419997104444,0,49,77,69,14,86,38,74,56,73,20,45,9,34,39,88,52,89,44,21,37,90,85,94,46,12,71,47,93,7,95,5,61,43,67,76,91,48,23,19,15,96,4,57,32,42,99,35,11,64,17,98,79,80,28,82,36,68,75,55,27,87,70,40,24,78,66,26,1,13,18,51,22,63,29,84,53,8,6,3,62,83,16,92,59,30,10,58,72,25,54,41,81,2,60,65,50,97,31,33
725,1.5183879943560896,0,52,67,76,48,9,60,37,89,55,18,42,91,53,83,46,88,86,66,45,16,8,43,4,90,87,61,73,56,6,49,79,96,54,14,98,85,11,99,2,92,38,1,34,69,36,95,64,20,35,7,51,71,12,65,30,84,22,10,41,47,31,50,75,72,23,27,57,58,62,94,44,33,17,93,15,82,68,21,5,32,19,70,13,97,28,26,78,40,39,29,24,59,74,25,80,81,3,63,77
726,1.582210992113687,0,30,87,27,23,14,81,43,29,92,31,80,89,11,3,41,56,91,1,4,9,84,62,96,33,57,2,75,98,5,58,65,63,68,19,6,39,73,21,7,46,37,95,72,13,90,51,17,32,48,97,71,52,28,93,86,64,44,18,50,67,22,88,59,16,40,53,12,49,99,74,70,69,25,47,54,85,15,35,82,34,24,55,42,45,61,26,77,10,60,79,38,36,66,94,78,20,8,83,76
727,1.5686329957679845,0,78,3,34,93,12,19,46,55,29,17,6,20,37,90,42,5,99,11,59,95,16,77,10,86,25,18,63,30,72,50,79,39,15,96,94,81,64,48,1,97,68,2,27,9,83,36,85,67,87,4,92,80,41,14,65,28,31,76,61,40,75,52,44,35,49,88,58,53,45,47,84,56,89,8,82,32,71,66,38,13,26,54,74,22,33,57,73,21,91,69,70,62,23,7,51,43,60,98,24
728,1.6292980039143004,0,78,98,45,30,87,41,73,95,5,70,13,84,90,63,92,22,60,27,71,36,62,12,86,89,79,10,38,11,52,29,81,85,7,49,33,54,25,20,26,37,21,66,46,17,34,82,18,83,43,51,93,8,80,48,76,1,32,53,47,19,2,67,44,74,4,24,15,14,99,9,94,68,96,72,61,23,35,42,65,58,40,3,88,59,69,97,77,75,6,50,28,91,56,16,31,57,64,55,39
729,1.59544300214111,0,78,4,72,38,36,96,18,46,82,12,84,17,35,24,98,42,40,77,31,74,66,83,86,63,28,49,76,57,79,62,44,6,22,68,50,47,81,70,94,92,51,58,7,10,21,90,54,26,33,61,29,16,37,75,32,41,52,2,34,85,8,71,14,15,53,65,95,20,19,89,59,30,39,43,45,11,23,56,55,93,69,97,99,67,13,27,91,9,88,3,64,1,80,87,73,5,25,60,48
730,1.6068549875544704,0,47,9,65,31,2,75,37,29,43,57,72,95,64,48,54,24,46,53,68,20,79,18,70,93,5,8,10,40,19,59,58,35,4,99,33,12,25,23,26,83,50,7,15,14,41,78,45,38,61,87,6,86,3,90,36,13,21,16,30,44,96,88,1,91,94,89,84,52,97,51,73,85,81,28,92,32,62,27,67,77,49,11,39,98,74,63,17,42,69,66,55,60,34,22,80,71,76,56,82
731,1.492480993794743,0,44,92,47,91,24,82,54,28,97,57,83,6,34,17,32,30,29,45,55,11,31,12,18,26,35,22,84,49,48,53,8,70,68,3,39,4,19,16,95,10,2,65,42,89,9,40,20,94,96,86,1,90,21,59,5,33,76,41,46,56,60,99,15,74,50,63,36,93,43,66,81,98,85,64,78,69,14,88,61,80,37,13,7,58,25,62,71,75,27,51,23,77,67,72,52,73,38,87,79
732,1.4918239973194432,0,23,68,75,57,11,50,77,35,92,51,29,65,20,33,52,43,1,30,76,7,98,9,79,73,34,90,80,6,46,39,4,41,12,25,85,82,89,10,2,83,96,70,31,8,54,22,60,19,38,21,32,59,99,15,69,63,56,14,16,5,67,27,3,44,55,49,45,28,48,78,26,42,37,86,91,74,97,58,81,61,24,13,66,40,87,36,88,18,71,93,17,94,53,62,47,64,95,72,84
733,1.4161400000812137,0,79,99,28,43,48,16,64,93,42,22,46,91,63,25,31,44,18,69,60,94,75,51,56,81,20,8,23,73,87,95,35,45,74,2,78,10,9,40,15,66,98,52,47,77,62,32,34,55,39,14,83,36,58,54,90,3,76,97,33,86,72,67,68,65,29,92,1,71,12,11,59,88,61,41,80,19,84,70,27,30,6,96,26,7,57,49,24,89,5,13,37,21,82,17,53,4,85,50,38
734,1.660267003448098,0,46,48,92,26,10,9,36,99,52,5,17,37,2,43,51,3,85,50,11,86,87,82,12,13,44,83,76,39,45,59,75,96,31,29,65,41,70,32,63,34,7,19,38,8,61,78,93,47,80,97,6,58,90,4,23,53,74,94,56,35,77,54,49,81,25,64,95,20,24,22,69,66,98,88,14,71,42,28,33,84,16,15,40,91,60,21,27,72,79,73,57,18,89,1,62,30,55,67,68
735,1.5376369942823658,0,17,95,35,37,6,9,20,52,19,16,69,26,39,36,97,12,61,68,14,46,43,99,50,34,30,65,31,71,13,64,15,25,88,32,63,93,91,49,24,75,60,8,41,55,87,77,27,70,72,57,62,2,84,79,82,59,51,5,44,23,66,85,29,53,22,86,4,21,48,98,56,47,76,54,74,80,92,38,33,89,83,3,40,78,67,58,10,90,94,45,42,1,11,96,7,73,28,81,18
736,1.719566983054392,0,94,48,38,57,19,35,11,58,99,20,36,83,51,54,50,86,46,41,89,98,6,8,26,87,95,70,15,23,82,74,22,13,42,65,69,85,25,80,79,2,84,49,39,29,76,18,93,43,16,67,60,71,91,63,59,78,30,72,61,77,32,47,7,17,53,5,97,92,64,44,75,4,14,28,66,9,90,62,10,96,55,45,73,27,31,52,56,21,12,33,3,34,37,24,88,68,1,81,40
737,1.4862339950304886,0,47,98,71,16,88,31,52,91,64,14,18,3,61,51,38,78,22,83,59,5,50,84,74,97,99,57,56,76,45,49,7,72,67,85,86,35,66,62,58,17,46,87,63,4,77,9,25,30,53,36,40,33,89,28,11,93,75,48,68,39,15,90,27,24,70,65,82,43,10,41,69,6,26,73,20,23,44,54,81,95,2,29,34,60,92,96,94,42,1,79,12,21,37,32,80,13,19,55,8
738,1.476570999249816,0,9,2,86,18,74,92,61,8,11,99,82,94,63,66,42,1,96,98,33,79,31,53,21,50,67,32,48,24,37,23,30,7,81,78,64,90,56,83,69,57,97,76,62,5,88,3,17,43,51,14,15,38,44,70,89,4,26,58,25,20,46,52,72,27,47,75,12,16,19,85,59,73,91,54,34,29,40,22,45,10,68,13,87,80,84,39,95,41,36,71,65,6,28,55,35,60,77,49,93
739,1.4014469881658442,0,79,84,99,29,83,35,22,62,7,42,69,65,5,64,72,33,38,86,39,10,75,6,74,19,92,17,52,60,2,47,82,59,28,88,76,71,23,87,8,53,11,27,57,16,73,98,67,61,77,25,12,1,40,51,43,20,55,66,24,95,14,32,56,68,54,21,18,58,34,85,30,94,96,48,49,81,45,44,70,15,97,50,13,89,78,91,80,4,63,9,26,93,31,36,41,90,3,37,46
740,1.5142549961601617,0,14,4,81,35,80,88,47,94,64,79,84,85,70,16,59,73,5,82,98,69,1,30,72,71,77,74,58,56,54,20,31,66,34,48,9,55,29,75,51,8,83,60,68,3,19,90,41,13,22,36,78,18,93,67,44,95,96,57,63,2,27,97,21,11,32,42,15,7,24,92,25,33,12,23,49,89,38,45,26,99,61,65,37,86,53,62,52,28,87,50,39,91,46,10,17,43,40,76,6
741,1.8184999967634212,0,16,56,79,63,38,86,97,15,33,30,58,7,13,92,78,76,80,27,95,68,70,5,74,28,17,25,43,12,55,21,42,90,40,52,2,10,67,59,96,19,51,49,83,37,65,32,85,29,54,3,62,6,26,73,87,41,94,72,24,31,11,34,61,47,91,39,64,77,57,82,45,89,23,18,53,8,81,46,98,1,4,9,75,84,35,14,71,88,66,99,20,36,48,50,44,69,93,22,60
742,1.7408929873290617,0,37,32,52,3,5,35,14,59,41,45,7,66,48,94,76,99,74,61,57,19,80,50,11,16,79,84,2,70,60,93,24,8,21,69,73,58,68,33,39,92,10,86,96,88,56,65,78,30,87,9,72,55,89,62,12,85,22,43,26,98,63,47,17,83,90,4,71,27,13,25,31,36,42,29,20,6,18,1,28,82,67,51,46,64,34,44,95,23,53,15,75,81,38,97,77,49,54,91,40
743,1.5931409988152154,0,22,17,67,27,43,93,62,90,20,94,32,77,69,81,65,78,15,26,55,80,59,10,95,5,14,3,75,61,70,71,7,25,60,97,99,54,30,53,21,89,33,31,23,6,9,48,83,72,68,86,63,74,39,18,85,79,44,57,2,8,29,13,92,38,42,46,51,82,19,96,37,52,58,87,98,11,36,49,41,88,76,91,35,45,50,34,47,66,40,64,56,1,16,73,28,24,4,84,12
744,1.908855004236102,0,61,62,29,49,71,58,59,79,27,7,82,88,74,6,34,37,47,48,40,50,55,84,2,54,92,5,20,83,44,87,11,32,90,28,57,15,16,93,35,12,94,18,89,60,64,76,77,70,26,45,24,8,21,41,4,9,39,46,3,69,33,56,91,13,75,85,53,36,95,72,23,63,98,17,14,96,10,78,30,22,42,31,38,97,52,99,25,68,73,19,51,81,1,67,65,80,43,66,86
745,1.5288270006471976,0,37,78,99,26,11,76,63,66,18,95,87,13,3,89,46,5,65,70,31,88,43,98,40,14,25,42,97,59,10,38,6,82,34,44,58,45,19,49,69,60,80,75,1,20,85,7,83,64,94,71,53,93,16,57,81,36,67,54,84,33,27,41,50,35,62,29,15,12,86,24,73,4,52,51,28,2,56,90,23,8,96,91,72,9,68,32,30,79,92,61,74,21,55,47,22,48,39,17,77
746,1.34428699084674,0,34,52,6,9,77,17,40,64,66,21,51,60,10,2,75,43,38,72,46,97,22,62,56,55,28,23,15,7,61,42,5,82,93,50,67,13,33,91,19,49,53,35,11,20,8,29,41,95,39,69,80,96,92,4,1,18,12,89,94,36,70,85,86,3,73,83,71,54,74,14,78,25,63,76,58,48,81,44,30,87,24,31,27,84,79,90,65,26,45,59,32,98,57,68,16,88,37,99,47
747,1.6553999977768399,0,59,1,6,78,88,82,21,72,3,84,17,31,43,7,16,52,68,30,86,87,99,70,8,18,76,90,24,73,57,66,65,80,2,95,19,79,77,36,46,38,89,58,69,93,5,35,91,23,96,56,11,33,10,39,41,22,26,63,92,12,67,98,29,45,28,97,53,9,60,61,48,85,51,55,25,4,71,14,64,15,81,62,74,83,75,27,13,34,44,32,94,42,54,40,47,20,50,37,49
748,1.3711410019150208,0,18,41,62,84,32,45,4,47,6,19,23,35,49,74,75,77,10,34,91,44,54,3,88,48,79,73,65,7,72,31,37,38,46,66,90,69,42,8,43,97,20,85,56,40,86,17,94,67,93,33,83,61,50,12,58,13,89,53,24,68,26,2,27,11,30,57,15,99,81,87,59,95,70,25,51,1,60,98,52,82,92,14,76,5,96,63,36,39,21,9,78,71,28,16,80,55,64,22,29
749,1.5747489906443661,0,87,5,26,32,45,68,21,8,72,59,77,58,83,80,76,90,86,93,12,88,25,41,61,18,49,98,81,27,44,31,52,22,65,55,36,99,60,50,66,1,48,20,71,96,4,54,56,17,30,70,23,75,84,9,79,64,35,24,34,51,14,38,46,37,57,85,92,73,91,94,39,42,53,43,74,62,16,78,13,2,33,40,19,67,28,29,95,63,10,82,69,97,89,47,6,3,11,7,15
750,1.4553969928929291,0,3,66,17,94,9,6,40,20,19,23,64,92,75,22,96,32,50,69,18,5,81,97,86,57,82,44,29,52,79,71,62,27,31,37,28,72,60,25,53,14,73,30,98,39,4,38,13,34,36,24,93,89,84,51,76,26,67,45,12,10,78,2,55,90,70,80,87,65,68,47,48,83,99,21,88,49,35,58,74,63,61,54,1,43,85,77,42,33,46,15,11,56,59,7,8,95,41,16,91
751,1.371271997821168,0,24,68,5,52,66,60,26,39,54,73,83,47,55,50,37,58,81,31,25,1,82,75,18,89,99,38,53,29,87,32,33,44,20,48,64,56,35,57,23,19,93,27,28,12,80,74,91,69,14,7,90,72,67,63,98,51,77,42,70,88,4,95,49,3,36,2,17,41,79,30,46,85,6,21,16,11,92,34,15,76,59,78,71,10,9,62,94,84,65,22,40,43,97,86,96,61,8,45,13
752,1.7990649973071413,0,34,20,86,29,67,41,23,38,24,79,52,98,90,74,14,96,64,44,50,16,95,66,92,3,49,61,91,83,75,4,47,80,68,12,28,19,78,21,69,7,9,11,8,60,82,57,27,17,85,5,25,56,87,55,48,39,6,13,18,43,40,10,72,65,59,54,45,97,36,35,33,73,70,26,22,77,53,62,30,89,94,93,84,46,31,1,71,99,42,58,32,88,63,51,76,37,81,2,15
753,1.5640369920911326,0,89,39,60,7,79,27,61,43,35,81,15,72,62,69,73,58,36,23,67,20,40,91,30,14,5,97,75,99,92,57,1,9,29,53,8,17,76,25,21,88,2,63,93,55,11,28,84,37,3,85,24,83,94,98,44,87,33,59,77,12,48,52,68,32,80,4,10,42,54,70,38,22,86,49,82,65,51,74,50,78,31,56,64,19,18,26,71,41,34,95,96,66,46,16,45,47,90,13,6
754,1.610030999430819,0,14,13,63,56,33,7,66,91,22,16,3,97,19,73,51,59,42,76,99,89,70,92,49,29,39,72,47,23,17,62,21,11,41,77,88,94,95,80,57,86,79,67,50,71,48,2,65,93,74,24,38,82,8,55,32,10,34,25,43,85,40,12,75,37,90,4,61,30,26,28,46,1,35,27,68,18,6,15,84,31,53,44,52,5,54,96,58,83,78,81,45,98,64,87,36,69,9,60,20
755,1.4042149949091254,0,62,96,84,82,89,95,98,60,42,53,34,14,48,47,63,56,50,67,5,40,90,3,81,43,6,78,31,18,57,87,41,37,94,39,85,99,23,55,33,86,88,75,24,71,64,36,19,22,2,29,76,91,25,7,93,13,59,97,21,79,70,16,32,52,28,11,66,54,4,1,49,38,26,61,73,35,15,68,58,74,80,8,83,45,17,20,12,51,27,69,77,65,72,46,44,30,9,92,10
756,1.6479329931898974,0,8,30,60,12,27,13,67,20,64,90,40,95,11,59,84,53,89,56,26,68,18,96,71,1,39,93,34,97,48,66,61,3,74,47,22,82,25,36,85,19,99,35,45,83,78,69,57,33,92,46,94,49,42,98,38,51,79,6,37,50,9,77,5,7,15,31,41,21,14,86,81,44,88,55,65,54,87,16,4,70,10,29,58,72,52,43,23,76,91,75,62,73,17,2,32,80,24,28,63
757,1.9094550021691248,0,35,34,22,9,81,39,15,37,42,45,75,58,55,62,11,2,12,89,74,44,7,48,10,38,32,69,93,99,87,19,84,94,36,6,41,4,21,56,88,49,73,14,1,31,83,76,90,52,40,60,25,92,3,97,17,51,30,71,27,26,13,70,64,50,77,98,91,67,53,85,43,79,24,66,54,46,8,82,47,16,33,72,80,28,23,68,29,65,78,86,57,61,96,18,20,59,5,63,95
758,1.5639439930964727,0,33,94,54,48,8,81,49,77,42,17,34,12,11,69,37,30,60,13,25,71,10,28,83,79,70,44,55,20,66,64,67,96,84,26,1,4,62,76,85,23,56,57,90,15,19,73,43,46,95,92,40,72,47,24,61,21,80,32,5,51,50,59,27,82,36,68,75,39,29,87,99,31,98,41,7,58,65,45,88,97,9,89,53,91,52,93,38,18,78,14,74,3,35,22,63,6,2,16,86
759,1.8201729923002858,0,41,37,12,74,87,14,63,80,33,78,71,51,44,29,9,60,68,79,2,8,61,77,4,64,57,59,75,95,17,85,69,23,54,94,10,16,26,48,76,45,28,81,7,67,99,46,21,27,34,97,24,36,42,25,89,30,32,39,72,88,84,47,5,62,66,52,82,15,53,35,90,20,58,56,83,92,96,11,70,98,38,6,55,43,22,31,18,49,93,1,50,86,73,65,13,40,91,3,19
760,1.7089259838248836,0,1,86,47,41,38,21,73,31,85,62,36,18,35,64,53,43,87,34,83,69,48,27,19,57,91,78,99,14,32,93,29,16,6,59,63,74,22,2,76,40,81,15,30,39,45,68,33,96,20,79,46,54,7,51,60,89,92,12,5,56,65,97,49,75,95,82,9,26,8,50,71,84,25,13,70,17,4,24,67,61,72,90,37,94,23,55,66,44,3,77,42,28,98,52,11,88,10,58,80
761,1.4583849993988451,0,21,82,54,88,4,39,27,81,91,65,74,38,76,13,79,41,19,43,86,57,8,64,2,35,69,67,6,51,24,26,15,84,17,97,9,31,20,46,78,18,63,1,59,12,56,85,61,22,53,99,58,40,87,33,72,10,94,25,36,71,62,75,66,16,68,95,32,70,49,96,44,83,98,93,3,60,50,23,7,30,37,55,5,92,11,14,45,77,42,28,90,52,73,80,47,89,29,48,34
762,1.8423890087119617,0,56,51,72,82,32,53,5,47,26,95,84,23,73,30,76,8,70,69,86,42,45,46,39,33,49,83,25,29,89,98,7,2,1,15,11,38,61,74,27,90,12,94,14,97,18,68,58,43,4,21,78,88,19,13,77,85,87,16,44,36,93,50,48,81,60,67,40,66,35,63,92,79,34,75,62,65,20,41,54,9,57,6,99,64,71,37,17,10,22,31,24,59,55,96,3,28,80,52,91
763,1.4446389945442206,0,4,40,17,79,69,43,39,1,77,59,97,35,67,38,76,92,37,34,5,18,74,27,20,52,11,23,85,70,78,33,50,15,26,84,3,98,99,36,49,29,65,54,80,14,83,93,60,55,57,13,31,7,72,8,87,86,42,22,58,25,9,71,28,75,16,62,66,95,46,30,6,19,64,12,56,48,41,32,91,81,89,44,82,61,88,68,94,51,53,63,45,2,10,90,21,47,73,96,24
764,1.4642369924113154,0,24,76,25,57,97,37,93,89,4,77,26,45,17,21,59,12,13,42,92,18,65,55,8,43,95,80,81,47,39,94,38,30,14,88,73,79,86,46,34,83,51,15,6,22,63,84,82,62,10,40,49,90,27,61,68,58,67,41,66,35,7,60,75,85,53,72,36,69,91,16,52,54,74,23,19,3,50,70,78,2,98,1,64,56,48,44,71,29,33,5,11,9,31,20,87,99,96,28,32
765,1.6968899931162014,0,37,89,16,71,63,84,43,68,83,55,82,66,48,79,14,6,46,54,49,61,52,64,4,67,70,11,21,38,10,77,31,40,28,78,29,18,88,39,35,75,7,8,74,20,73,97,76,13,41,32,24,62,87,72,91,12,47,19,30,17,99,85,58,98,5,57,51,9,90,22,50,2,69,44,26,45,65,53,25,96,94,1,34,33,95,59,56,80,27,15,23,93,36,42,3,92,86,60,81
766,1.6354339862591587,0,99,51,59,53,46,66,61,26,10,5,96,37,6,8,70,86,15,41,54,56,68,62,89,82,9,79,64,34,21,31,76,20,60,35,88,97,22,36,63,80,45,47,92,4,44,29,13,25,81,49,32,98,16,1,90,43,75,14,72,91,55,73,40,94,67,77,11,19,52,28,38,7,93,27,57,84,74,85,78,12,24,18,3,39,23,2,83,42,50,58,95,33,30,65,71,48,69,87,17
767,1.4229149926104583,0,79,35,43,37,21,73,71,47,36,93,14,49,90,63,57,70,12,3,45,91,88,99,92,72,51,82,66,39,5,84,16,15,50,33,31,53,2,1,81,60,61,28,42,40,97,76,83,11,58,13,48,29,26,22,86,77,55,17,74,87,69,85,59,75,10,54,4,89,64,44,95,67,19,98,34,56,20,6,24,30,80,65,9,68,78,94,96,7,62,32,38,52,27,23,18,25,41,8,46
768,1.6202319932526734,0,47,45,44,21,91,9,29,36,20,88,4,60,13,61,76,30,17,42,56,25,27,67,63,70,41,40,33,15,89,77,92,72,48,86,11,52,84,6,37,32,97,95,98,54,50,79,74,87,12,24,31,46,18,14,5,75,49,94,8,65,35,80,59,3,16,19,38,96,90,26,34,55,66,81,10,57,2,58,93,71,53,73,51,7,22,68,39,78,43,1,23,82,64,83,62,99,28,85,69
769,1.5699679861718323,0,11,67,51,85,80,44,65,82,61,97,64,66,86,24,73,62,71,54,99,49,25,98,13,77,76,57,21,36,43,94,27,12,70,18,16,74,19,2,5,33,75,53,3,90,68,91,35,14,23,37,79,34,92,38,47,52,48,81,84,7,45,59,46,41,40,83,50,96,4,17,39,30,6,9,22,88,89,42,32,78,8,58,31,29,93,87,10,56,95,55,60,15,72,63,28,1,26,20,69
770,1.5453120039928763,0,98,11,74,97,22,47,48,76,61,55,14,26,51,94,56,7,49,36,41,80,53,27,78,86,83,66,17,30,65,16,24,52,72,64,37,62,33,9,92,10,75,1,84,40,2,19,95,29,35,42,93,67,82,44,21,43,6,57,79,68,59,81,91,50,87,58,73,31,89,70,60,15,12,20,38,8,85,34,5,46,71,28,69,96,32,3,88,54,4,13,45,23,25,99,63,77,18,39,90
771,1.6379989933338948,0,6,74,3,64,92,61,57,1,38,54,15,77,45,59,85,60,70,29,16,68,65,52,63,44,22,21,86,48,62,83,12,53,79,25,33,90,69,89,9,7,27,75,80,94,46,84,98,96,88,19,50,40,36,10,82,51,73,58,87,37,8,56,34,39,78,41,24,5,11,4,35,2,26,23,81,14,42,31,49,32,67,17,43,47,97,76,91,66,99,93,18,20,72,95,30,55,71,28,13
772,1.6397990011173533,0,89,23,47,41,22,3,45,36,82,73,11,34,58,84,83,71,31,65,39,87,27,5,29,6,15,88,26,62,50,28,91,70,97,32,57,85,8,80,90,42,38,46,61,59,20,67,99,30,43,10,66,98,17,2,63,16,76,78,75,25,21,86,37,60,55,19,13,40,95,12,96,14,52,7,9,68,35,54,77,56,33,64,74,44,53,94,51,79,81,1,48,69,72,24,49,4,93,18,92
773,1.4088850045154686,0,85,22,41,51,21,29,26,45,39,31,93,66,19,86,79,64,53,6,8,88,50,94,38,82,10,99,7,40,75,70,55,30,95,3,54,60,56,63,25,84,76,43,28,87,62,59,77,42,27,5,96,15,65,67,48,4,14,97,17,2,78,57,37,1,91,13,58,32,9,80,49,44,74,69,90,98,34,92,83,23,47,16,73,72,71,24,12,46,11,20,35,52,61,89,81,36,33,68,18
774,1.7917419930163305,0,57,12,69,96,99,66,29,95,2,40,93,21,31,80,79,4,71,48,75,98,25,72,44,89,91,97,49,23,68,5,22,15,26,88,20,30,67,86,1,41,33,53,78,54,84,27,45,82,63,81,39,74,38,83,85,35,13,19,60,9,43,64,42,36,6,56,70,58,90,76,52,59,11,50,77,51,47,8,37,32,10,62,14,34,16,73,17,87,28,61,7,46,3,94,65,24,92,18,55
775,1.3522219893347938,0,22,6,20,43,46,11,53,68,19,99,54,48,55,56,73,14,8,64,51,82,58,63,3,83,12,28,26,77,30,9,21,32,33,5,61,39,29,52,98,59,95,44,65,45,86,72,75,62,87,84,97,38,96,24,40,4,35,60,74,49,92,47,18,66,10,93,23,27,88,42,15,78,89,90,76,16,31,94,79,85,70,69,57,41,17,7,13,50,67,80,34,36,1,81,91,2,37,25,71
776,1.5584909867757233,0,70,61,97,82,64,34,92,84,53,66,83,7,56,10,22,28,90,51,36,73,19,42,48,29,81,40,44,55,14,24,16,11,86,49,67,41,30,98,62,25,80,23,43,89,6,58,47,78,52,27,74,72,63,8,13,54,75,46,31,38,87,76,33,2,65,79,45,50,12,39,99,32,21,5,1,4,57,15,35,85,95,69,3,93,68,77,20,26,18,9,59,94,91,17,71,96,60,37,88
777,1.5053289960942493,0,4,89,12,41,84,47,92,61,50,99,64,24,44,72,49,45,48,65,10,93,6,78,34,83,90,25,15,3,23,88,46,1,11,20,32,37,71,81,85,28,91,38,36,56,80,22,52,58,29,2,62,16,76,55,21,98,96,53,97,86,74,73,94,30,5,31,17,75,57,69,60,18,54,35,67,9,27,70,40,14,77,87,82,19,68,26,51,42,59,66,7,33,8,43,63,13,95,39,79
778,1.570339991216315,0,27,12,67,63,78,8,87,58,97,3,65,4,26,10,98,13,24,20,48,70,95,40,50,84,7,62,82,54,15,72,31,14,75,73,42,44,71,53,21,16,25,59,28,38,90,83,74,36,39,17,76,29,34,41,79,91,2,19,52,51,57,61,1,55,80,96,64,66,94,81,23,33,32,9,45,86,89,68,47,92,69,46,56,37,30,5,60,77,43,18,99,6,85,88,22,93,49,11,35
779,1.4505889897263842,0,88,17,82,38,98,64,42,43,12,84,87,66,6,73,27,99,71,21,83,65,58,29,5,20,22,37,52,75,15,10,67,49,44,81,90,85,68,4,40,78,76,14,63,70,94,45,11,77,56,72,95,39,28,30,86,7,80,79,62,74,61,34,50,55,60,41,36,3,91,19,59,9,31,57,47,18,8,32,13,92,96,26,69,51,2,24,93,48,1,16,54,46,25,23,35,97,33,53,89
780,1.447577994869789,0,90,98,99,50,12,47,35,15,9,42,93,25,66,87,51,64,76,69,85,82,84,78,91,71,18,53,65,29,57,72,97,10,73,8,54,60,56,40,2,34,36,11,86,74,7,75,77,81,45,23,27,52,20,38,31,44,88,37,96,24,89,41,94,43,59,28,1,33,32,62,80,49,46,21,83,39,30,92,79,63,5,26,17,22,67,55,61,68,13,6,58,95,70,4,3,48,14,16,19
781,1.3765280014195014,0,83,5,19,68,39,23,51,84,90,75,55,79,28,47,92,89,31,33,22,63,61,49,12,32,86,21,88,34,16,74,64,25,96,85,77,24,66,60,56,95,72,81,10,69,36,40,26,18,7,15,71,53,76,52,57,73,94,46,14,20,38,44,65,11,37,67,80,1,13,8,99,50,30,59,2,70,4,97,87,82,54,98,17,78,91,43,6,62,42,58,3,48,93,35,27,29,45,41,9
782,1.7475249950148282,0,90,36,82,28,60,94,44,33,21,66,87,96,83,46,71,11,67,19,98,56,51,37,18,99,10,8,7,35,42,78,57,17,65,6,52,53,61,15,95,88,30,91,22,79,34,72,70,58,47,59,1,92,64,20,16,81,75,32,26,49,93,86,5,84,29,3,69,24,2,23,9,43,4,68,62,13,54,80,97,85,31,41,89,45,76,73,77,63,39,74,40,14,55,50,38,27,48,25,12
783,1.5888550002709962,0,92,94,70,69,2,85,3,67,76,95,53,59,46,90,47,79,4,19,66,57,89,61,37,22,26,80,34,44,88,30,12,55,33,54,7,87,93,31,71,6,1,62,96,28,9,77,81,20,13,68,84,27,10,74,51,5,8,56,75,40,91,82,73,39,43,49,83,64,41,15,25,32,17,36,24,42,50,18,60,29,97,11,45,72,52,23,21,98,38,58,16,35,78,65,14,48,99,86,63
784,1.6332279995986028,0,56,62,88,90,57,5,85,34,63,32,74,67,55,41,31,61,59,91,76,44,46,4,30,93,84,23,19,80,7,99,82,65,75,2,1,25,37,29,14,22,40,16,79,97,35,89,92,12,66,53,42,54,70,95,60,47,8,87,21,39,10,58,78,48,45,27,15,94,86,9,96,11,17,24,28,71,69,38,3,6,18,73,72,49,98,26,43,36,77,13,20,68,83,33,50,52,51,64,81
785,1.73656799782475,0,69,63,35,68,8,45,23,30,60,10,34,54,15,98,72,42,3,37,79,12,64,96,31,40,70,57,41,95,27,48,36,9,38,74,61,73,2,49,65,91,47,22,18,94,50,29,76,62,44,86,87,81,89,11,90,58,46,99,25,59,53,85,52,80,20,55,71,75,84,78,32,1,7,77,43,93,21,92,28,82,6,26,56,39,83,16,66,5,67,17,24,13,97,19,14,88,51,33,4
786,1.5757639998118975,0,94,12,17,33,40,83,73,53,14,28,90,38,45,65,43,82,67,85,35,13,89,86,23,92,63,69,60,95,80,88,15,10,70,64,87,18,46,49,50,58,36,75,66,44,98,11,55,37,61,4,41,52,30,51,7,22,8,76,68,59,71,21,5,62,57,77,27,84,56,99,19,2,3,16,20,32,42,29,9,6,48,31,93,47,81,74,24,91,1,34,25,72,96,79,54,26,39,78,97
787,1.5181189968425315,0,35,33,38,98,82,77,9,99,4,42,40,31,94,7,68,51,57,41,45,53,26,64,5,90,10,80,66,78,1,93,18,91,20,95,39,12,22,47,49,86,17,46,30,59,16,61,74,14,3,83,76,71,87,36,75,34,60,19,29,55,13,63,52,84,72,27,73,50,89,67,44,8,6,56,23,2,81,85,96,21,25,54,69,92,65,58,79,28,88,62,32,97,37,24,48,70,43,11,15
788,1.618059001986694,0,89,55,14,25,42,56,63,98,75,66,33,28,21,88,3,5,46,99,52,78,47,2,17,72,27,18,59,40,37,69,15,41,10,53,86,9,39,26,1,54,71,31,97,82,35,81,74,16,92,7,30,84,94,68,91,90,77,8,4,85,23,19,61,79,6,50,70,62,12,13,76,60,95,67,93,11,48,36,38,80,51,49,73,29,34,44,32,24,22,64,43,87,20,83,45,65,96,58,57
789,1.404713999509113,0,1,40,28,57,13,15,19,18,81,33,67,50,8,2,54,84,89,95,29,45,77,42,79,43,80,70,6,64,24,73,72,63,74,96,12,16,91,38,62,97,25,94,21,52,47,87,55,92,71,32,22,17,11,90,26,61,46,27,5,48,7,10,9,88,83,3,86,85,34,20,31,41,75,78,53,66,30,76,82,59,49,14,56,36,35,39,99,93,37,60,98,69,23,58,65,51,44,68,4
790,1.4743420025779415,0,71,19,8,31,4,39,26,80,43,18,41,92,34,78,27,77,40,86,35,25,1,87,14,98,3,62,28,88,48,47,64,17,82,20,23,54,72,44,81,15,89,56,61,93,68,67,95,11,94,13,66,79,12,16,60,51,91,53,58,2,90,65,73,22,75,36,74,96,57,6,45,30,49,5,52,7,46,83,50,10,37,21,70,55,38,69,42,29,99,24,97,63,32,33,9,85,59,76,84
791,1.520176994810754,0,31,44,81,28,21,20,90,60,61,92,47,39,58,14,49,97,42,68,5,9,46,72,89,22,84,78,88,36,56,27,55,24,51,10,7,98,11,33,15,91,77,85,18,1,41,16,95,53,94,35,34,17,96,50,3,26,74,13,37,29,12,6,43,48,64,99,4,59,54,23,8,57,52,40,86,62,67,93,32,69,80,2,66,25,38,71,30,82,87,45,73,65,63,75,76,79,70,83,19
792,1.5493129963433603,0,29,31,54,83,52,27,93,3,66,57,26,71,53,22,44,75,61,99,40,30,85,33,16,88,28,25,19,77,51,59,7,73,35,60,55,5,37,50,8,48,2,78,20,9,72,49,56,69,76,43,68,24,80,97,4,89,84,58,10,67,98,12,15,34,62,32,91,23,65,42,13,11,70,39,38,46,74,90,21,6,14,63,47,36,45,41,64,17,81,1,87,95,96,86,18,82,79,92,94
793,1.5881169924978167,0,62,64,47,40,2,35,27,41,52,32,51,12,29,38,90,79,82,49,84,4,65,99,93,37,61,7,43,76,42,54,86,72,28,53,9,56,91,97,55,33,21,30,85,31,81,23,1,63,44,75,22,96,66,3,26,17,87,19,14,16,74,77,88,80,15,11,10,13,18,45,67,70,71,89,24,34,69,6,95,68,92,73,94,57,59,25,46,8,5,20,83,50,39,98,48,60,78,58,36
794,1.6572749986080453,0,86,52,88,70,92,56,44,55,69,66,96,29,41,13,49,81,51,24,72,26,35,28,37,91,80,15,50,47,95,38,62,64,14,59,67,71,79,39,87,17,99,27,32,2,20,6,97,89,30,54,94,60,98,68,16,75,22,58,12,82,1,74,31,10,19,23,43,78,5,84,73,90,33,61,40,85,45,3,42,4,46,65,53,18,36,9,25,11,93,48,57,83,76,77,63,8,34,21,7
795,1.491216003531008,0,98,89,71,41,58,2,49,32,60,99,19,77,47,21,73,24,23,39,51,97,36,53,50,83,7,45,82,12,38,6,28,72,75,88,84,26,48,79,13,74,62,66,90,76,54,34,61,52,68,80,35,27,9,92,18,33,95,42,20,93,3,5,10,57,69,78,30,59,91,31,29,64,37,22,14,87,63,56,67,11,55,25,15,43,96,46,94,86,4,70,17,40,44,81,65,85,1,16,8
796,1.458135001535993,0,64,41,18,7,28,89,36,19,82,88,13,56,57,48,24,2,70,81,30,31,90,58,63,22,98,14,43,44,46,25,35,1,93,9,10,27,29,45,4,85,40,50,39,60,37,26,51,32,74,59,77,12,75,61,47,3,96,76,71,66,68,11,67,91,79,33,52,78,49,97,15,53,6,94,92,83,73,17,21,34,65,5,42,55,62,69,54,87,99,72,16,95,8,80,86,38,20,23,84
797,1.4453919914813014,0,32,10,38,73,90,64,19,36,87,54,69,25,94,97,16,27,55,66,11,7,79,15,96,5,75,47,61,6,65,67,39,59,46,63,28,40,83,13,14,30,81,93,57,92,29,4,89,41,42,18,34,22,1,68,23,8,21,53,76,72,52,82,77,45,20,86,44,78,31,9,80,26,58,17,49,84,2,37,50,56,12,74,71,33,3,91,99,98,70,24,62,95,35,48,43,60,85,51,88
798,1.4862939956501577,0,34,2,81,45,59,90,13,78,70,42,20,17,19,99,91,84,89,66,51,63,50,56,79,5,98,11,52,4,69,22,88,33,31,46,29,96,43,32,24,72,57,80,58,14,48,71,41,10,62,67,8,15,61,95,73,25,64,55,6,60,1,44,93,86,23,92,40,85,74,21,36,49,37,83,16,35,26,30,9,18,3,68,47,65,82,27,12,53,54,38,7,39,87,76,94,97,28,75,77
799,1.7593039897765266,0,81,24,69,25,86,29,31,71,51,92,10,33,75,14,39,61,62,68,42,63,96,59,77,15,20,58,82,97,13,7,47,2,73,18,66,55,79,64,83,1,9,99,56,36,84,43,4,67,48,11,80,30,21,41,57,54,22,72,5,46,53,40,32,85,65,38,94,26,27,60,52,34,95,70,8,44,89,91,49,74,16,6,93,17,23,12,76,87,90,88,37,78,50,45,3,35,28,19,98
800,1.6231560051819542,0,67,97,3,17,21,28,32,44,94,82,10,48,87,85,92,37,93,27,78,20,64,9,11,46,36,16,19,72,2,43,41,73,5,84,52,26,80,12,18,59,56,45,30,35,51,76,31,15,54,66,6,68,89,34,60,55,4,63,33,24,39,65,13,99,1,42,86,14,40,22,47,23,70,98,71,83,74,95,29,38,91,62,57,61,77,25,8,96,88,90,81,69,79,53,49,58,50,7,75
801,1.685314990216284,0,98,3,90,49,62,37,21,94,58,66,7,71,88,5,89,33,51,60,85,26,78,91,2,77,8,95,31,92,28,54,23,40,13,20,11,15,32,99,96,24,81,43,70,79,29,27,55,64,6,30,14,1,45,53,76,36,73,22,12,63,84,87,18,75,52,80,35,4,86,57,74,69,38,46,16,72,47,34,9,61,41,25,97,42,59,82,39,93,67,44,56,50,68,19,48,83,17,65,10
802,1.909087998123141,0,81,6,32,13,79,69,51,29,48,80,90,95,42,91,64,72,40,21,24,58,14,83,17,39,23,96,57,56,18,74,45,65,88,71,27,36,49,73,33,19,34,41,44,70,3,76,20,98,22,60,1,59,84,26,12,77,85,8,87,7,43,47,9,75,4,54,92,61,89,94,2,82,28,37,97,10,15,67,11,31,38,68,62,99,35,78,66,63,55,5,30,50,46,53,52,93,25,86,16
803,1.3876279964406422,0,74,13,94,91,99,10,83,23,4,86,89,12,96,82,51,15,50,28,92,93,17,62,54,43,2,95,47,14,69,81,78,57,40,80,31,90,26,8,75,6,97,1,85,35,88,66,25,53,41,60,5,42,38,55,49,84,58,18,39,16,72,56,27,34,79,68,46,73,33,37,29,77,20,71,19,44,65,9,3,11,22,7,61,32,98,87,76,24,52,70,30,48,21,59,63,36,45,67,64
804,1.536632994771935,0,21,11,73,54,76,22,69,40,42,1,63,88,43,37,48,65,87,81,33,58,20,34,74,67,60,23,71,9,79,41,3,7,49,72,31,80,28,95,61,46,59,91,52,78,94,4,83,18,97,6,17,51,92,38,75,39,12,98,70,55,66,47,45,77,2,16,93,68,89,82,50,86,15,10,25,24,32,85,14,8,56,26,5,99,13,84,30,35,62,90,27,64,36,53,29,44,96,19,57
805,1.5697429941574228,0,51,57,66,42,56,83,63,92,30,71,37,21,64,70,49,11,38,39,89,99,23,54,46,72,43,81,69,13,10,4,47,6,25,98,33,18,75,22,29,17,68,41,48,27,59,35,87,2,19,73,79,34,90,9,14,93,20,80,52,40,28,88,85,12,1,76,60,24,15,91,8,3,82,84,36,44,74,26,65,97,61,55,16,45,53,78,96,94,32,5,31,67,58,62,77,50,95,7,86
806,1.7804749996503233,0,29,3,61,95,69,78,77,35,33,27,82,25,16,4,84,37,9,39,11,2,74,99,97,85,32,71,17,23,47,89,67,94,68,60,76,6,87,86,1,21,24,36,55,80,44,81,63,12,73,34,48,49,30,43,14,58,28,54,15,8,41,45,98,13,83,22,46,79,93,72,50,62,52,31,38,18,91,56,66,75,40,70,53,20,59,88,65,10,42,5,51,26,19,7,64,96,90,92,57
807,1.512595998654433,0,97,90,71,81,78,69,95,44,51,5,47,35,73,63,38,37,94,18,49,56,54,16,33,7,6,89,19,40,39,28,80,93,58,22,4,2,79,83,25,46,68,57,59,9,82,14,85,61,20,27,52,91,12,74,31,41,11,17,26,55,65,32,48,8,75,72,23,34,1,92,87,13,36,50,64,24,70,45,53,86,66,15,98,84,76,62,96,10,67,88,3,60,99,77,30,42,21,29,43
808,1.428040995830088,0,66,41,51,47,80,88,82,87,33,27,98,46,19,10,49,24,14,89,39,34,9,92,45,93,8,79,55,17,37,74,28,29,12,59,38,68,2,40,31,96,90,81,54,1,18,56,16,5,61,25,95,71,65,4,32,64,94,60,30,75,48,43,53,70,52,73,7,3,36,15,72,20,26,23,21,84,78,86,50,58,67,97,91,42,85,63,99,83,76,13,22,69,35,77,62,44,57,6,11
809,1.768503993311242,0,52,84,10,29,45,97,55,36,92,42,37,9,48,4,91,71,41,67,80,40,27,96,53,72,3,69,7,28,78,62,99,86,83,6,88,23,65,38,94,30,18,12,46,8,59,66,2,24,34,5,87,57,50,74,13,1,39,51,64,68,11,22,73,31,95,58,21,85,20,63,89,90,61,81,33,32,35,98,16,82,49,75,25,26,56,44,15,76,17,93,47,19,79,70,60,43,77,14,54
810,1.6435089921287727,0,8,61,22,6,9,72,80,14,42,75,13,92,18,68,93,47,46,88,7,62,64,25,37,55,35,53,17,24,30,58,12,83,95,71,90,70,20,41,84,39,34,99,97,69,81,50,16,89,49,44,94,33,76,3,48,57,28,32,52,21,54,59,38,65,85,56,96,2,74,1,19,15,29,86,31,36,73,87,51,27,4,67,82,78,63,11,23,10,79,26,5,43,45,98,77,40,60,91,66
811,1.6334679936117027,0,26,13,99,16,98,9,22,57,21,47,70,87,74,79,18,85,6,35,58,65,45,67,25,11,40,23,49,2,97,91,96,37,44,72,53,33,52,3,30,94,78,54,68,92,83,32,77,93,36,56,66,64,15,10,75,62,31,95,34,14,8,69,29,20,12,84,43,90,73,81,71,17,5,41,38,82,19,39,46,80,51,24,55,76,50,4,1,59,27,63,42,88,89,7,86,60,61,28,48
812,1.4472789958490466,0,26,90,97,40,1,55,31,18,81,33,16,79,47,84,71,2,73,87,28,82,58,53,80,29,48,61,34,92,60,46,15,54,68,37,50,65,20,62,36,8,5,70,56,59,10,41,19,89,45,67,43,21,93,77,88,9,63,3,64,24,94,95,32,35,11,22,13,98,7,96,85,30,69,42,4,27,72,17,86,14,44,6,75,74,49,23,78,76,25,39,12,51,57,66,91,83,38,99,52
813,1.6851729890913703,0,71,16,57,59,38,4,72,37,47,49,29,27,94,32,54,74,83,62,98,73,35,61,76,2,85,25,75,60,22,92,50,96,14,42,28,66,51,56,39,3,58,88,9,1,69,8,7,15,31,17,26,11,45,99,20,6,34,44,19,93,68,48,24,21,90,43,55,33,10,23,77,63,81,80,53,89,64,52,97,87,41,78,18,70,30,36,82,12,95,91,67,40,65,13,79,86,84,46,5
814,1.5062569915899076,0,85,28,96,80,63,65,8,88,36,55,41,40,35,49,77,18,51,92,39,22,29,12,94,54,81,31,91,10,45,24,38,32,50,79,11,7,53,67,4,75,30,17,95,73,56,44,43,34,26,68,19,83,60,76,1,37,27,98,21,15,57,90,14,3,47,69,74,9,86,72,70,16,84,48,5,46,42,13,93,99,58,64,6,78,59,2,23,61,87,20,62,97,52,82,25,89,71,33,66
815,1.336247995532176,0,71,91,6,51,28,54,18,36,63,48,78,82,17,65,22,86,12,19,4,16,44,50,27,84,59,9,40,64,11,99,3,67,69,1,32,45,98,94,2,42,79,15,41,47,92,60,7,90,37,88,13,80,70,43,38,95,49,89,29,83,20,61,97,93,57,34,14,76,58,77,25,46,24,53,26,5,62,81,39,68,75,8,96,85,55,33,31,87,56,21,72,23,74,73,30,35,10,66,52
816,1.454447987198364,0,63,75,49,79,47,94,98,25,4,42,50,11,3,69,8,18,95,29,59,51,65,54,85,14,56,57,67,30,39,88,46,74,9,70,84,23,34,7,82,36,58,66,55,26,37,64,6,53,93,86,31,71,35,5,68,90,15,61,44,43,45,99,24,41,20,78,38,16,80,28,21,92,1,27,62,17,2,81,22,77,89,72,96,97,87,60,73,33,76,32,12,91,48,13,10,19,52,40,83
817,1.6565259959315881,0,71,35,21,73,46,53,3,52,89,27,42,83,86,99,66,91,29,77,10,50,41,54,62,39,49,20,14,34,80,24,92,37,44,57,82,76,69,13,75,84,51,47,11,32,8,79,17,45,81,48,31,90,58,12,2,19,59,43,18,26,97,78,67,9,87,72,5,16,6,60,1,85,22,28,36,56,88,40,65,55,15,70,33,93,64,94,25,38,68,7,63,98,4,96,95,61,30,23,74
818,1.5632549882320745,0,58,38,18,54,59,35,91,79,24,20,67,1,72,29,82,25,16,75,64,74,80,84,45,34,22,76,39,21,62,44,48,43,37,87,10,31,60,86,99,56,94,52,98,77,2,71,83,68,47,46,13,88,53,70,5,93,32,96,12,40,23,85,95,8,81,57,55,19,90,11,63,36,65,30,73,6,61,14,49,28,7,26,17,50,3,42,33,9,4,89,41,78,66,27,51,97,15,69,92
819,1.7871759972767904,0,37,70,10,32,55,64,6,76,9,46,49,33,18,38,41,15,51,78,3,65,81,74,59,97,17,21,42,25,71,28,1,72,80,30,39,35,5,99,43,14,4,98,20,73,88,50,13,68,96,79,63,84,89,77,23,82,95,94,44,45,48,36,16,87,86,27,67,69,66,11,22,93,85,62,90,40,83,24,57,31,60,75,53,7,56,92,52,29,12,2,54,34,26,61,8,47,58,91,19
820,1.8853359984204872,0,73,90,32,61,72,27,22,40,86,31,88,8,23,48,93,68,85,78,49,77,36,63,33,37,82,83,62,39,1,6,41,28,47,75,94,70,38,55,92,89,54,57,50,21,35,15,30,12,81,91,66,97,64,9,19,26,76,99,59,10,79,42,80,25,13,67,53,84,95,52,3,16,87,34,51,74,11,4,56,18,46,96,24,5,71,14,58,29,98,43,65,7,45,17,44,69,2,20,60
821,1.650309999138699,0,58,50,39,55,14,84,23,6,96,79,24,7,90,43,48,19,13,65,97,21,25,37,11,16,49,53,47,30,51,1,85,82,62,70,8,52,94,73,75,9,31,36,35,32,29,17,28,81,76,56,61,74,15,66,64,63,98,44,72,78,77,33,93,26,18,22,89,87,80,5,95,4,20,86,88,2,34,41,12,57,46,67,42,71,59,45,91,69,60,38,10,40,83,54,3,27,92,68,99
822,1.6682879953878,0,28,20,36,5,55,16,85,53,27,60,61,87,97,91,1,65,23,93,70,41,68,96,73,83,31,19,77,59,18,33,81,63,34,40,56,76,82,12,57,58,9,72,86,52,94,84,6,8,75,89,21,42,32,49,44,62,22,95,30,29,54,51,14,90,3,7,64,69,98,80,26,66,92,37,99,46,78,13,74,35,67,50,39,38,88,45,43,24,2,71,48,17,4,25,11,79,15,10,47
823,1.6542930070136208,0,82,37,43,29,17,87,3,57,58,94,61,93,9,18,96,23,22,76,46,13,71,20,89,35,68,38,86,59,56,21,32,81,80,78,6,15,79,10,12,75,11,69,24,98,25,41,30,90,51,26,34,53,55,88,36,95,67,7,47,83,44,49,64,73,28,65,50,63,27,31,39,91,8,1,62,60,92,72,19,85,45,52,48,33,99,97,4,5,14,66,77,16,2,74,54,40,42,70,84
824,1.426868999224098,0,71,42,28,63,58,57,73,27,3,67,90,59,29,43,66,34,60,89,21,8,18,84,55,6,61,75,14,94,99,88,31,22,68,4,40,96,25,78,92,93,32,81,9,98,33,7,49,97,83,48,65,72,36,64,95,53,54,77,45,79,62,35,50,13,70,86,19,1,82,39,2,38,69,87,47,44,46,30,51,12,10,37,11,5,76,85,56,23,80,17,16,41,74,91,24,15,26,52,20
825,1.5565309948142385,0,4,61,23,31,95,76,3,55,74,10,44,37,62,91,83,84,40,25,9,90,58,47,81,71,12,98,92,22,11,50,48,73,78,46,59,1,57,82,94,13,43,60,80,20,39,89,68,77,72,38,36,33,2,18,75,17,19,53,29,15,28,79,66,35,54,69,8,63,93,64,16,86,26,65,32,88,42,14,27,7,87,34,49,30,70,96,97,24,52,6,56,67,85,5,51,45,99,21,41
826,1.6768919997630292,0,73,60,96,62,81,12,74,5,69,23,25,87,46,58,24,36,51,86,79,98,11,48,20,89,76,33,47,3,54,45,13,56,35,2,84,44,21,85,71,64,28,72,94,40,19,43,17,32,65,7,4,83,67,59,41,9,61,55,34,78,16,52,15,91,90,68,99,1,22,97,31,18,82,50,49,10,29,6,95,39,63,92,8,42,53,30,70,27,26,93,80,77,38,57,88,37,66,75,14
827,1.4803840013621539,0,4,59,92,74,49,78,65,37,95,82,69,18,50,25,93,66,68,11,45,56,35,58,24,60,84,47,96,86,72,17,61,40,62,64,75,94,28,55,63,71,13,42,44,83,19,99,9,90,89,53,77,3,20,43,51,29,27,88,12,39,32,70,52,14,33,36,85,48,87,7,16,73,1,81,46,6,41,22,8,91,2,38,34,97,30,31,21,5,23,10,80,54,67,57,26,76,15,79,98
828,1.3952539908350445,0,4,91,62,61,55,28,9,69,43,94,35,7,33,79,68,78,67,39,25,75,1,86,42,22,14,50,23,89,10,8,38,47,19,20,31,76,2,46,82,93,30,58,81,63,3,70,29,52,49,36,73,95,99,97,60,48,18,44,6,90,54,57,64,66,83,88,17,85,21,96,26,11,72,56,77,80,41,27,71,92,51,40,84,13,87,34,53,24,5,74,15,59,32,65,37,98,45,12,16
829,1.3147839951852802,0,18,89,56,19,1,82,47,23,13,20,66,11,91,40,67,2,24,87,59,84,3,95,29,31,90,5,50,34,35,72,51,92,45,60,8,33,10,61,86,73,16,28,57,36,15,42,74,39,64,85,79,44,80,37,88,22,68,97,21,7,32,83,17,78,12,93,14,43,81,71,75,46,49,55,99,48,6,76,26,41,53,69,52,65,70,94,96,27,77,25,58,62,38,54,63,98,30,9,4
830,1.628072995954426,0,1,96,28,83,92,63,25,29,54,22,9,44,56,2,69,73,36,71,33,4,52,80,93,57,77,82,84,60,89,10,72,81,12,13,3,98,86,50,85,64,99,61,11,45,91,55,94,66,27,43,23,14,19,16,24,87,68,47,62,88,35,26,7,20,32,39,67,58,48,79,46,78,90,5,40,34,53,76,41,30,75,65,31,21,17,95,38,51,70,74,15,49,37,42,59,8,6,18,97
831,1.407382990262704,0,28,77,51,90,44,18,79,75,72,19,15,81,2,87,89,59,62,92,63,49,36,37,20,68,38,98,47,12,52,50,66,6,48,39,24,88,56,91,7,40,53,8,69,80,33,25,17,31,55,57,54,94,30,86,23,46,27,84,10,5,3,74,95,99,29,11,83,60,71,85,35,64,96,73,65,93,21,22,14,97,1,61,13,43,58,26,67,32,16,9,78,42,4,41,76,45,70,34,82
832,1.4899549941765144,0,18,23,14,30,55,94,54,38,22,24,4,44,67,95,78,70,26,89,61,58,33,49,86,93,92,75,34,20,15,57,36,27,48,40,35,28,29,81,16,51,45,17,47,96,21,9,3,65,88,19,80,76,7,1,64,13,42,31,25,5,63,72,62,84,98,91,50,99,69,43,82,79,46,41,8,85,56,10,73,37,77,52,83,90,87,60,39,74,97,59,11,71,66,6,53,32,2,68,12
833,1.6577889992768178,0,57,39,80,35,10,19,53,45,3,20,5,18,34,13,74,24,37,8,40,38,25,50,61,66,82,41,85,47,4,89,84,64,83,73,96,17,76,33,69,56,90,43,44,58,86,59,14,93,70,27,46,71,1,23,51,42,60,30,29,97,72,77,2,95,68,92,65,88,75,54,94,62,81,6,79,78,22,32,98,11,48,99,49,36,67,87,16,52,63,9,55,12,91,28,21,31,7,15,26
834,1.5045840014354326,0,91,46,59,20,69,43,18,78,82,62,92,9,72,95,2,48,71,22,10,50,1,53,8,84,42,11,25,14,63,81,40,60,76,54,35,58,64,36,57,79,30,90,34,24,86,49,23,28,99,88,98,27,33,55,41,39,68,73,31,6,94,85,19,38,80,75,83,52,5,29,87,61,96,12,65,66,70,21,51,89,17,15,77,4,3,44,56,47,97,7,45,67,37,26,32,74,13,93,16
835,1.548709005510318,0,47,76,96,83,43,53,75,41,38,63,31,42,27,23,94,86,24,36,64,55,88,29,14,30,71,15,12,21,37,32,19,9,51,90,49,1,8,18,66,5,25,60,45,22,10,89,72,59,61,2,82,70,50,48,46,16,33,84,58,87,11,13,44,92,40,57,93,69,97,7,28,79,56,3,17,78,98,6,68,85,91,35,54,52,74,39,20,4,95,80,73,65,62,67,99,34,26,77,81
836,1.7092059915412392,0,65,92,40,37,59,4,16,58,96,45,52,63,71,72,80,30,28,43,7,5,87,42,95,24,39,50,35,49,70,18,15,31,75,13,67,93,10,68,20,76,82,48,54,3,74,38,73,97,12,60,88,69,55,33,77,41,44,79,32,57,90,46,23,61,78,85,86,34,98,11,56,2,99,94,8,83,25,1,89,81,17,9,51,64,27,14,29,84,26,6,47,22,21,19,36,66,53,91,62
837,1.581010989175411,0,72,78,43,54,27,59,23,18,20,83,17,25,45,65,68,62,52,29,5,40,63,10,32,31,79,41,91,28,13,19,39,9,80,47,38,77,33,2,55,90,82,60,53,56,76,14,21,67,70,57,73,71,87,49,61,74,81,11,98,37,22,96,99,26,4,35,85,44,84,16,8,89,3,66,6,42,36,46,51,97,58,34,7,64,12,93,92,30,94,86,88,15,75,48,95,69,1,50,24
838,1.5374799943238031,0,88,15,22,54,84,42,76,10,47,30,21,44,73,12,98,81,3,46,33,93,85,34,65,48,45,17,94,18,36,32,80,38,26,31,14,59,7,8,62,40,90,53,69,72,41,68,20,27,91,6,35,74,95,4,92,77,19,29,66,2,79,83,87,86,13,67,56,75,82,23,58,96,49,16,11,1,64,51,97,71,57,24,25,70,28,60,78,5,99,55,39,89,50,37,9,43,63,61,52
839,1.7501279875523323,0,68,49,37,62,32,43,30,96,76,79,92,88,50,36,59,23,44,86,17,31,60,89,22,77,83,7,80,28,65,16,56,39,13,15,90,42,82,38,20,97,67,34,55,81,63,9,35,84,27,4,72,98,25,11,93,5,21,69,95,45,66,70,91,12,61,6,18,99,1,10,47,3,8,29,48,53,33,75,64,2,46,19,94,74,58,26,52,24,85,87,40,78,71,73,57,54,51,14,41
840,1.7203349970659474,0,14,94,11,59,66,53,62,29,3,28,8,77,69,63,98,58,48,5,52,12,57,99,74,33,51,65,7,82,80,88,78,45,30,37,27,41,21,22,95,36,10,81,15,39,42,20,9,23,60,68,13,38,18,1,76,67,44,90,25,91,35,43,6,87,83,31,56,70,49,84,24,54,64,89,79,61,55,2,34,85,72,19,16,40,4,71,97,17,93,73,86,47,46,26,75,32,96,50,92
841,1.652453998249257,0,84,85,17,56,76,29,78,62,38,13,11,32,39,46,10,33,25,95,15,30,66,69,48,81,28,90,37,53,59,40,45,12,99,51,1,71,20,14,8,93,82,42,67,97,98,96,57,21,77,64,7,27,50,41,68,52,83,72,54,89,34,44,36,60,74,86,2,80,70,73,88,4,23,6,9,63,92,87,61,49,75,94,55,19,31,47,58,22,16,65,24,91,26,43,5,35,79,3,18
842,1.5789489947492257,0,64,8,72,4,77,86,27,25,53,57,16,73,34,46,28,98,56,79,30,5,49,54,81,84,42,83,1,74,12,66,62,47,88,61,93,19,13,71,99,95,17,59,85,78,20,2,43,39,22,31,89,48,41,29,26,87,50,15,55,44,3,52,97,11,76,60,45,75,80,18,67,24,37,51,35,33,40,6,94,70,82,32,9,10,69,96,63,65,38,90,23,91,21,7,58,92,68,36,14
843,1.564703999698395,0,75,72,11,46,13,56,52,59,73,10,80,18,34,37,20,8,67,55,45,83,25,58,96,91,38,66,41,35,7,17,85,53,26,22,33,50,76,47,77,43,88,94,82,28,39,84,48,21,19,98,9,78,14,86,23,93,57,63,12,54,92,81,2,62,71,79,24,61,30,95,27,49,29,5,64,40,65,89,51,97,69,6,3,31,16,4,87,70,90,74,15,1,68,36,99,42,32,60,44
844,1.5869350018256227,0,36,39,51,45,46,4,73,50,32,80,76,93,95,66,69,28,27,7,94,97,71,58,67,22,99,82,42,26,78,57,6,62,92,13,75,72,40,1,85,96,9,53,87,90,24,89,54,15,49,14,41,55,16,56,38,60,84,77,79,88,10,52,64,30,48,3,70,33,20,81,83,25,18,19,61,68,11,5,37,31,29,2,34,23,12,8,47,59,74,86,63,91,35,98,65,43,21,44,17
845,1.7151700035610702,0,13,9,38,96,71,17,74,95,14,98,81,94,59,18,58,52,46,25,80,55,86,69,61,22,70,34,4,26,45,36,44,63,10,56,33,89,40,2,21,47,43,68,83,91,24,87,97,75,27,3,30,28,78,60,31,15,29,49,84,57,42,88,23,51,82,64,8,54,16,93,66,35,6,32,76,99,12,79,5,62,72,77,7,53,50,41,1,67,48,65,85,73,39,20,37,90,92,19,11
846,1.716559997379136,0,83,41,63,81,91,60,47,6,23,19,15,32,65,37,84,53,55,3,27,25,76,79,16,87,85,14,78,12,49,67,56,97,9,52,80,71,1,35,34,18,96,31,5,48,70,93,68,61,36,22,69,66,64,40,88,58,75,54,21,45,24,62,4,59,77,39,72,46,28,89,33,92,43,2,17,20,74,26,11,86,51,94,8,50,42,73,10,30,99,95,38,98,44,7,29,82,13,90,57
847,1.6742450040903805,0,65,26,50,41,10,86,70,14,62,93,32,60,90,8,47,82,94,67,96,39,42,78,5,9,76,49,66,72,92,28,37,71,98,7,54,20,74,57,4,40,84,12,55,18,80,31,2,34,51,15,22,13,97,99,23,29,35,46,58,88,21,44,16,11,43,30,85,17,38,61,75,6,33,48,91,69,95,81,36,24,56,73,59,1,25,89,83,53,68,52,77,3,64,19,45,63,87,27,79
848,1.6746889984351583,0,38,90,99,17,31,14,61,95,75,56,46,67,25,74,88,29,72,35,89,42,94,93,77,39,84,49,54,6,69,60,70,71,78,62,57,48,97,45,41,20,43,58,26,19,34,4,51,40,1,76,50,3,96,87,53,9,63,80,65,81,55,86,59,22,2,36,12,13,47,66,21,28,8,7,37,92,10,5,24,32,15,11,83,82,98,33,79,27,68,23,85,30,73,18,44,52,16,91,64
849,1.380490991687111,0,37,23,41,87,38,95,13,89,58,20,14,42,62,35,19,22,24,66,9,34,92,33,43,69,7,81,44,85,17,59,99,76,31,45,46,96,91,73,97,98,65,90,2,77,74,71,68,10,4,57,29,21,51,15,18,12,80,60,8,28,36,1,78,55,27,88,82,50,67,39,5,54,72,3,53,25,26,93,83,49,52,47,84,79,70,63,16,40,30,94,64,86,32,75,11,6,48,56,61
850,1.5862799925853324,0,77,9,96,85,50,55,52,63,54,26,29,34,33,66,94,32,83,6,45,17,8,42,80,37,58,13,10,30,60,82,89,84,70,71,51,98,92,43,16,25,67,69,12,24,53,62,99,31,36,5,48,19,81,2,4,57,56,11,35,23,3,90,76,38,1,18,47,95,91,93,75,64,27,40,65,79,74,73,20,7,46,21,68,39,15,87,44,61,59,86,49,14,41,88,78,22,72,28,97
851,1.5375589919785853,0,53,1,36,30,62,15,72,38,51,68,63,56,46,44,42,45,57,28,17,65,96,18,43,27,49,69,94,16,7,2,60,34,9,23,12,32,95,59,77,31,21,78,61,10,88,58,6,29,48,47,55,19,66,3,83,37,80,71,8,99,81,84,26,75,64,93,76,85,22,13,14,87,5,90,82,67,74,97,54,25,40,4,73,24,39,92,50,79,89,98,86,52,91,33,41,11,20,70,35
852,1.6093649927643128,0,18,35,41,95,44,27,99,64,60,30,54,32,22,70,93,1,53,67,24,73,56,89,90,31,78,76,88,63,79,7,50,16,91,62,65,87,83,23,82,75,48,39,17,92,72,84,85,34,15,42,74,14,69,21,11,81,20,49,6,9,46,10,59,29,4,51,98,28,96,61,77,36,8,5,38,40,57,12,37,13,71,26,94,45,58,19,2,86,3,43,80,47,52,66,33,68,25,97,55
853,1.600820999005009,0,96,70,29,12,76,9,47,37,84,66,80,89,60,59,23,69,50,58,81,77,38,67,78,36,41,10,87,98,88,63,7,51,35,79,54,31,94,5,45,34,83,97,99,68,52,65,55,56,64,26,44,85,14,53,20,24,91,2,3,27,17,46,4,93,22,39,19,8,25,40,42,11,75,1,82,71,95,6,30,32,43,18,90,33,13,16,62,73,61,15,72,57,92,86,21,49,48,28,74
854,1.5309989962916006,0,15,25,5,38,92,85,35,42,43,24,93,95,63,88,6,9,75,28,33,14,72,13,70,55,19,60,68,18,81,69,61,46,50,87,71,52,83,40,4,74,51,23,89,49,58,16,54,66,84,29,94,97,64,10,30,80,44,39,20,21,34,78,8,7,41,77,67,31,22,37,45,90,79,82,48,17,27,96,3,98,62,36,86,32,91,99,47,76,57,26,73,1,59,56,2,53,65,11,12
855,1.6703889966011047,0,39,83,80,81,36,98,13,20,12,75,11,2,87,19,95,10,23,74,1,44,48,27,3,46,94,97,67,64,38,16,33,92,63,35,62,17,4,84,43,68,51,22,56,7,60,66,99,5,88,93,26,71,14,42,45,29,25,37,77,58,6,72,52,9,32,73,31,96,30,8,69,50,78,90,49,91,53,28,57,55,47,18,21,24,76,65,41,79,61,82,59,54,86,15,34,40,70,85,89
856,1.5116020036757618,0,80,88,14,97,7,68,9,74,18,63,64,78,98,81,1,42,99,67,54,92,34,75,13,62,41,23,40,59,66,46,56,32,60,25,55,20,71,79,95,47,10,44,37,21,31,24,29,6,22,35,30,48,85,27,52,94,89,50,36,2,39,12,49,33,43,90,83,93,3,28,72,16,19,57,70,17,11,58,53,26,69,84,96,77,45,4,38,87,76,61,86,73,91,8,15,82,5,65,51
857,1.5647399979789043,0,35,11,22,3,65,83,48,15,82,60,49,68,31,94,81,10,93,66,20,2,19,24,13,92,8,78,76,64,14,43,30,95,23,36,34,47,99,72,89,58,6,74,86,38,32,87,55,69,28,77,80,71,51,45,85,57,37,29,41,97,91,59,12,54,21,56,52,62,5,25,50,75,53,79,98,40,27,18,67,46,44,96,84,16,61,26,4,90,7,1,9,70,88,17,39,73,42,33,63
858,1.7843299903615844,0,33,63,10,49,25,67,12,27,43,62,23,55,94,18,82,64,34,7,24,40,51,4,41,15,6,90,86,85,13,81,1,89,56,70,37,32,58,46,78,45,9,61,44,47,95,91,69,36,39,19,11,99,54,42,53,65,72,16,29,73,88,20,84,14,48,92,80,8,28,17,3,52,38,87,83,60,30,77,5,66,68,79,93,57,59,74,31,96,76,22,26,97,98,71,35,75,2,21,50
859,1.5033260046911892,0,20,52,66,54,30,67,49,57,27,25,60,10,22,90,56,73,45,38,72,33,4,96,26,23,83,97,28,48,16,5,19,78,11,77,1,50,82,2,42,44,31,17,21,80,76,63,84,35,95,7,91,3,75,87,40,99,34,71,36,55,6,89,46,62,24,9,29,61,8,98,12,65,14,70,32,69,79,58,93,43,68,86,39,51,37,81,85,88,53,47,64,18,92,13,74,15,41,94,59
860,1.3746650019602384,0,38,72,30,49,93,47,34,64,29,39,67,96,75,9,60,3,81,84,80,65,99,37,8,74,82,41,42,7,68,52,28,26,13,63,48,91,57,61,27,32,85,20,95,83,92,46,18,15,33,51,98,89,94,53,43,86,71,76,31,73,4,87,17,44,23,36,12,6,50,79,11,70,14,5,58,24,19,16,62,21,10,1,45,55,56,25,77,59,54,90,66,2,69,35,40,97,22,88,78
861,1.7343319966748822,0,31,27,65,37,17,33,34,79,76,93,20,71,78,51,8,82,18,61,24,45,36,21,57,41,13,46,98,94,91,89,1,30,28,3,23,15,40,25,73,64,58,99,88,54,74,48,69,92,29,16,84,19,47,50,53,87,38,66,68,75,86,4,11,80,55,12,32,49,77,90,59,42,60,7,10,43,81,22,83,9,62,85,56,97,72,96,95,63,44,26,70,39,2,52,6,35,14,67,5
862,1.5511669993866235,0,96,31,4,53,15,97,44,41,89,88,84,36,10,35,75,37,8,29,16,69,78,18,56,48,46,82,27,76,66,79,90,55,87,6,58,24,71,21,34,25,93,19,64,54,12,52,14,59,11,99,74,30,73,77,20,38,65,61,85,67,50,5,51,60,92,28,23,26,83,63,3,98,91,43,47,7,49,86,72,32,39,45,94,33,80,40,9,57,2,70,62,42,81,1,13,95,17,68,22
863,1.5496239917411003,0,76,45,77,55,9,85,87,48,25,3,15,17,30,7,56,96,53,31,49,62,34,84,82,71,12,97,26,91,37,89,46,57,14,50,66,28,63,40,80,19,94,78,69,29,22,16,60,99,73,24,61,95,1,21,6,33,70,93,41,4,23,74,75,59,92,98,11,42,83,5,81,47,54,90,86,79,10,43,64,58,72,27,65,20,35,2,8,51,13,18,36,68,88,44,32,39,38,52,67
864,1.576306992355967,0,21,33,92,55,2,91,41,17,27,1,69,46,32,97,23,37,38,8,9,90,68,18,39,60,28,89,86,12,7,34,4,99,87,40,84,71,20,56,22,85,73,96,57,77,78,45,43,64,14,58,82,10,74,70,81,54,16,31,19,75,50,44,25,98,48,72,94,5,29,65,93,62,61,13,3,47,53,51,63,83,30,42,88,67,52,49,76,24,36,26,95,59,11,80,15,66,35,79,6
865,1.7800079943845049,0,77,49,41,94,46,47,96,28,12,38,86,87,82,26,8,10,50,56,78,73,91,93,39,44,90,45,68,92,58,9,55,37,16,95,85,24,59,32,34,18,83,98,88,76,84,5,20,99,69,61,75,62,64,65,14,42,67,89,13,2,72,31,19,23,70,17,6,11,35,53,33,60,81,3,1,40,21,22,27,43,15,71,25,66,48,7,54,29,36,74,79,52,97,30,4,51,57,63,80
866,1.4690069992757344,0,41,57,9,52,60,73,35,42,25,47,23,30,77,3,90,11,82,10,40,81,46,1,92,15,6,69,98,70,45,94,65,89,76,67,31,43,13,74,8,2,34,14,16,91,71,26,75,38,61,44,36,85,28,88,62,39,79,50,72,48,93,29,37,58,53,96,19,56,55,49,24,51,80,78,21,64,33,18,54,95,83,87,27,63,7,84,66,99,68,59,4,12,22,17,86,20,32,97,5
867,1.5933659914298914,0,57,22,98,58,30,18,69,10,75,9,94,42,36,64,84,71,27,41,40,83,1,38,33,96,43,8,67,23,29,65,89,59,99,62,7,50,47,45,77,4,72,51,48,20,3,16,46,55,85,81,25,73,32,74,11,63,6,5,31,66,80,93,97,95,76,14,68,35,90,39,82,17,88,86,78,49,60,52,44,53,70,34,92,19,61,2,26,87,12,21,56,91,15,24,13,79,54,37,28
868,1.6622759895108175,0,10,86,63,35,40,20,61,24,47,18,51,3,56,90,42,19,37,78,21,64,28,88,80,93,44,67,31,96,11,77,85,76,74,53,46,60,84,59,92,98,81,23,12,70,36,97,49,57,48,29,68,15,87,45,14,13,89,52,16,83,8,9,33,79,25,69,43,27,17,5,72,50,62,65,22,58,66,99,26,4,91,94,82,2,34,6,55,71,32,41,54,75,38,39,95,1,73,30,7
869,1.5722079939441755,0,69,27,62,99,42,83,51,43,52,61,85,95,5,64,20,40,76,70,75,10,77,34,68,56,14,28,72,55,29,90,16,45,82,8,80,38,81,39,26,58,17,86,6,13,54,35,41,88,79,96,71,50,92,12,89,32,23,48,46,7,18,57,93,65,22,53,30,15,97,31,78,21,98,25,3,37,24,4,49,87,33,11,73,74,66,60,47,91,84,44,59,67,63,2,1,36,94,9,19
870,1.4473479953740025,0,84,2,67,79,26,93,63,21,6,11,22,54,36,33,39,78,7,1,96,57,38,32,49,73,34,65,25,42,68,40,91,27,14,9,28,89,18,60,19,75,15,8,20,24,41,17,4,37,58,29,70,12,50,45,80,86,52,74,72,66,82,59,61,92,98,85,71,88,83,55,69,23,46,56,81,51,90,16,99,95,13,77,97,47,10,48,3,94,87,53,31,64,5,44,76,62,35,43,30
871,1.554076005180832,0,49,56,28,86,85,21,1,35,50,43,34,63,87,75,67,96,17,53,88,73,59,58,10,61,38,12,68,78,92,84,52,37,89,8,6,65,55,19,90,72,23,71,9,14,20,5,11,98,40,82,51,57,13,4,18,41,7,3,26,60,16,66,64,2,29,48,80,46,32,27,24,54,15,42,45,77,94,70,74,76,69,95,81,25,97,44,91,22,47,79,62,36,30,33,83,93,99,31,39
872,1.353926994430367,0,66,9,88,28,30,15,36,47,79,95,20,64,14,13,83,3,72,52,96,61,33,57,51,2,62,29,12,84,98,59,65,23,11,26,42,53,86,24,46,27,1,40,70,21,48,6,45,89,76,97,37,25,5,81,99,7,4,16,8,43,68,78,90,63,50,77,31,55,93,67,69,71,80,19,85,18,56,87,75,35,91,34,82,38,41,22,54,73,92,94,32,49,58,10,17,60,39,44,74
873,1.5413130017668664,0,97,17,45,87,5,53,13,19,74,85,92,65,89,61,34,76,82,7,47,21,6,9,54,42,20,4,25,58,18,86,73,81,41,27,59,38,44,11,40,37,46,52,63,39,12,22,56,51,50,15,2,83,35,67,30,60,64,10,1,3,70,95,88,72,36,94,66,28,78,71,96,55,43,91,84,75,24,93,14,49,68,62,48,57,8,16,98,69,32,90,29,79,31,26,33,23,99,77,80
874,1.5199879979809339,0,3,92,40,20,19,99,36,6,59,8,46,79,62,5,78,44,57,94,84,15,55,25,27,2,95,82,60,37,38,73,32,39,1,76,18,93,70,67,97,89,86,10,48,90,74,30,45,24,88,35,9,50,81,41,26,75,11,21,98,69,42,58,29,43,91,87,14,17,64,96,65,52,68,51,28,22,71,7,53,12,23,83,16,85,77,34,4,54,61,33,66,47,63,31,49,13,80,56,72
875,1.565600985506535,0,64,62,20,96,84,22,34,17,16,69,4,31,97,6,74,65,12,10,11,93,41,5,48,50,75,37,2,90,85,9,88,38,61,77,43,76,32,91,66,53,73,14,80,92,98,29,58,44,78,21,87,46,40,57,56,27,3,42,94,18,33,13,28,60,55,35,95,45,72,59,15,52,39,71,63,89,49,26,54,70,86,79,99,83,7,36,8,51,19,30,1,67,25,23,82,47,81,24,68
876,1.528224986162968,0,78,59,50,88,63,48,30,82,45,17,84,1,92,5,49,97,33,96,83,64,79,90,44,65,61,54,10,69,85,46,32,27,86,72,40,53,13,18,76,89,57,3,42,36,2,26,62,28,9,23,68,81,22,29,12,24,20,7,66,94,52,98,41,75,38,99,93,51,4,71,31,35,56,47,6,37,14,19,16,11,21,34,8,39,80,58,43,15,70,95,74,60,87,55,77,67,91,25,73
877,1.580001997659565,0,8,55,79,59,47,93,5,29,62,60,99,27,89,4,88,30,78,44,74,54,19,64,67,91,49,10,87,18,38,51,6,73,92,80,2,70,50,35,13,24,48,1,14,96,12,31,95,22,21,71,16,56,86,25,42,82,37,63,77,17,97,36,61,9,34,43,39,33,52,85,40,84,66,90,72,83,98,94,26,11,76,81,41,45,58,7,65,57,23,32,20,68,3,69,46,53,15,75,28
878,1.5577679923007963,0,56,18,20,14,54,62,70,91,58,4,68,49,8,3,67,71,39,24,78,73,75,84,6,13,97,53,96,1,55,87,95,72,32,28,22,34,11,42,64,19,69,5,74,86,63,37,47,98,48,31,50,25,43,51,80,66,17,81,83,52,16,33,21,27,12,90,76,30,61,99,36,85,88,26,44,92,40,10,82,45,60,7,2,38,94,93,29,15,41,35,23,46,57,79,9,77,59,65,89
879,1.4547800032014493,0,75,12,93,87,21,33,2,36,43,72,16,76,32,29,38,82,53,41,73,83,50,54,61,47,80,28,66,51,13,91,74,10,85,23,4,45,60,86,49,81,27,55,40,90,84,77,30,5,34,58,97,24,14,52,18,67,89,59,7,20,64,71,25,19,79,22,1,44,70,11,9,98,6,57,39,78,26,62,17,68,65,46,92,56,69,96,88,3,48,42,94,31,63,35,8,95,99,15,37
880,1.7310190008138306,0,98,77,94,76,26,23,62,69,8,89,28,61,46,67,91,53,15,3,78,74,2,34,32,18,42,86,80,16,36,48,58,66,81,4,51,90,70,63,57,73,96,93,68,33,47,5,12,35,99,22,1,24,55,71,83,30,56,43,10,40,49,84,11,20,79,54,85,97,21,37,95,17,9,75,82,52,38,45,44,72,60,88,6,50,29,13,39,92,27,7,25,65,14,87,19,31,41,64,59
881,1.8073349980986677,0,17,97,31,79,51,40,76,28,34,47,84,8,61,33,49,20,29,22,87,15,64,21,26,73,70,54,48,56,77,36,38,24,96,53,62,89,67,4,75,25,90,44,5,6,63,14,95,52,93,82,50,11,42,19,58,16,85,45,41,83,78,10,12,66,55,80,91,46,18,99,88,86,1,39,23,43,72,81,71,32,65,74,57,37,94,68,92,7,35,27,2,30,98,3,69,9,13,59,60
882,1.6837430009181844,0,64,4,21,80,96,32,44,71,83,88,11,58,23,89,67,33,90,87,52,91,17,84,56,46,43,22,55,6,39,72,86,3,82,18,27,41,66,1,57,98,9,2,99,65,62,42,81,93,54,51,26,30,92,68,53,45,49,36,16,61,40,28,25,29,73,19,75,60,77,5,35,76,7,38,95,94,12,48,20,69,85,47,37,74,13,31,79,15,24,10,63,97,14,78,34,50,8,70,59
883,1.4884439909801586,0,63,29,71,50,88,27,30,70,97,72,80,14,2,66,98,32,52,24,1,49,15,53,91,51,92,87,21,82,57,26,96,39,68,3,6,59,37,33,67,55,94,38,22,20,43,73,19,16,99,13,36,5,4,64,23,74,89,17,10,86,76,62,44,9,41,45,18,85,77,54,31,58,25,28,40,34,83,69,84,93,90,56,8,46,61,7,95,35,12,11,48,79,60,47,42,81,78,65,75
884,1.7806109919329174,0,83,67,1,48,97,75,22,95,54,50,26,69,63,37,82,85,46,15,59,64,51,30,80,4,93,35,73,29,57,7,28,61,38,55,56,27,90,88,49,16,71,81,14,25,44,17,62,60,98,70,5,31,79,3,23,42,41,19,96,86,9,84,6,21,8,99,12,66,68,58,39,65,78,13,33,45,34,2,77,47,40,20,53,24,32,52,72,18,76,10,36,43,74,89,92,87,91,11,94
885,1.7177309909893665,0,42,21,26,94,51,20,27,62,81,19,31,93,67,23,96,78,35,9,24,5,57,82,25,58,14,36,99,70,85,34,38,72,61,29,48,2,44,54,95,22,1,13,71,16,83,11,63,46,98,41,90,33,18,6,15,76,68,88,37,87,7,10,73,32,65,84,50,86,55,4,8,30,53,91,75,3,47,79,49,40,43,80,56,28,64,66,69,39,92,97,45,59,60,77,74,52,89,12,17
886,1.377218004745373,0,58,31,98,88,44,92,70,72,67,51,22,76,97,30,45,24,13,74,36,60,4,63,56,50,17,28,5,54,25,94,96,77,57,99,43,14,40,53,89,49,83,68,6,23,73,39,29,7,1,81,75,90,69,79,91,82,71,34,20,85,37,19,9,41,38,33,59,52,87,47,35,65,15,3,84,80,48,16,27,26,42,86,18,10,21,61,66,46,62,55,12,2,93,64,78,95,8,11,32
887,1.5956529845279874,0,37,91,90,27,15,41,43,21,20,57,10,32,64,7,86,96,25,74,69,38,17,9,47,63,42,5,8,19,66,49,34,14,13,62,2,28,55,58,12,52,18,95,82,77,24,35,56,85,40,84,59,1,67,16,87,65,23,71,79,45,51,31,93,22,99,97,89,75,76,88,73,29,11,98,81,54,6,53,48,72,50,26,39,70,60,46,36,92,33,80,3,94,4,30,61,68,44,78,83
888,1.6943340019588504,0,47,86,56,5,50,18,99,39,82,1,43,4,17,64,97,59,71,80,53,48,6,58,79,72,25,57,14,12,84,70,7,38,19,66,28,36,75,69,54,61,93,52,24,81,94,60,34,78,30,46,35,98,16,11,31,51,21,76,85,88,45,13,33,92,29,90,62,32,96,37,2,91,9,20,44,83,3,67,10,42,87,68,41,65,73,15,95,55,49,22,74,27,8,23,26,89,63,40,77
889,1.4665820015666213,0,93,95,7,46,52,34,20,54,67,63,33,74,73,24,49,12,1,48,62,72,36,75,15,69,59,57,78,44,56,76,14,51,30,89,19,71,79,21,68,55,23,81,99,10,43,94,3,53,42,85,50,11,80,88,26,38,77,8,82,16,45,31,47,6,66,35,61,84,92,29,64,9,98,27,32,86,87,25,90,4,60,96,65,22,2,13,18,91,97,70,41,28,39,40,37,17,83,58,5
890,1.5568129995372146,0,73,34,79,10,41,62,20,6,85,49,21,26,52,15,16,4,61,31,78,76,84,94,3,1,55,27,19,32,91,80,82,83,95,48,35,7,38,45,75,77,71,87,57,63,9,43,33,18,17,30,92,97,24,53,69,22,93,54,90,88,98,65,44,74,59,60,96,50,2,37,68,47,25,42,36,89,13,81,56,66,39,5,86,72,58,70,23,28,12,64,29,99,11,40,14,8,51,67,46
891,1.5630540024430957,0,53,20,6,87,2,62,22,32,26,25,44,72,16,75,21,30,81,99,33,35,78,95,17,52,67,41,93,11,45,8,60,92,27,29,82,3,97,80,90,12,69,23,19,28,61,77,1,91,57,76,79,66,48,40,88,24,43,54,50,56,18,83,63,68,14,89,47,49,46,4,39,70,7,65,9,74,31,96,71,58,55,51,73,59,10,37,94,38,85,84,42,64,15,5,36,98,34,13,86
892,1.5034010000526905,0,43,50,81,71,11,9,20,44,38,41,63,30,89,4,3,72,80,58,78,10,57,2,8,26,35,98,13,73,62,64,66,70,40,59,16,17,79,15,92,18,21,93,95,45,37,27,48,28,54,94,99,53,46,42,34,69,56,91,90,29,6,5,24,12,14,75,84,74,60,22,1,39,25,33,23,97,55,49,65,47,87,67,85,77,36,31,7,82,86,76,51,88,61,68,52,83,32,19,96
893,1.4077389955782564,0,23,53,82,16,92,51,17,46,35,25,73,67,3,75,84,61,45,90,36,13,5,62,89,31,85,74,42,52,96,38,94,14,68,80,29,79,18,47,57,69,93,44,40,97,33,37,21,12,58,72,10,50,24,76,30,8,2,78,27,7,65,39,83,41,64,59,48,86,70,91,63,49,32,6,43,19,1,28,71,54,34,4,66,95,77,9,99,22,98,55,56,26,20,81,15,11,87,88,60
894,1.987675990400021,0,27,81,18,74,37,45,94,58,54,34,92,87,57,2,9,14,44,56,99,98,79,61,39,1,19,16,64,72,7,86,33,88,29,59,47,35,60,69,52,24,97,96,12,20,36,67,38,90,66,80,95,82,13,84,48,51,11,53,68,41,8,50,25,31,77,83,89,76,73,10,21,40,91,32,26,15,5,30,17,65,4,55,46,70,23,43,3,42,78,85,75,22,62,93,6,49,71,63,28
895,1.6170239912898978,0,45,14,74,95,25,30,62,79,82,71,96,27,93,84,80,40,5,90,23,32,41,69,94,56,58,10,68,97,59,1,8,63,43,72,21,18,75,51,29,73,7,70,47,9,99,78,31,36,65,86,48,46,6,12,60,17,13,44,98,3,4,22,54,38,37,61,92,85,2,16,67,57,89,11,76,39,52,88,55,19,24,50,20,28,35,53,64,66,42,83,15,81,87,49,91,77,33,34,26
896,1.5436400033868267,0,39,77,47,34,71,2,5,28,10,9,16,81,15,55,91,93,58,70,97,21,44,67,27,63,92,79,96,35,98,43,7,89,6,14,24,11,12,45,84,22,23,66,82,38,29,1,59,57,74,17,13,78,25,31,95,87,99,94,90,42,68,48,76,41,40,85,46,73,56,36,69,72,88,53,3,19,80,37,8,62,33,32,49,64,52,83,51,50,86,26,60,65,75,54,20,18,30,4,61
897,1.338450999071938,0,34,26,69,20,61,64,91,88,73,53,1,79,98,10,76,32,22,62,35,78,57,12,33,77,13,23,44,95,45,2,56,89,19,48,75,58,84,50,15,29,24,83,68,7,17,97,49,3,74,99,46,81,90,60,30,66,21,65,82,4,27,40,70,96,42,25,16,8,47,18,93,31,86,85,92,55,11,6,39,80,36,28,63,72,71,87,51,14,59,38,52,54,5,94,43,67,9,41,37
898,1.7481930067006033,0,68,45,66,22,93,27,92,11,26,86,7,85,48,32,43,2,39,65,38,34,53,72,99,57,5,18,52,71,13,76,59,82,30,12,51,79,10,15,83,58,54,74,24,6,16,37,40,67,56,17,95,44,97,33,69,98,8,80,84,62,61,77,9,78,50,94,36,20,42,87,3,55,63,23,88,47,14,29,73,31,89,96,19,70,90,1,28,81,46,64,49,25,21,41,91,75,4,60,35
899,1.351022991068021,0,31,72,92,11,23,54,4,9,24,42,66,52,63,57,58,93,77,69,47,32,30,95,94,90,97,26,27,5,70,87,48,99,19,64,79,55,68,65,46,12,28,39,6,25,96,83,13,35,76,81,49,17,7,15,16,88,60,10,8,71,86,80,21,20,2,78,85,56,33,51,38,91,89,61,37,3,50,29,53,41,43,40,18,14,45,98,75,62,22,84,1,74,44,34,73,82,67,59,36
900,1.3682539942819858,0,97,85,26,64,82,89,36,5,46,66,10,80,32,96,33,34,45,54,49,2,56,76,81,27,24,68,29,52,13,9,48,92,4,25,47,53,50,57,65,88,20,12,18,41,1,62,86,51,99,73,44,39,91,63,55,17,70,22,16,30,93,87,95,69,23,90,71,77,43,31,74,59,11,72,98,37,8,58,14,28,21,94,38,3,40,6,79,67,7,78,35,42,83,75,19,15,84,61,60
901,1.6357699953659903,0,95,86,20,23,5,45,55,58,37,42,63,17,31,93,81,38,9,80,24,4,30,67,22,74,18,69,66,83,70,39,96,61,12,57,90,14,40,34,72,89,85,32,59,91,21,82,56,71,73,15,51,28,78,26,79,75,7,3,46,99,35,92,48,97,76,62,65,19,11,50,47,33,27,44,87,53,29,54,1,6,77,94,13,60,41,52,16,84,8,43,98,49,68,25,36,2,88,64,10
902,1.674645983031951,0,4,39,47,60,82,18,75,1,62,67,27,95,15,51,73,77,65,40,79,44,20,56,28,74,34,35,68,84,89,36,42,72,7,21,81,66,70,26,83,2,8,78,59,85,88,30,12,63,91,29,3,52,86,80,99,97,37,14,94,6,22,46,93,57,41,58,55,98,25,87,45,90,9,31,61,38,11,16,92,17,76,23,69,54,33,13,5,50,32,53,71,19,49,10,24,96,64,43,48
903,1.6146960028709145,0,79,64,22,61,89,94,23,44,14,11,8,20,76,30,36,13,4,81,37,75,68,92,28,90,99,87,12,63,15,19,40,51,46,5,26,27,3,16,7,85,25,95,33,69,17,35,93,77,52,82,21,59,34,41,60,67,38,9,97,73,54,43,50,55,84,42,1,62,45,53,49,56,2,57,29,83,47,65,71,66,6,86,24,72,31,48,88,32,96,74,39,98,70,91,10,58,18,78,80
904,1.6030899941397365,0,38,88,72,28,53,25,64,27,41,49,9,95,37,22,81,36,51,34,47,57,73,89,21,58,48,32,96,60,17,55,24,76,19,70,31,29,39,86,84,18,5,99,93,11,97,61,30,1,2,71,45,68,98,20,82,33,91,54,63,15,42,69,65,80,23,94,16,3,77,7,74,40,8,52,4,44,13,92,59,35,75,79,12,87,85,62,10,6,43,90,78,83,66,50,56,26,67,46,14
905,1.5242450022487901,0,59,33,68,12,24,69,31,22,18,55,62,93,42,37,50,51,94,2,29,16,70,44,41,8,35,43,52,72,39,34,26,25,85,57,61,53,3,60,79,1,47,40,4,82,86,9,64,54,15,30,36,81,75,67,11,97,48,99,96,23,77,95,73,38,10,65,88,17,87,21,92,76,6,89,45,80,27,49,58,19,32,63,14,5,71,13,20,46,7,78,90,28,98,74,91,66,83,56,84
906,1.5289399874818628,0,95,45,30,8,54,98,10,26,22,47,62,49,79,64,3,82,24,12,58,66,78,77,6,16,74,27,28,44,61,96,97,94,99,21,59,32,48,34,73,31,84,68,55,80,46,2,52,15,1,89,33,72,42,92,20,13,19,71,65,70,39,63,35,56,23,18,90,76,87,51,7,50,36,81,41,17,93,83,53,67,5,57,29,9,25,88,11,40,37,38,14,75,91,60,4,69,86,85,43
907,1.4892839927633759,0,64,87,21,72,53,32,20,40,3,42,97,61,33,22,1,43,18,81,13,82,6,30,19,58,57,41,83,26,9,15,62,54,12,98,37,14,65,10,25,78,56,75,7,90,91,94,51,67,27,80,93,52,36,77,46,70,89,55,88,66,34,60,2,11,74,84,59,69,96,17,39,63,28,73,48,8,31,92,45,44,24,5,79,86,16,49,4,29,68,23,95,85,99,35,38,50,76,71,47
908,1.551890994393034,0,97,95,40,44,66,61,52,67,56,99,23,89,74,59,96,77,37,8,88,57,27,85,28,10,15,4,82,90,53,33,20,18,30,93,25,55,6,63,60,19,87,34,98,75,2,94,31,64,21,68,47,17,39,43,42,79,1,5,7,69,48,50,49,76,78,13,65,22,51,14,32,41,29,86,91,16,80,12,58,35,72,54,83,70,62,73,81,84,9,46,38,71,11,36,45,26,3,92,24
909,1.920210995041998,0,98,96,3,87,27,21,93,59,63,8,44,83,38,84,75,32,89,69,9,86,60,28,35,19,71,56,7,94,30,24,52,85,61,41,5,99,11,53,77,10,20,1,18,16,82,50,37,55,26,62,23,13,91,95,42,72,25,17,29,58,15,14,12,45,39,34,2,48,6,47,51,4,68,92,65,43,80,73,54,66,78,76,90,70,57,49,31,79,36,97,22,64,46,40,88,33,81,67,74
910,1.485031988893752,0,71,51,56,12,8,30,46,38,19,75,99,2,14,17,23,24,80,78,16,86,31,84,63,22,48,10,32,97,73,98,33,59,69,83,44,5,72,20,90,52,3,64,7,50,25,9,45,39,49,65,55,54,96,74,91,47,11,6,43,67,28,18,36,57,1,58,95,66,26,29,27,88,85,70,68,81,41,13,35,21,92,82,40,53,77,15,89,4,79,76,37,60,42,34,87,93,62,94,61
911,1.6598239871527767,0,43,62,22,21,81,5,47,90,36,94,3,30,83,14,20,4,52,17,56,29,7,51,19,9,76,66,68,42,48,55,27,33,1,80,24,8,92,45,86,46,95,50,37,71,13,39,75,91,34,67,69,88,57,84,85,15,10,26,72,99,38,58,41,31,12,32,87,16,60,54,61,25,49,65,89,70,98,79,82,40,23,73,18,78,74,53,97,59,11,77,35,28,63,44,96,64,6,2,93
912,1.4450559966116998,0,15,11,10,9,79,78,46,70,25,42,48,76,90,6,75,20,94,13,58,82,53,37,18,40,35,38,17,28,64,88,51,65,59,12,63,41,62,34,30,47,19,93,54,99,98,60,45,72,87,66,21,85,8,91,39,55,56,27,36,69,32,71,86,31,16,2,77,97,57,5,26,89,1,29,22,44,7,96,68,83,43,52,50,73,33,14,67,92,61,49,95,24,84,23,74,4,3,80,81
913,1.59768099275243,0,82,4,54,10,35,15,17,79,50,96,77,12,16,41,37,21,2,6,32,39,3,30,90,64,7,76,83,18,78,26,93,34,49,24,59,97,67,98,87,88,31,60,55,70,99,72,5,85,29,75,68,11,86,9,71,95,62,25,91,51,20,45,66,58,19,94,42,81,44,89,92,22,36,61,38,52,23,63,1,47,48,27,40,33,13,69,46,43,80,8,65,28,57,73,74,56,84,53,14
914,1.5963679938140558,0,57,92,7,12,17,46,84,58,69,19,83,62,1,20,52,72,77,41,10,42,23,65,99,22,51,74,48,47,71,39,55,87,78,32,24,13,56,94,29,9,2,70,49,8,85,18,3,98,54,88,16,37,75,35,4,5,15,59,28,63,89,44,76,97,30,60,66,43,14,38,31,36,67,95,81,73,64,6,27,25,86,21,96,34,90,33,80,79,26,40,45,50,68,61,82,93,91,11,53
915,1.465147007314954,0,46,94,93,39,25,34,75,76,81,89,6,30,32,4,19,88,5,8,70,92,43,62,23,24,49,61,97,99,91,57,55,37,18,16,7,60,84,12,11,20,80,77,54,44,59,31,48,68,96,72,3,50,64,45,90,35,40,82,95,63,53,42,17,14,38,86,78,56,21,71,73,1,15,47,33,51,27,22,41,58,36,52,74,66,98,65,13,67,2,28,85,79,9,69,87,10,26,29,83
916,1.4576599985011853,0,20,24,43,78,46,4,11,52,7,48,80,31,2,51,26,54,77,14,90,27,99,22,70,13,63,28,39,25,91,5,79,57,18,34,15,30,47,72,66,1,61,37,9,50,76,35,88,16,12,95,92,33,3,65,69,23,42,73,40,55,59,60,38,19,93,49,86,96,82,87,29,94,67,58,53,75,97,44,64,71,98,17,56,84,10,74,21,6,85,8,36,41,89,32,62,81,83,45,68
917,1.7014609884936363,0,53,45,75,7,18,37,81,12,13,97,83,63,8,22,26,85,87,9,4,1,25,30,90,98,16,49,60,82,51,95,10,33,5,52,23,58,92,41,70,29,28,73,93,42,11,62,6,91,78,48,84,89,3,21,67,47,24,40,79,71,14,50,88,54,61,34,80,96,20,86,55,46,35,94,72,2,17,66,36,32,44,57,27,74,19,56,38,76,77,68,39,15,31,69,59,43,64,65,99
918,1.4304930016187427,0,73,18,81,39,37,67,97,76,36,95,84,63,92,41,50,60,14,55,79,19,21,9,4,56,96,45,29,31,13,15,22,20,88,70,17,61,66,69,38,85,7,16,28,90,30,71,75,99,1,94,52,6,27,34,26,86,51,48,10,3,23,47,24,54,68,5,64,49,77,12,62,35,33,53,42,25,72,32,78,65,83,46,80,98,59,44,58,43,91,8,82,93,89,87,11,2,57,40,74
919,1.4878069984333706,0,56,35,29,76,42,48,38,16,18,44,81,97,24,72,65,60,3,85,67,26,78,4,43,88,31,46,40,62,21,87,69,51,39,96,10,30,23,33,11,98,90,19,8,20,14,94,5,37,54,27,93,25,28,7,71,55,66,70,9,34,58,73,57,6,75,89,1,15,47,12,86,59,32,91,77,13,63,95,22,36,49,2,53,74,92,64,82,17,79,80,61,84,50,68,99,83,41,45,52
920,1.5307819912704872,0,85,68,83,80,65,47,92,26,91,99,31,10,44,27,57,93,9,17,58,55,48,3,70,98,87,22,24,36,61,15,69,41,76,89,63,56,90,52,18,23,73,30,82,5,86,78,81,1,6,53,74,7,19,25,14,28,16,77,67,62,32,96,66,43,11,12,97,75,2,20,34,64,71,79,72,37,51,49,46,54,94,29,4,45,40,95,38,21,88,33,50,42,39,8,13,59,60,84,35
921,1.545437993016094,0,77,31,21,19,26,66,82,99,7,83,81,25,62,29,92,32,59,86,49,22,91,61,42,98,93,24,67,73,46,6,35,69,13,2,54,40,41,14,56,53,72,20,8,63,50,43,12,87,47,28,38,55,27,88,9,51,36,95,71,4,48,74,52,15,45,85,11,79,84,97,58,16,37,90,65,89,68,80,60,44,70,76,64,30,94,3,78,1,33,5,75,57,17,96,23,39,34,18,10
922,1.42073900156538,0,27,42,68,8,94,98,35,87,84,13,34,65,49,37,17,71,24,38,79,73,91,7,52,41,61,19,58,20,85,96,3,72,22,16,77,43,29,53,63,14,18,4,97,55,1,56,46,78,57,70,69,64,83,60,39,36,92,40,86,31,48,89,75,95,88,11,21,82,59,6,74,44,33,67,5,2,54,26,76,15,30,25,50,51,80,45,32,93,10,9,90,12,28,99,47,62,23,81,66
923,1.533879990602145,0,60,85,14,15,69,45,77,13,58,90,97,57,24,76,89,22,59,84,50,18,70,41,40,68,32,74,23,82,29,75,35,11,67,92,17,62,52,55,2,66,56,63,93,31,65,46,39,42,98,3,19,54,86,12,47,30,21,83,26,38,4,6,7,73,71,96,1,20,94,34,33,72,91,88,48,51,44,27,81,79,78,53,8,99,28,10,36,61,87,16,9,25,43,37,80,5,49,95,64
924,1.5160079995694105,0,35,16,85,75,13,98,89,48,82,34,19,87,74,18,32,97,10,63,80,3,58,25,51,61,24,31,86,69,56,79,17,72,78,57,73,6,8,30,83,64,65,12,59,41,50,52,88,49,91,44,55,53,45,42,68,9,66,1,36,4,47,40,37,62,93,60,5,94,84,22,70,76,15,43,92,28,26,46,23,21,20,38,96,7,90,99,95,27,14,11,77,67,71,81,39,54,29,2,33
925,1.6855499945522752,0,64,28,17,70,98,3,83,67,1,74,33,31,63,38,60,72,27,37,25,59,12,78,84,56,88,79,30,69,22,52,58,96,54,71,18,45,47,76,66,23,55,15,80,92,34,86,89,2,94,35,49,73,26,75,19,99,36,90,81,91,62,9,40,10,68,32,87,43,5,11,53,57,8,42,48,85,29,20,7,21,50,24,46,44,77,14,16,39,4,97,6,95,61,82,65,51,93,13,41
926,1.6712749986327253,0,90,66,48,6,91,4,46,32,87,37,73,15,11,94,18,10,71,40,92,31,3,21,93,5,62,51,50,88,86,27,55,2,54,84,68,49,69,20,24,61,28,26,79,59,38,39,7,9,13,99,81,30,57,75,52,45,34,17,19,74,65,41,47,64,16,85,43,82,96,8,58,77,35,72,22,89,67,60,97,53,42,29,36,12,80,76,44,33,56,83,25,98,70,1,95,78,23,63,14
927,1.5941769828787073,0,38,15,28,49,31,11,76,85,35,79,51,91,4,95,61,12,84,22,90,26,88,25,60,39,34,20,32,73,54,52,46,47,98,74,29,44,19,62,71,53,64,55,87,83,58,59,10,45,78,80,48,3,17,37,65,69,63,6,16,13,70,57,41,42,21,75,89,94,77,9,82,36,67,8,56,24,68,14,43,33,97,86,18,96,2,81,93,66,99,7,23,30,92,5,27,40,1,72,50
928,1.3596159991575405,0,50,36,66,96,79,76,97,34,2,99,27,81,82,14,5,98,21,78,4,68,51,22,6,67,77,86,53,92,88,89,39,12,58,65,23,9,87,19,41,74,69,54,73,37,48,29,94,18,40,1,38,75,71,3,15,35,7,30,8,57,20,59,85,42,70,80,63,60,28,17,95,72,31,33,62,83,55,16,52,13,47,24,49,10,26,11,44,43,61,45,91,32,25,56,93,46,84,64,90
929,1.532227991920081,0,14,74,41,21,50,22,99,9,84,51,91,28,58,13,94,35,93,40,82,69,33,44,60,61,92,24,10,67,45,4,15,55,65,89,34,7,96,19,79,70,27,54,18,49,32,36,95,59,81,98,38,64,2,73,20,52,26,76,29,42,17,5,78,56,66,37,12,80,48,16,88,6,43,83,53,23,71,11,85,57,63,77,62,39,1,68,31,75,86,25,47,46,90,8,87,97,72,30,3
930,1.6453579981462099,0,51,66,40,57,5,80,4,58,27,90,65,16,29,85,97,25,33,31,18,1,74,72,22,39,3,77,52,21,13,62,7,76,43,71,30,35,17,56,88,38,36,94,24,19,60,9,12,49,37,47,78,48,44,70,10,20,98,86,79,23,64,41,50,59,83,99,91,92,63,82,93,11,15,53,32,68,42,89,28,45,8,2,34,67,55,96,46,84,14,69,54,61,81,87,6,26,95,75,73
931,1.5680249884608202,0,48,86,60,81,42,2,96,27,36,43,20,92,21,84,89,79,41,31,46,49,94,99,13,98,52,38,74,75,64,30,15,73,97,19,61,33,91,59,85,35,70,67,88,44,72,17,1,3,12,29,76,57,58,93,23,65,56,14,71,9,47,77,78,32,28,25,10,69,83,11,90,18,4,50,62,82,51,8,95,6,55,34,54,26,24,68,63,80,7,39,87,53,5,66,16,40,45,37,22
932,1.413951998401899,0,39,36,66,82,99,52,15,91,20,79,96,37,48,5,6,23,12,72,25,89,73,42,29,70,43,1,8,22,98,94,7,16,64,60,26,13,17,28,65,35,74,3,31,33,34,27,75,84,85,88,47,45,46,77,24,32,56,40,10,67,44,58,30,59,4,9,57,81,11,54,21,71,61,53,51,63,86,38,92,18,87,69,49,78,97,41,55,68,95,80,90,93,19,76,2,62,83,14,50
933,1.4900699931749841,0,11,18,23,68,3,35,5,78,56,51,76,47,83,52,13,39,93,12,8,40,48,90,85,62,37,69,10,91,81,30,31,34,80,17,43,92,28,82,63,24,38,64,26,61,60,32,98,65,96,79,49,86,44,4,84,54,88,19,75,2,21,55,74,97,45,9,14,57,53,72,71,33,70,1,94,46,42,20,58,77,59,99,22,50,95,73,6,15,29,25,89,16,67,27,36,41,7,66,87
934,1.5012359894899419,0,28,42,62,69,52,45,41,78,9,33,55,18,46,66,84,47,39,19,23,29,3,72,12,13,51,98,99,60,16,24,56,26,97,93,67,49,75,2,25,88,5,71,40,89,35,37,32,14,15,20,90,30,85,21,74,77,70,4,38,58,80,6,10,94,64,11,50,54,76,7,68,81,73,48,59,36,63,83,65,8,31,17,61,91,44,82,86,92,87,22,1,79,53,34,27,57,43,95,96
935,1.3687419891139143,0,27,56,4,89,55,41,5,81,40,10,93,97,46,75,98,21,99,88,91,62,69,16,12,57,77,37,1,94,42,2,7,20,60,34,87,36,84,47,58,64,83,54,23,43,52,80,82,19,22,45,38,33,71,8,49,9,50,90,14,65,86,66,17,35,32,61,31,30,78,72,44,13,53,85,63,74,3,59,24,25,95,67,70,6,73,96,18,15,92,26,76,11,29,51,28,39,68,79,48
936,1.4838279886898817,0,25,95,27,67,13,49,52,42,71,75,23,99,69,91,76,54,70,98,77,92,96,4,97,33,22,55,44,38,85,9,20,64,59,58,66,78,7,72,46,21,35,37,86,1,40,62,6,80,34,93,73,8,15,18,63,60,39,89,57,90,84,31,14,11,68,16,81,56,79,82,65,28,94,5,17,61,43,29,45,12,3,51,50,32,48,53,30,47,10,19,87,24,41,2,36,26,83,74,88
937,1.4245340004417812,0,66,47,89,6,3,58,15,11,48,93,33,17,5,32,40,98,82,90,55,97,8,60,38,94,42,13,21,62,30,86,31,54,4,43,95,70,28,88,51,44,10,83,61,18,50,12,1,59,25,49,9,24,56,20,26,99,29,27,85,53,2,36,87,14,68,45,76,16,34,74,7,57,78,92,96,80,72,75,84,39,73,22,41,52,79,64,35,91,19,46,81,37,65,63,23,71,69,67,77
938,1.5553059899248183,0,98,62,76,47,70,12,73,56,91,89,92,29,64,99,71,82,48,42,66,54,40,30,49,21,87,43,20,75,35,28,39,15,50,37,90,3,24,26,69,31,6,58,36,60,53,67,10,27,95,94,51,13,84,33,96,83,45,72,14,79,7,25,8,86,68,77,4,65,17,1,19,22,81,93,16,44,41,34,74,18,32,97,57,11,78,80,23,9,5,46,38,88,59,52,2,61,63,55,85
939,1.6581729901863582,0,84,81,64,22,96,92,18,89,45,31,6,91,85,70,46,3,25,77,78,76,26,97,42,16,86,57,2,87,51,17,7,1,69,15,38,71,90,67,49,23,98,58,30,50,66,9,72,52,34,8,10,65,56,37,55,82,79,62,99,44,63,68,74,33,11,19,83,75,36,4,48,59,88,29,60,94,14,27,43,95,73,39,47,93,20,21,53,61,40,5,13,80,32,12,41,24,54,28,35
940,1.4969859914272092,0,38,31,30,80,50,19,84,53,21,67,6,70,32,2,66,54,44,97,69,4,90,68,5,94,23,1,47,41,96,27,59,91,92,37,98,56,87,13,83,75,33,81,25,55,93,42,76,9,17,95,16,35,61,58,14,28,73,74,65,88,57,63,77,7,85,64,86,36,48,12,60,29,11,3,15,39,10,22,45,78,71,26,62,79,20,24,18,89,8,51,43,99,46,52,40,34,49,82,72
941,1.556328997190576,0,44,1,34,24,12,48,46,18,63,76,35,91,10,8,55,89,57,43,22,86,20,28,87,7,60,26,32,67,80,68,50,59,33,77,5,84,3,64,42,93,39,36,62,52,65,47,14,74,23,11,16,96,45,49,94,2,41,58,78,95,38,6,9,19,97,40,81,51,85,72,66,69,83,73,61,75,53,99,21,88,71,13,56,37,29,27,54,82,15,79,4,70,92,90,25,30,98,31,17
942,1.408753984957002,0,35,52,83,55,13,96,11,48,74,71,7,66,17,85,53,18,4,12,70,30,37,64,46,14,15,97,51,59,3,86,31,93,54,29,75,6,24,47,99,26,58,21,88,87,91,33,32,5,27,80,57,68,92,36,95,76,63,77,34,19,8,73,2,38,39,72,44,79,42,28,50,84,98,90,61,65,94,49,22,41,81,43,67,62,9,10,16,1,23,69,40,45,20,89,60,56,78,25,82
943,1.5506279880646616,0,72,26,92,98,73,80,59,67,31,33,47,77,45,75,95,63,53,90,68,8,42,1,76,79,97,32,50,7,71,25,13,28,52,27,23,93,56,86,4,36,18,37,83,22,65,43,21,11,29,70,2,15,40,3,85,20,54,94,5,46,19,9,82,16,74,41,34,64,48,55,10,69,66,81,44,38,99,61,78,96,14,89,35,88,60,6,12,58,39,87,30,49,57,17,62,91,84,51,24
944,1.4961299921997124,0,7,17,44,10,96,78,27,90,94,84,29,73,66,99,49,41,72,21,28,18,88,45,59,54,61,50,20,63,38,55,51,19,71,36,65,97,57,30,5,47,76,74,2,11,64,46,67,68,89,60,81,87,32,82,9,1,26,13,42,53,6,69,31,58,39,92,15,22,83,37,8,86,62,95,14,80,56,48,79,3,16,85,52,4,43,23,70,33,12,40,25,93,91,24,75,35,98,77,34
945,1.5951240014546784,0,54,91,7,69,86,9,94,46,92,95,45,13,67,87,76,80,90,43,38,77,15,53,96,23,31,61,56,39,25,4,42,27,22,66,41,17,12,36,35,65,10,48,72,16,55,14,30,82,99,97,33,2,18,58,34,47,21,59,84,93,26,3,5,71,75,68,78,44,85,98,57,19,74,73,83,88,63,11,81,20,64,49,79,6,89,37,1,29,50,51,70,24,28,52,62,8,32,60,40
946,1.4580149960547715,0,16,66,42,27,93,80,68,57,14,75,28,43,90,85,45,73,35,86,2,59,36,17,19,32,11,22,52,39,31,55,25,5,30,13,7,51,67,8,15,79,38,20,44,47,74,82,72,78,77,98,83,92,64,3,48,60,49,84,69,56,76,23,37,94,6,71,95,61,63,89,81,50,41,24,4,33,29,12,53,62,34,9,96,21,1,40,54,46,18,26,91,65,10,58,97,87,99,70,88
947,1.6814129890535696,0,38,9,76,52,43,71,30,16,47,87,46,69,28,68,82,77,24,55,70,7,19,18,33,81,6,57,8,97,34,84,83,80,42,63,29,3,88,51,53,95,93,90,31,96,41,72,67,91,50,27,79,48,15,12,65,56,17,35,37,26,44,85,92,1,36,10,58,2,39,75,64,89,45,13,21,14,49,61,40,22,20,86,99,4,62,11,73,66,98,32,60,54,5,25,78,94,23,59,74
948,1.7088479995145462,0,81,35,74,13,11,42,22,56,44,96,19,79,89,40,15,62,97,12,8,50,30,61,76,41,34,85,54,1,65,64,20,80,10,98,90,4,9,31,72,43,99,37,92,46,25,57,5,47,29,53,7,73,83,66,87,78,67,18,95,68,84,63,49,16,21,2,32,51,70,39,38,75,88,17,82,93,77,24,94,60,48,59,58,26,33,45,28,3,86,91,14,23,71,27,55,36,69,52,6
949,1.4183389970894495,0,43,77,74,23,32,2,88,62,58,37,95,64,20,97,45,80,70,3,55,85,61,68,4,89,19,11,96,72,79,14,35,18,40,87,49,41,42,93,53,25,92,38,54,6,84,27,22,69,57,28,71,75,76,8,24,99,86,7,59,66,67,31,78,60,29,56,12,15,10,82,90,91,30,63,26,33,94,73,17,50,5,47,16,39,65,48,9,81,1,44,51,34,21,46,52,98,13,36,83
950,1.5048869973106775,0,45,92,70,40,94,87,1,60,34,57,17,33,27,88,21,14,55,36,38,8,93,42,65,37,98,89,3,39,13,30,79,56,74,59,76,62,18,24,5,75,54,68,96,4,6,41,51,90,50,83,31,11,49,12,28,25,15,53,16,86,9,26,43,48,77,66,95,32,84,71,47,80,20,99,44,61,2,97,35,19,72,63,82,22,52,64,78,29,46,91,7,85,67,58,69,81,73,10,23
951,1.611592998553533,0,2,26,62,95,37,14,67,74,4,59,77,92,49,44,46,68,64,90,21,63,48,12,41,81,53,54,83,56,73,60,66,88,16,65,99,51,17,36,10,29,23,93,30,70,11,27,94,72,19,32,82,15,3,57,8,33,58,35,84,79,50,5,85,34,96,18,38,40,13,31,42,45,9,75,1,43,87,25,28,76,6,39,78,7,24,22,47,61,55,98,91,86,80,20,89,52,71,69,97
952,1.4926569990930147,0,25,61,93,85,89,28,6,69,68,31,20,43,60,5,67,9,23,12,84,1,4,18,92,39,11,48,99,51,86,62,45,34,90,35,47,41,59,53,91,13,75,14,16,8,27,66,32,78,2,54,33,49,64,72,7,98,44,87,96,77,46,3,55,97,15,10,19,26,24,80,17,37,52,56,95,81,71,65,30,50,38,29,74,42,94,63,22,21,70,58,73,76,36,83,79,57,40,82,88
953,1.439355001464719,0,70,78,59,5,85,86,3,9,91,75,36,73,41,87,27,13,2,82,97,83,62,39,52,76,99,92,60,64,48,47,81,68,16,90,31,28,96,23,77,17,54,37,55,74,61,46,58,88,80,14,53,72,7,45,34,30,19,84,24,57,43,8,26,22,69,25,42,94,66,63,11,95,32,40,50,20,56,18,29,33,12,38,1,4,21,51,10,6,71,35,67,98,44,15,79,93,49,65,89
954,1.5612429912289372,0,19,99,79,70,56,42,37,92,28,23,87,50,57,18,98,31,81,63,10,80,38,71,53,3,58,83,55,39,43,11,91,5,47,82,2,25,21,45,75,52,54,89,12,93,7,95,97,65,78,4,33,32,72,94,85,49,59,9,69,67,48,46,62,27,26,29,36,68,60,84,22,34,73,15,40,41,35,44,6,1,13,51,76,20,16,66,30,24,64,74,14,96,90,8,88,86,17,61,77
955,1.2937500002299203,0,99,62,5,92,90,51,79,37,32,26,18,48,70,98,21,9,84,78,34,24,12,67,72,81,38,29,68,3,93,23,86,77,42,45,28,1,16,40,87,27,50,69,76,59,31,65,80,83,14,95,82,47,11,85,64,36,6,35,97,60,20,49,52,75,22,2,61,74,39,10,73,57,13,30,44,55,33,7,71,4,53,58,96,89,94,46,66,91,25,8,19,41,15,17,43,63,88,56,54
956,1.4999339967034757,0,39,81,53,44,22,27,38,32,14,92,49,33,46,43,56,93,42,10,21,48,61,82,1,83,54,26,75,52,91,40,5,88,78,50,24,98,36,18,90,47,31,70,41,29,71,73,96,6,77,9,67,86,99,16,51,87,15,11,63,35,95,76,25,62,3,45,20,69,12,57,64,17,28,4,7,55,80,79,23,66,2,85,58,19,72,34,59,74,97,13,30,94,8,60,84,68,89,65,37
957,1.5442709967810515,0,94,52,11,78,15,37,54,51,27,85,91,34,83,70,20,90,67,5,68,86,30,47,55,87,96,4,64,92,73,6,88,65,53,17,44,75,45,63,18,16,77,72,24,48,81,80,69,10,13,57,98,23,8,28,79,3,38,43,49,2,39,40,76,26,89,25,33,29,12,31,95,50,60,61,84,58,32,19,93,42,36,56,7,9,59,22,66,71,21,14,74,62,35,97,46,1,99,82,41
958,1.636446996984887,0,61,22,56,42,74,12,41,48,14,58,55,67,16,95,6,79,8,44,64,81,98,54,45,24,37,73,4,70,86,3,59,11,87,85,71,80,96,60,49,65,76,84,43,15,97,89,35,19,99,20,51,72,33,18,38,36,47,9,10,34,66,2,40,7,39,82,32,91,5,62,77,26,69,30,57,1,68,27,46,75,31,93,83,50,17,78,13,88,25,28,63,29,90,94,23,53,21,92,52
959,2.0752330009127036,0,3,80,52,97,22,89,86,88,11,21,78,43,15,92,47,1,38,9,95,36,94,57,34,68,10,12,76,56,53,98,7,37,72,58,84,69,85,5,50,20,49,87,13,39,23,99,26,91,18,79,48,77,59,2,44,63,25,55,75,19,8,46,16,32,96,14,74,54,67,42,4,62,65,30,64,90,70,40,60,27,33,71,81,83,24,45,31,29,93,41,66,73,82,35,28,51,6,61,17
960,1.6248259927874642,0,45,8,64,41,47,22,29,16,6,99,11,34,98,90,71,72,92,70,33,60,73,82,54,57,89,28,84,86,32,55,7,77,37,63,50,76,42,69,96,94,4,14,62,81,24,26,65,79,18,27,44,31,91,35,87,1,53,15,21,93,61,74,3,46,25,68,58,52,51,66,56,43,9,2,40,5,48,85,39,19,78,83,30,97,80,17,88,23,36,95,49,75,20,13,67,38,12,59,10
961,1.5076590034877881,0,18,52,13,43,55,53,94,73,42,93,32,81,11,38,98,31,96,84,49,68,21,80,56,89,30,44,86,1,61,36,28,26,3,78,27,90,72,20,8,45,15,2,35,51,66,12,29,9,47,67,25,77,74,57,4,14,85,23,91,6,7,5,75,48,92,33,65,54,41,22,60,99,50,59,95,69,64,10,79,62,63,70,37,16,17,24,19,71,46,83,40,97,39,88,76,58,87,34,82
962,1.5091759957831528,0,49,47,65,80,83,30,23,91,9,36,45,86,8,22,97,3,34,7,27,67,1,74,11,93,2,70,64,90,10,44,88,15,57,35,38,79,53,69,58,18,54,61,28,20,55,52,72,26,63,85,71,43,76,99,50,59,78,68,66,13,75,32,51,4,17,73,40,25,19,33,98,94,87,37,31,5,77,62,46,96,92,95,41,89,16,14,6,42,56,29,12,81,84,82,21,39,60,24,48
963,1.35030998273578,0,81,84,92,52,82,10,90,60,59,21,29,49,35,38,4,75,40,88,12,66,77,5,80,28,57,41,23,11,87,9,58,83,27,14,6,93,50,63,31,61,18,54,72,45,79,32,69,17,42,86,2,16,3,65,70,25,97,95,24,7,67,34,68,30,39,1,55,53,74,20,19,48,71,8,98,94,26,89,51,37,33,99,46,62,91,44,56,36,78,43,47,85,64,13,76,73,96,22,15
964,1.599300001951633,0,42,23,14,55,66,7,16,19,30,15,74,17,2,84,78,96,98,95,45,48,20,24,97,61,22,51,71,49,90,18,62,81,86,87,82,91,93,72,65,60,27,54,75,34,32,39,67,92,50,1,69,33,12,73,58,44,85,38,53,76,25,70,52,56,13,63,35,40,5,46,99,88,68,11,28,10,6,3,26,8,77,41,83,94,43,36,89,79,47,59,37,57,64,4,29,31,80,9,21
965,1.3330259974172805,0,35,54,9,69,93,64,44,73,22,57,81,12,34,45,70,40,87,51,23,83,62,10,15,8,76,84,26,6,66,20,30,16,90,39,74,56,82,55,85,65,48,1,36,91,42,37,38,18,96,47,25,5,41,61,72,92,77,94,3,32,95,88,97,86,67,21,63,71,29,13,79,4,89,2,75,50,43,11,80,19,24,58,52,53,14,68,99,7,27,60,98,49,28,33,17,78,46,59,31
966,1.4244279945851304,0,81,24,59,69,18,10,28,98,49,76,90,25,93,4,85,26,54,99,6,88,42,55,23,70,78,35,92,50,95,62,57,21,96,3,83,17,19,8,66,61,40,41,89,72,34,45,63,65,84,74,11,48,64,39,36,68,56,87,13,79,5,1,29,75,97,38,27,30,77,52,73,12,22,80,60,14,7,43,53,32,16,82,71,67,58,9,20,31,15,51,2,91,86,47,46,94,33,44,37
967,1.695235996732663,0,52,43,69,10,73,65,4,83,95,84,78,54,96,40,42,16,66,68,5,93,31,97,56,99,62,59,50,67,55,30,61,26,36,21,25,70,44,91,85,45,14,6,86,35,51,94,11,29,46,89,57,33,41,17,79,37,88,48,24,3,7,64,76,87,63,72,74,92,13,81,8,18,53,28,49,20,98,71,80,1,23,2,27,22,47,9,32,90,77,58,15,75,19,38,34,12,82,39,60
968,1.6271959975274513,0,53,46,78,87,1,47,32,73,62,42,3,18,28,61,26,97,51,64,68,23,86,92,83,29,72,41,39,52,69,79,50,16,12,36,70,5,82,40,24,48,44,77,35,54,34,63,8,37,98,9,67,31,95,21,7,6,90,66,30,55,25,89,45,84,76,33,22,85,4,65,56,57,99,13,58,75,19,17,81,38,91,10,88,80,59,2,20,93,11,74,60,14,94,96,49,27,43,71,15
969,1.5981579985818826,0,56,3,29,17,31,30,36,63,80,75,42,44,6,19,96,81,50,11,26,74,59,39,13,53,89,60,35,27,54,38,68,49,28,2,79,1,23,34,4,58,21,93,65,71,7,97,98,37,91,55,70,83,18,99,15,86,14,88,9,72,77,33,66,52,22,25,48,82,45,90,85,62,46,20,94,76,73,78,61,51,40,8,69,16,41,95,10,43,87,92,57,12,24,64,67,84,47,32,5
970,1.5310799927829066,0,26,6,25,30,63,39,59,19,97,45,2,62,77,10,36,28,12,57,86,89,96,82,35,27,32,42,3,37,18,72,41,38,15,52,69,9,49,13,53,73,44,95,76,94,74,47,50,85,78,56,33,81,91,21,84,88,92,23,29,80,70,58,5,24,75,61,93,46,40,4,7,43,67,48,55,99,87,16,83,8,54,65,34,79,20,68,17,31,51,66,1,90,14,71,11,22,60,64,98
971,1.3354450003234888,0,8,38,23,25,56,20,60,1,35,84,91,99,21,66,82,88,10,97,87,96,77,57,39,37,29,74,92,80,50,95,85,68,89,90,26,64,22,4,72,36,28,7,24,70,48,44,17,94,58,19,3,41,40,69,51,83,79,62,43,30,11,18,55,46,49,9,75,12,13,61,93,63,54,5,86,73,33,67,2,32,81,27,98,76,78,71,15,45,6,14,53,16,65,52,47,31,42,34,59
972,1.4000369924033294,0,51,39,61,16,86,13,15,41,33,1,62,8,97,92,76,47,68,52,55,81,90,59,58,56,66,99,28,29,35,75,85,57,17,20,63,96,42,91,44,14,95,21,24,87,70,69,37,6,45,9,48,26,19,73,79,71,83,80,30,49,50,3,5,84,72,93,7,54,38,27,82,23,78,31,12,67,10,74,77,2,94,60,64,53,98,46,40,88,43,4,89,22,18,25,65,36,11,32,34
973,1.4523829941172153,0,64,43,84,10,72,50,62,30,41,24,88,80,53,60,20,77,68,29,21,39,25,5,33,95,13,79,38,67,11,90,58,27,14,71,3,4,47,9,12,98,91,66,7,83,15,44,81,86,45,85,61,34,32,22,31,73,6,2,48,23,93,99,92,65,42,63,82,75,28,69,87,89,46,49,55,8,18,17,54,94,26,57,97,35,78,37,16,74,59,19,51,56,52,70,1,40,76,36,96
974,1.4309519981907215,0,43,48,36,34,18,98,77,23,57,96,20,39,58,69,8,41,53,55,66,78,63,97,81,68,76,47,61,7,38,54,3,32,40,46,79,14,4,29,44,9,73,25,75,74,62,52,24,11,27,31,94,86,91,64,37,30,99,51,93,56,49,45,85,67,71,59,28,65,33,10,1,60,84,95,6,87,2,80,22,70,35,82,16,5,90,21,26,15,42,83,92,12,89,72,13,88,50,17,19
975,1.3622369955119211,0,98,37,45,1,42,10,52,41,61,11,46,25,49,35,60,75,24,28,66,84,47,51,82,31,50,57,44,69,7,12,89,6,95,97,48,26,16,56,87,96,27,65,58,23,3,99,8,79,80,93,92,55,78,70,77,83,30,22,53,17,63,67,43,94,62,86,90,59,71,13,74,81,34,29,2,54,76,72,18,5,73,20,36,33,68,91,4,85,32,64,19,88,9,38,39,21,15,14,40
976,1.589860002948626,0,77,3,64,61,67,79,88,25,18,86,41,68,90,40,52,12,24,85,13,15,56,95,4,65,2,11,31,87,96,54,7,45,91,22,69,14,84,17,60,89,78,51,81,47,26,19,74,33,30,49,32,99,28,75,29,72,53,43,55,63,73,92,97,94,80,37,58,27,76,38,57,48,50,9,6,82,98,20,10,62,66,5,35,70,1,34,39,42,16,36,21,23,46,44,93,59,8,83,71
977,1.6191929895576322,0,19,71,56,76,13,74,45,95,98,50,67,9,23,78,26,51,33,94,68,39,77,2,99,87,34,63,40,54,84,8,91,15,41,81,3,32,1,96,10,48,61,53,72,5,28,80,37,14,38,17,82,69,60,79,75,55,59,16,66,73,35,12,4,30,86,92,42,47,62,31,20,65,97,43,22,85,29,83,88,18,90,36,21,46,27,24,7,6,44,58,64,89,70,25,93,11,49,57,52
978,1.515812000798178,0,28,61,83,21,67,13,62,18,43,2,97,1,50,46,48,10,22,56,89,77,81,11,71,31,3,93,25,12,82,87,4,17,30,85,69,14,75,99,79,59,29,78,86,51,26,32,49,44,16,57,96,19,24,66,37,23,91,60,15,36,42,74,80,41,9,65,8,98,54,63,27,6,34,76,73,47,94,92,58,39,20,53,5,72,90,55,95,7,68,33,64,40,52,70,88,45,84,35,38
979,1.308433003279788,0,5,38,64,52,91,30,81,8,76,24,11,6,92,23,88,89,39,33,75,4,60,56,51,46,83,40,54,62,87,98,93,27,16,18,94,10,57,41,22,21,3,43,74,85,77,99,44,34,79,67,31,53,9,20,12,32,47,90,65,96,58,73,61,63,7,72,45,70,55,69,19,84,17,42,28,1,71,36,82,35,66,68,2,80,97,50,48,59,26,25,15,49,14,37,29,86,13,78,95
980,1.43512500016368,0,72,82,41,10,18,59,19,80,32,74,28,43,30,55,65,34,4,48,75,3,56,14,36,89,47,39,92,68,45,69,12,2,93,50,70,35,60,46,96,13,84,87,81,9,22,66,5,24,21,79,27,42,64,71,31,76,16,86,57,58,44,94,53,25,23,33,7,77,99,63,83,49,90,40,37,11,78,8,6,15,29,52,54,67,62,91,95,97,1,73,26,98,51,17,61,38,85,88,20
981,1.570493996492587,0,75,87,55,70,57,17,50,28,38,94,30,80,78,43,91,89,84,52,96,90,79,1,22,27,16,29,76,64,33,7,3,86,72,31,93,2,4,83,6,5,8,88,41,44,54,56,63,65,73,49,36,21,82,15,62,59,46,32,98,10,51,61,19,74,95,26,67,18,24,58,66,9,23,68,97,48,53,39,37,69,81,60,71,14,47,45,12,11,13,20,92,25,35,77,34,40,99,85,42
982,1.4161400004522875,0,75,96,21,60,15,7,27,38,56,91,73,43,4,1,30,31,25,64,82,34,20,71,28,39,54,63,8,24,78,14,47,18,72,65,84,79,94,12,62,80,87,85,97,5,89,2,69,67,76,51,23,61,17,70,11,49,3,83,90,66,88,19,68,40,74,92,22,86,99,13,58,81,98,93,6,57,35,37,55,36,45,53,46,52,50,26,29,44,16,48,95,42,41,59,32,9,33,10,77
983,1.4556200018632808,0,73,62,77,3,76,60,42,95,5,89,41,68,84,72,8,26,80,99,82,31,30,53,27,71,11,40,67,51,12,50,19,34,32,10,59,29,48,45,88,14,83,9,35,23,85,70,54,38,46,93,87,96,61,81,92,56,39,49,16,69,13,37,94,22,63,78,44,18,98,43,21,47,74,79,91,17,97,52,55,33,36,64,25,2,66,4,57,7,20,65,24,6,28,86,1,75,90,15,58
984,1.3723190022719791,0,61,68,72,30,76,19,64,71,40,70,1,6,35,94,80,31,21,3,53,85,25,15,97,28,50,66,24,57,87,88,90,89,5,44,98,43,54,12,18,26,86,92,56,20,93,77,37,75,29,33,67,58,10,59,45,62,39,79,42,95,41,49,65,8,91,34,55,60,99,23,11,73,2,69,47,46,78,52,36,48,83,81,51,13,14,22,7,84,17,9,32,16,96,74,38,63,4,82,27
985,1.4411909887130605,0,12,16,15,97,72,60,34,66,84,10,78,68,1,46,88,30,9,4,94,87,65,38,24,69,96,61,47,80,67,86,29,31,33,56,54,64,53,32,55,75,13,42,57,41,3,81,59,44,2,58,17,6,52,77,74,49,73,7,22,82,48,45,92,85,28,71,99,5,11,98,37,14,40,89,25,83,51,21,70,36,95,39,62,90,23,20,50,35,93,43,79,18,19,8,76,27,91,63,26
986,1.4563619974360336,0,68,2,47,1,72,20,89,94,44,85,24,37,38,48,83,34,69,58,65,30,99,74,84,9,18,90,71,46,52,88,14,23,50,16,4,35,51,56,92,29,42,86,19,17,3,7,39,13,70,95,97,76,66,15,78,77,75,11,25,96,36,21,10,82,60,41,43,80,40,54,63,28,62,57,31,27,87,64,73,5,61,6,53,32,12,67,98,59,22,33,49,79,45,8,91,55,26,81,93
987,1.4968060012033675,0,21,88,71,31,36,82,91,1,42,20,72,67,34,98,15,66,50,60,97,25,11,33,32,55,80,27,77,43,49,58,13,64,8,3,93,68,70,65,28,4,63,22,95,48,29,17,39,26,6,84,46,18,45,7,81,62,83,41,54,57,40,51,78,86,14,12,96,37,19,61,52,94,99,35,85,73,56,90,53,75,79,59,24,89,23,16,2,44,69,92,30,87,10,74,38,9,47,5,76
988,1.4328540009446442,0,46,24,10,54,80,55,18,29,6,50,59,31,99,60,28,35,77,30,65,58,86,85,20,19,27,71,41,67,96,82,14,83,64,76,40,95,7,79,84,13,26,43,2,47,74,34,9,81,42,68,5,38,52,69,66,4,91,36,89,44,97,63,37,3,12,56,62,22,15,70,73,53,90,8,75,45,87,93,98,49,11,16,25,23,39,57,88,33,92,21,1,32,61,94,72,48,51,78,17
989,1.4865419934976671,0,54,62,12,57,96,42,97,33,10,4,73,89,44,91,25,94,70,55,66,30,92,15,16,19,80,26,46,64,82,99,76,24,17,75,28,11,2,83,35,72,9,34,85,21,68,61,53,3,79,87,14,37,41,43,5,52,38,86,36,7,22,95,93,77,58,74,1,56,45,84,8,51,71,31,13,23,88,90,6,40,39,49,98,29,59,27,48,69,47,67,60,32,65,81,50,18,20,78,63
990,1.5581129940401297,0,58,21,31,13,7,69,37,17,97,53,6,75,76,91,49,56,14,63,80,35,71,51,78,81,55,41,94,2,19,44,9,11,22,45,52,73,1,34,68,36,59,98,60,93,24,77,99,42,23,85,4,18,64,95,79,87,15,82,38,67,39,8,32,83,90,12,46,30,61,92,28,27,16,54,96,50,84,26,33,62,29,40,25,57,70,43,88,66,5,47,89,72,48,10,86,20,3,65,74
991,1.6322959984681802,0,40,34,3,31,72,98,42,2,94,65,33,97,38,49,75,89,78,19,10,61,76,12,51,54,45,44,35,9,5,37,13,90,79,83,48,86,50,64,26,59,58,18,88,73,15,29,93,28,87,14,66,6,71,56,4,43,53,95,36,62,60,24,77,92,81,20,7,39,69,16,32,80,27,70,41,23,47,99,46,74,1,85,57,63,52,30,68,11,55,82,67,21,8,96,25,22,91,84,17
992,1.6137799926800653,0,34,70,89,29,46,82,93,67,22,25,36,81,35,87,10,23,61,18,28,30,48,85,68,71,14,1,64,15,43,75,5,39,78,4,77,57,95,51,83,72,49,86,92,58,8,32,47,59,96,19,20,50,99,69,97,24,2,3,91,38,94,84,90,37,12,62,52,42,79,41,80,40,13,60,98,63,45,53,65,55,27,26,73,6,7,16,74,76,44,33,21,88,56,17,9,11,66,31,54
993,1.8545940004696604,0,15,69,25,92,13,14,66,23,35,97,43,87,10,81,20,60,57,11,51,45,56,7,79,90,50,9,34,1,5,46,72,27,77,44,33,74,78,31,19,58,68,93,18,26,91,76,4,52,41,6,89,47,28,49,84,12,62,38,29,39,30,82,85,73,63,99,53,22,65,88,37,24,42,3,2,36,64,17,59,86,80,40,83,61,75,48,55,96,95,98,67,54,71,21,8,94,32,70,16
994,1.5950050071405713,0,57,55,38,67,76,79,36,81,83,41,20,37,29,91,92,59,72,9,50,64,69,22,5,27,61,97,18,26,47,73,19,82,63,74,25,49,99,70,75,1,35,23,95,17,85,34,71,4,84,24,11,33,94,96,88,98,52,87,54,43,65,42,80,77,32,14,30,48,16,58,7,89,10,62,13,66,45,21,93,56,60,8,40,31,78,46,15,39,2,86,12,53,28,90,68,6,44,3,51
995,1.734430994358263,0,7,76,17,81,99,51,20,78,77,13,64,95,93,11,52,38,91,1,5,22,73,86,82,34,31,83,40,35,69,33,36,85,54,6,72,49,59,19,8,9,39,46,28,53,94,65,70,14,60,71,12,92,15,84,4,41,47,67,23,62,68,66,24,57,48,79,18,74,29,98,88,90,55,89,50,32,87,30,26,44,97,80,37,3,56,27,25,42,45,10,16,75,63,96,21,43,2,58,61
996,1.642561988439411,0,79,83,6,41,62,88,42,16,26,11,12,48,70,74,8,2,80,19,47,86,31,21,60,92,18,10,90,30,1,34,61,43,51,40,63,25,3,35,5,77,98,39,29,56,17,13,32,59,9,49,68,24,54,64,97,28,87,93,33,52,81,94,36,66,23,4,78,99,53,37,44,65,58,67,55,82,7,50,14,27,73,72,75,76,38,22,89,15,69,20,45,57,95,85,71,96,46,91,84
997,1.6321589900762774,0,43,19,7,89,53,62,47,14,11,3,9,48,59,87,57,23,4,6,94,60,76,10,51,77,74,40,83,56,21,71,31,82,84,36,66,30,37,61,69,26,24,46,44,25,86,63,20,95,1,88,80,68,98,39,32,17,42,8,96,5,28,91,97,33,70,85,73,50,29,35,27,52,12,16,13,81,54,49,90,22,79,55,92,99,45,15,93,2,38,18,34,58,64,78,72,65,75,67,41
998,1.6118400009727338,0,62,41,23,60,58,98,24,65,38,93,16,52,15,84,49,85,2,64,79,61,29,35,69,76,1,96,36,95,99,12,75,66,43,91,30,45,57,34,3,82,59,90,33,9,70,56,13,14,6,21,20,40,78,27,8,63,19,22,17,71,81,72,47,32,28,31,5,37,50,55,39,18,73,53,80,94,77,44,74,26,67,48,25,86,42,88,4,83,11,46,92,51,7,10,97,87,68,54,89
999,1.9101499987009447,0,61,78,77,44,93,64,7,52,10,9,48,53,28,13,86,56,45,2,75,72,21,70,60,26,39,37,49,36,3,54,17,4,91,6,66,33,8,98,12,99,5,90,62,41,76,24,22,71,20,15,51,67,94,73,79,18,23,47,58,87,34,1,29,57,63,11,81,89,32,95,97,40,80,65,96,55,38,35,85,14,68,16,27,46,30,88,50,31,92,82,83,19,59,69,43,42,25,84,74
